{
  "name": "ramp001to0015",
  "start_checkpoint": "/home/user/hoshino/ProbReachPIRL/ProbReachPIRL/scheduling_experiment/randT_replayHJB_5Mto10M/round_001/const001_6m/train/0626_1255_const001_6m_seed_1/ckpt-7000000",
  "start_itr": 7000000,
  "checkpoint": "/home/user/hoshino/ProbReachPIRL/ProbReachPIRL/scheduling_experiment/randT_replayHJB_5Mto10M/round_002/ramp001to0015/train/0627_0304_ramp001to0015_seed_1/ckpt-8000000",
  "target_updates": 8000000,
  "candidate": {
    "name": "ramp001to0015",
    "start_checkpoint": "/home/user/hoshino/ProbReachPIRL/ProbReachPIRL/scheduling_experiment/randT_replayHJB_5Mto10M/round_001/const001_6m/train/0626_1255_const001_6m_seed_1/ckpt-7000000",
    "schedule_initial": [
      1.0,
      0.01,
      0.01
    ],
    "schedule_final": [
      1.0,
      0.015,
      0.015
    ],
    "schedule_center": 500000,
    "schedule_sharpness": 1e-05
  },
  "mc_metrics": {
    "beta_r": {
      "mean_abs_mc_v": 0.0724,
      "max_abs_mc_v": 0.9295,
      "mean_mc": 0.2092,
      "mean_v": 0.139
    },
    "ey_epsi": {
      "mean_abs_mc_v": 0.1233,
      "max_abs_mc_v": 0.8736,
      "mean_mc": 0.5645,
      "mean_v": 0.4475
    }
  },
  "tensorboard_last": {
    "RL/Average Reward": 0.12999999523162842,
    "Loss/RL": 0.0015980741009116173,
    "Loss/HJB": 0.04488424211740494,
    "Loss/HJB_replay": 0.050284817814826965,
    "Loss/BDR": 0.016724741086363792,
    "Weights/RL": 1.0,
    "Weights/HJB": 0.014999999664723873,
    "Weights/BDR": 0.014999999664723873
  }
}
