{
  "name": "hold0015_R5",
  "start_checkpoint": "scheduling_experiment/fixed2randT_replayHJB_7Mto10M_restart2/round_003/hold0015_R4/train/0701_1619_hold0015_R4_seed_1/ckpt-11000000",
  "start_itr": 11000000,
  "checkpoint": "/home/ubuntu-root/hoshino/ProbReachPIRL/ProbReachPIRL/scheduling_experiment/fixed2randT_replayHJB_7Mto10M_restart2/round_004/hold0015_R5/train/0702_0225_hold0015_R5_seed_1/ckpt-12000000",
  "target_updates": 12000000,
  "candidate": {
    "name": "hold0015_R5",
    "start_checkpoint": "scheduling_experiment/fixed2randT_replayHJB_7Mto10M_restart2/round_003/hold0015_R4/train/0701_1619_hold0015_R4_seed_1/ckpt-11000000",
    "schedule_initial": [
      1.0,
      0.0015,
      0.0015
    ],
    "schedule_final": [
      1.0,
      0.0015,
      0.0015
    ],
    "schedule_center": 500000,
    "schedule_sharpness": 1e-05
  },
  "mc_metrics": {
    "beta_r": {
      "mean_abs_mc_v": 0.1165,
      "max_abs_mc_v": 0.9943,
      "mean_mc": 0.4199,
      "mean_v": 0.3047
    },
    "ey_epsi": {
      "mean_abs_mc_v": 0.0956,
      "max_abs_mc_v": 0.8342,
      "mean_mc": 0.5868,
      "mean_v": 0.4981
    }
  },
  "tensorboard_last": {
    "RL/Average Reward": 0.1899999976158142,
    "Loss/RL": 0.001856015413068235,
    "Loss/HJB": 0.6623846292495728,
    "Loss/HJB_replay": 0.4946325421333313,
    "Loss/BDR": 0.08962518721818924,
    "Weights/RL": 1.0,
    "Weights/HJB": 0.001500000013038516,
    "Weights/BDR": 0.001500000013038516
  }
}
