{
  "name": "hold0001",
  "start_checkpoint": "scheduling_experiment/fixed2randT_replayHJB_5Mto10M_restart/round_000/ramp0to0001/train/0626_1710_ramp0to0001_seed_1/ckpt-6000000",
  "start_itr": 6000000,
  "checkpoint": "/home/ubuntu-root/hoshino/ProbReachPIRL/ProbReachPIRL/scheduling_experiment/fixed2randT_replayHJB_5Mto10M_restart/round_001/hold0001/train/0627_0211_hold0001_seed_1/ckpt-7000000",
  "target_updates": 7000000,
  "candidate": {
    "name": "hold0001",
    "start_checkpoint": "scheduling_experiment/fixed2randT_replayHJB_5Mto10M_restart/round_000/ramp0to0001/train/0626_1710_ramp0to0001_seed_1/ckpt-6000000",
    "schedule_initial": [
      1.0,
      0.001,
      0.001
    ],
    "schedule_final": [
      1.0,
      0.001,
      0.001
    ],
    "schedule_center": 500000,
    "schedule_sharpness": 1e-05
  },
  "mc_metrics": {
    "beta_r": {
      "mean_abs_mc_v": 0.1148,
      "max_abs_mc_v": 0.9947,
      "mean_mc": 0.413,
      "mean_v": 0.2986
    },
    "ey_epsi": {
      "mean_abs_mc_v": 0.102,
      "max_abs_mc_v": 0.7782,
      "mean_mc": 0.5886,
      "mean_v": 0.4925
    }
  },
  "tensorboard_last": {
    "RL/Average Reward": 0.1899999976158142,
    "Loss/RL": 0.002954805037006736,
    "Loss/HJB": 0.7230154275894165,
    "Loss/HJB_replay": 0.375631183385849,
    "Loss/BDR": 0.14958958327770233,
    "Weights/RL": 1.0,
    "Weights/HJB": 0.0010000000474974513,
    "Weights/BDR": 0.0010000000474974513
  }
}
