{
  "name": "hold0001_R2",
  "start_checkpoint": "scheduling_experiment/fixed2randT_replayHJB_7Mto10M_restart2/round_000/hold0001_R1/train/0630_0945_hold0001_R1_seed_1/ckpt-8000000",
  "start_itr": 8000000,
  "checkpoint": "/home/ubuntu-root/hoshino/ProbReachPIRL/ProbReachPIRL/scheduling_experiment/fixed2randT_replayHJB_7Mto10M_restart2/round_001/hold0001_R2/train/0630_1958_hold0001_R2_seed_1/ckpt-9000000",
  "target_updates": 9000000,
  "candidate": {
    "name": "hold0001_R2",
    "start_checkpoint": "scheduling_experiment/fixed2randT_replayHJB_7Mto10M_restart2/round_000/hold0001_R1/train/0630_0945_hold0001_R1_seed_1/ckpt-8000000",
    "schedule_initial": [
      1.0,
      0.001,
      0.001
    ],
    "schedule_final": [
      1.0,
      0.001,
      0.001
    ],
    "schedule_center": 500000,
    "schedule_sharpness": 1e-05
  },
  "mc_metrics": {
    "beta_r": {
      "mean_abs_mc_v": 0.1211,
      "max_abs_mc_v": 0.9972,
      "mean_mc": 0.4166,
      "mean_v": 0.2957
    },
    "ey_epsi": {
      "mean_abs_mc_v": 0.1075,
      "max_abs_mc_v": 0.9158,
      "mean_mc": 0.5938,
      "mean_v": 0.4912
    }
  },
  "tensorboard_last": {
    "RL/Average Reward": 0.14000000059604645,
    "Loss/RL": 0.004115285351872444,
    "Loss/HJB": 0.7809175848960876,
    "Loss/HJB_replay": 0.2331491857767105,
    "Loss/BDR": 0.08582495898008347,
    "Weights/RL": 1.0,
    "Weights/HJB": 0.0010000000474974513,
    "Weights/BDR": 0.0010000000474974513
  }
}
