{
  "name": "slow0035to00375",
  "start_checkpoint": "/home/ubuntu/ProbReachPIRL/ProbReachPIRL/scheduling_experiment/fixed2randT_uniformHJB_5Mto10M/round_006/slow00325to0035/train/0629_2018_slow00325to0035_seed_1/ckpt-10000000",
  "start_itr": 10000000,
  "checkpoint": "/home/ubuntu/ProbReachPIRL/ProbReachPIRL/scheduling_experiment/fixed2randT_uniformHJB_5Mto10M/round_007/slow0035to00375/train/0630_1304_slow0035to00375_seed_1/ckpt-11000000",
  "target_updates": 11000000,
  "candidate": {
    "name": "slow0035to00375",
    "start_checkpoint": "/home/ubuntu/ProbReachPIRL/ProbReachPIRL/scheduling_experiment/fixed2randT_uniformHJB_5Mto10M/round_006/slow00325to0035/train/0629_2018_slow00325to0035_seed_1/ckpt-10000000",
    "schedule_initial": [
      1.0,
      0.035,
      0.035
    ],
    "schedule_final": [
      1.0,
      0.0375,
      0.0375
    ],
    "schedule_center": 500000,
    "schedule_sharpness": 1e-05
  },
  "mc_metrics": {
    "beta_r": {
      "mean_abs_mc_v": 0.1668,
      "max_abs_mc_v": 0.9971,
      "mean_mc": 0.4006,
      "mean_v": 0.2345
    },
    "ey_epsi": {
      "mean_abs_mc_v": 0.1505,
      "max_abs_mc_v": 0.8854,
      "mean_mc": 0.5755,
      "mean_v": 0.429
    }
  },
  "tensorboard_last": {
    "RL/Average Reward": 0.1599999964237213,
    "Loss/RL": 0.006284377072006464,
    "Loss/HJB": 0.02854509837925434,
    "Loss/HJB_replay": null,
    "Loss/BDR": 0.02310757339000702,
    "Weights/RL": 1.0,
    "Weights/HJB": 0.03750000149011612,
    "Weights/BDR": 0.03750000149011612
  }
}
