{
  "name": "ramp0to005",
  "start_checkpoint": "logs/drift/td3_T01/up05M_scale10_mix334/ckpt-5000000",
  "start_itr": 5000000,
  "checkpoint": "/home/ubuntu-root/hoshino/ProbReachPIRL/ProbReachPIRL/scheduling_experiment/fixed2randT_replayHJB_5Mto10M/round_000/ramp0to005/train/0625_1823_ramp0to005_seed_1/ckpt-6000000",
  "target_updates": 6000000,
  "candidate": {
    "name": "ramp0to005",
    "start_checkpoint": "logs/drift/td3_T01/up05M_scale10_mix334/ckpt-5000000",
    "schedule_initial": [
      1.0,
      0.0,
      0.0
    ],
    "schedule_final": [
      1.0,
      0.05,
      0.05
    ],
    "schedule_center": 500000,
    "schedule_sharpness": 1e-05
  },
  "mc_metrics": {
    "beta_r": {
      "mean_abs_mc_v": 0.0096,
      "max_abs_mc_v": 0.8952,
      "mean_mc": 0.025,
      "mean_v": 0.0272
    },
    "ey_epsi": {
      "mean_abs_mc_v": 0.0018,
      "max_abs_mc_v": 0.269,
      "mean_mc": 0.0125,
      "mean_v": 0.0141
    }
  },
  "tensorboard_last": {
    "RL/Average Reward": 0.009999999776482582,
    "Loss/RL": 3.68324872397352e-05,
    "Loss/HJB": 0.025439070537686348,
    "Loss/HJB_replay": 0.013802316971123219,
    "Loss/BDR": 0.006000156048685312,
    "Weights/RL": 1.0,
    "Weights/HJB": 0.05000000074505806,
    "Weights/BDR": 0.05000000074505806
  }
}
