{
  "name": "cont001to002",
  "start_checkpoint": "scheduling_experiment/fixed2randT_replayHJB_5Mto10M/round_000/ramp0to001/train/0625_1823_ramp0to001_seed_1/ckpt-6000000",
  "start_itr": 6000000,
  "checkpoint": "/home/ubuntu-root/hoshino/ProbReachPIRL/ProbReachPIRL/scheduling_experiment/fixed2randT_replayHJB_5Mto10M/round_001/cont001to002/train/0626_0419_cont001to002_seed_1/ckpt-7000000",
  "target_updates": 7000000,
  "candidate": {
    "name": "cont001to002",
    "start_checkpoint": "scheduling_experiment/fixed2randT_replayHJB_5Mto10M/round_000/ramp0to001/train/0625_1823_ramp0to001_seed_1/ckpt-6000000",
    "schedule_initial": [
      1.0,
      0.01,
      0.01
    ],
    "schedule_final": [
      1.0,
      0.02,
      0.02
    ],
    "schedule_center": 500000,
    "schedule_sharpness": 1e-05
  },
  "mc_metrics": {
    "beta_r": {
      "mean_abs_mc_v": 0.0084,
      "max_abs_mc_v": 0.8669,
      "mean_mc": 0.0244,
      "mean_v": 0.0221
    },
    "ey_epsi": {
      "mean_abs_mc_v": 0.0022,
      "max_abs_mc_v": 0.6793,
      "mean_mc": 0.0133,
      "mean_v": 0.0137
    }
  },
  "tensorboard_last": {
    "RL/Average Reward": 0.0,
    "Loss/RL": 0.002909432863816619,
    "Loss/HJB": 0.16273589432239532,
    "Loss/HJB_replay": 0.008446247316896915,
    "Loss/BDR": 0.014018749818205833,
    "Weights/RL": 1.0,
    "Weights/HJB": 0.019999999552965164,
    "Weights/BDR": 0.019999999552965164
  }
}
