{
  "name": "ramp001625_R4",
  "start_checkpoint": "scheduling_experiment/fixed2randT_replayHJB_7Mto10M_restart2/round_002/hold0015_R3/train/0701_0606_hold0015_R3_seed_1/ckpt-10000000",
  "start_itr": 10000000,
  "checkpoint": "/home/ubuntu-root/hoshino/ProbReachPIRL/ProbReachPIRL/scheduling_experiment/fixed2randT_replayHJB_7Mto10M_restart2/round_003/ramp001625_R4/train/0701_1619_ramp001625_R4_seed_1/ckpt-11000000",
  "target_updates": 11000000,
  "candidate": {
    "name": "ramp001625_R4",
    "start_checkpoint": "scheduling_experiment/fixed2randT_replayHJB_7Mto10M_restart2/round_002/hold0015_R3/train/0701_0606_hold0015_R3_seed_1/ckpt-10000000",
    "schedule_initial": [
      1.0,
      0.0015,
      0.0015
    ],
    "schedule_final": [
      1.0,
      0.001625,
      0.001625
    ],
    "schedule_center": 500000,
    "schedule_sharpness": 1e-05
  },
  "mc_metrics": {
    "beta_r": {
      "mean_abs_mc_v": 0.1217,
      "max_abs_mc_v": 0.9987,
      "mean_mc": 0.4229,
      "mean_v": 0.302
    },
    "ey_epsi": {
      "mean_abs_mc_v": 0.0983,
      "max_abs_mc_v": 0.813,
      "mean_mc": 0.5888,
      "mean_v": 0.5003
    }
  },
  "tensorboard_last": {
    "RL/Average Reward": 0.14000000059604645,
    "Loss/RL": 0.005919750779867172,
    "Loss/HJB": 0.5104967951774597,
    "Loss/HJB_replay": 0.23884046077728271,
    "Loss/BDR": 0.07200893014669418,
    "Weights/RL": 1.0,
    "Weights/HJB": 0.0016250000335276127,
    "Weights/BDR": 0.0016250000335276127
  }
}
