{
  "name": "const0015_8m",
  "start_checkpoint": "/home/user/hoshino/ProbReachPIRL/ProbReachPIRL/scheduling_experiment/randT_replayHJB_5Mto10M/round_002/ramp001to0015/train/0627_0304_ramp001to0015_seed_1/ckpt-8000000",
  "start_itr": 8000000,
  "checkpoint": "/home/user/hoshino/ProbReachPIRL/ProbReachPIRL/scheduling_experiment/randT_replayHJB_5Mto10M/round_003/const0015_8m/train/0627_1730_const0015_8m_seed_1/ckpt-9000000",
  "target_updates": 9000000,
  "candidate": {
    "name": "const0015_8m",
    "start_checkpoint": "/home/user/hoshino/ProbReachPIRL/ProbReachPIRL/scheduling_experiment/randT_replayHJB_5Mto10M/round_002/ramp001to0015/train/0627_0304_ramp001to0015_seed_1/ckpt-8000000",
    "schedule_initial": [
      1.0,
      0.015,
      0.015
    ],
    "schedule_final": [
      1.0,
      0.015,
      0.015
    ],
    "schedule_center": 500000,
    "schedule_sharpness": 1e-05
  },
  "mc_metrics": {
    "beta_r": {
      "mean_abs_mc_v": 0.0977,
      "max_abs_mc_v": 0.9867,
      "mean_mc": 0.241,
      "mean_v": 0.1439
    },
    "ey_epsi": {
      "mean_abs_mc_v": 0.1213,
      "max_abs_mc_v": 0.8536,
      "mean_mc": 0.5726,
      "mean_v": 0.4574
    }
  },
  "tensorboard_last": {
    "RL/Average Reward": 0.12999999523162842,
    "Loss/RL": 0.011332636699080467,
    "Loss/HJB": 0.13037918508052826,
    "Loss/HJB_replay": 0.06169600412249565,
    "Loss/BDR": 0.00946738664060831,
    "Weights/RL": 1.0,
    "Weights/HJB": 0.014999999664723873,
    "Weights/BDR": 0.014999999664723873
  }
}
