{
  "name": "cont0001to0002",
  "start_checkpoint": "scheduling_experiment/fixed2randT_replayHJB_5Mto10M_restart/round_000/ramp0to0001/train/0626_1710_ramp0to0001_seed_1/ckpt-6000000",
  "start_itr": 6000000,
  "checkpoint": "/home/ubuntu-root/hoshino/ProbReachPIRL/ProbReachPIRL/scheduling_experiment/fixed2randT_replayHJB_5Mto10M_restart/round_001/cont0001to0002/train/0627_0211_cont0001to0002_seed_1/ckpt-7000000",
  "target_updates": 7000000,
  "candidate": {
    "name": "cont0001to0002",
    "start_checkpoint": "scheduling_experiment/fixed2randT_replayHJB_5Mto10M_restart/round_000/ramp0to0001/train/0626_1710_ramp0to0001_seed_1/ckpt-6000000",
    "schedule_initial": [
      1.0,
      0.001,
      0.001
    ],
    "schedule_final": [
      1.0,
      0.002,
      0.002
    ],
    "schedule_center": 500000,
    "schedule_sharpness": 1e-05
  },
  "mc_metrics": {
    "beta_r": {
      "mean_abs_mc_v": 0.1244,
      "max_abs_mc_v": 0.9956,
      "mean_mc": 0.4142,
      "mean_v": 0.2902
    },
    "ey_epsi": {
      "mean_abs_mc_v": 0.1008,
      "max_abs_mc_v": 0.8494,
      "mean_mc": 0.5812,
      "mean_v": 0.4851
    }
  },
  "tensorboard_last": {
    "RL/Average Reward": 0.1899999976158142,
    "Loss/RL": 0.01339755766093731,
    "Loss/HJB": 0.7431148290634155,
    "Loss/HJB_replay": 0.3475741744041443,
    "Loss/BDR": 0.13531306385993958,
    "Weights/RL": 1.0,
    "Weights/HJB": 0.0020000000949949026,
    "Weights/BDR": 0.0020000000949949026
  }
}
