{
  "name": "restart0001",
  "start_checkpoint": "logs/drift/td3_T01/up05M_scale10_mix334/ckpt-5000000",
  "start_itr": 5000000,
  "checkpoint": "/home/ubuntu-root/hoshino/ProbReachPIRL/ProbReachPIRL/scheduling_experiment/fixed2randT_replayHJB_5Mto10M_restart/round_004/restart0001/train/0628_0825_restart0001_seed_1/ckpt-6000000",
  "target_updates": 6000000,
  "candidate": {
    "name": "restart0001",
    "start_checkpoint": "logs/drift/td3_T01/up05M_scale10_mix334/ckpt-5000000",
    "schedule_initial": [
      1.0,
      0.0,
      0.0
    ],
    "schedule_final": [
      1.0,
      0.0001,
      0.0001
    ],
    "schedule_center": 500000,
    "schedule_sharpness": 1e-05
  },
  "mc_metrics": {
    "beta_r": {
      "mean_abs_mc_v": 0.1319,
      "max_abs_mc_v": 0.9987,
      "mean_mc": 0.4078,
      "mean_v": 0.2766
    },
    "ey_epsi": {
      "mean_abs_mc_v": 0.131,
      "max_abs_mc_v": 0.91,
      "mean_mc": 0.5968,
      "mean_v": 0.4689
    }
  },
  "tensorboard_last": {
    "RL/Average Reward": 0.1899999976158142,
    "Loss/RL": 0.008717821910977364,
    "Loss/HJB": 1.0885438919067383,
    "Loss/HJB_replay": 1.2710700035095215,
    "Loss/BDR": 0.28489190340042114,
    "Weights/RL": 1.0,
    "Weights/HJB": 9.999999747378752e-05,
    "Weights/BDR": 9.999999747378752e-05
  }
}
