{
  "name": "slow00325to0035",
  "start_checkpoint": "/home/ubuntu/ProbReachPIRL/ProbReachPIRL/scheduling_experiment/fixed2randT_uniformHJB_5Mto10M/round_005/slow003to00325/train/0629_0341_slow003to00325_seed_1/ckpt-9000000",
  "start_itr": 9000000,
  "checkpoint": "/home/ubuntu/ProbReachPIRL/ProbReachPIRL/scheduling_experiment/fixed2randT_uniformHJB_5Mto10M/round_006/slow00325to0035/train/0629_2018_slow00325to0035_seed_1/ckpt-10000000",
  "target_updates": 10000000,
  "candidate": {
    "name": "slow00325to0035",
    "start_checkpoint": "/home/ubuntu/ProbReachPIRL/ProbReachPIRL/scheduling_experiment/fixed2randT_uniformHJB_5Mto10M/round_005/slow003to00325/train/0629_0341_slow003to00325_seed_1/ckpt-9000000",
    "schedule_initial": [
      1.0,
      0.0325,
      0.0325
    ],
    "schedule_final": [
      1.0,
      0.035,
      0.035
    ],
    "schedule_center": 500000,
    "schedule_sharpness": 1e-05
  },
  "mc_metrics": {
    "beta_r": {
      "mean_abs_mc_v": 0.159,
      "max_abs_mc_v": 0.997,
      "mean_mc": 0.3935,
      "mean_v": 0.2366
    },
    "ey_epsi": {
      "mean_abs_mc_v": 0.1423,
      "max_abs_mc_v": 0.843,
      "mean_mc": 0.5713,
      "mean_v": 0.4338
    }
  },
  "tensorboard_last": {
    "RL/Average Reward": 0.1899999976158142,
    "Loss/RL": 0.006710917688906193,
    "Loss/HJB": 0.007124361582100391,
    "Loss/HJB_replay": null,
    "Loss/BDR": 0.02096167579293251,
    "Weights/RL": 1.0,
    "Weights/HJB": 0.03500000014901161,
    "Weights/BDR": 0.03500000014901161
  }
}
