{
  "name": "const0015_11m",
  "start_checkpoint": "/home/user/hoshino/ProbReachPIRL/ProbReachPIRL/scheduling_experiment/randT_replayHJB_5Mto10M/round_006/ramp00125to0015_10m/train/0629_0635_ramp00125to0015_10m_seed_1/ckpt-11000000",
  "start_itr": 11000000,
  "checkpoint": "/home/user/hoshino/ProbReachPIRL/ProbReachPIRL/scheduling_experiment/randT_replayHJB_5Mto10M/round_007/const0015_11m/train/0629_1904_const0015_11m_seed_1/ckpt-12000000",
  "target_updates": 12000000,
  "candidate": {
    "name": "const0015_11m",
    "start_checkpoint": "/home/user/hoshino/ProbReachPIRL/ProbReachPIRL/scheduling_experiment/randT_replayHJB_5Mto10M/round_006/ramp00125to0015_10m/train/0629_0635_ramp00125to0015_10m_seed_1/ckpt-11000000",
    "schedule_initial": [
      1.0,
      0.015,
      0.015
    ],
    "schedule_final": [
      1.0,
      0.015,
      0.015
    ],
    "schedule_center": 500000,
    "schedule_sharpness": 1e-05
  },
  "mc_metrics": {
    "beta_r": {
      "mean_abs_mc_v": 0.0799,
      "max_abs_mc_v": 0.9618,
      "mean_mc": 0.238,
      "mean_v": 0.1599
    },
    "ey_epsi": {
      "mean_abs_mc_v": 0.1009,
      "max_abs_mc_v": 0.8418,
      "mean_mc": 0.5691,
      "mean_v": 0.475
    }
  },
  "tensorboard_last": {
    "RL/Average Reward": 0.10000000149011612,
    "Loss/RL": 0.0033645606599748135,
    "Loss/HJB": 0.21693211793899536,
    "Loss/HJB_replay": 0.083645761013031,
    "Loss/BDR": 0.038848310708999634,
    "Weights/RL": 1.0,
    "Weights/HJB": 0.014999999664723873,
    "Weights/BDR": 0.014999999664723873
  }
}
