curve,tag,updates_million,value
PIRL lineage to mixedHJB 15M,Loss/HJB,0.0100000,1.02414224
PIRL lineage to mixedHJB 15M,Loss/HJB,0.0300000,1.47334902
PIRL lineage to mixedHJB 15M,Loss/HJB,0.0500000,2.68136575
PIRL lineage to mixedHJB 15M,Loss/HJB,0.0700000,3.40395529
PIRL lineage to mixedHJB 15M,Loss/HJB,0.0900000,3.31204283
PIRL lineage to mixedHJB 15M,Loss/HJB,0.1100000,3.85142965
PIRL lineage to mixedHJB 15M,Loss/HJB,0.1300000,3.81632814
PIRL lineage to mixedHJB 15M,Loss/HJB,0.1500000,2.65471466
PIRL lineage to mixedHJB 15M,Loss/HJB,0.1700000,2.54274061
PIRL lineage to mixedHJB 15M,Loss/HJB,0.1900000,2.50348544
PIRL lineage to mixedHJB 15M,Loss/HJB,0.2100000,2.07455976
PIRL lineage to mixedHJB 15M,Loss/HJB,0.2300000,1.80498521
PIRL lineage to mixedHJB 15M,Loss/HJB,0.2500000,1.79596694
PIRL lineage to mixedHJB 15M,Loss/HJB,0.2700000,1.1232666
PIRL lineage to mixedHJB 15M,Loss/HJB,0.2900000,1.01893909
PIRL lineage to mixedHJB 15M,Loss/HJB,0.3100000,1.21186376
PIRL lineage to mixedHJB 15M,Loss/HJB,0.3300000,1.00242984
PIRL lineage to mixedHJB 15M,Loss/HJB,0.3500000,0.974485922
PIRL lineage to mixedHJB 15M,Loss/HJB,0.3700000,1.63069985
PIRL lineage to mixedHJB 15M,Loss/HJB,0.3900000,1.85538509
PIRL lineage to mixedHJB 15M,Loss/HJB,0.4100000,3.07242429
PIRL lineage to mixedHJB 15M,Loss/HJB,0.4300000,5.22766671
PIRL lineage to mixedHJB 15M,Loss/HJB,0.4500000,6.22574725
PIRL lineage to mixedHJB 15M,Loss/HJB,0.4700000,6.03892865
PIRL lineage to mixedHJB 15M,Loss/HJB,0.4900000,6.35694623
PIRL lineage to mixedHJB 15M,Loss/HJB,0.5100000,5.75894799
PIRL lineage to mixedHJB 15M,Loss/HJB,0.5300000,4.30668883
PIRL lineage to mixedHJB 15M,Loss/HJB,0.5500000,3.93739886
PIRL lineage to mixedHJB 15M,Loss/HJB,0.5700000,4.67897501
PIRL lineage to mixedHJB 15M,Loss/HJB,0.5900000,5.10400801
PIRL lineage to mixedHJB 15M,Loss/HJB,0.6100000,4.79450364
PIRL lineage to mixedHJB 15M,Loss/HJB,0.6300000,4.79323983
PIRL lineage to mixedHJB 15M,Loss/HJB,0.6500000,4.66309905
PIRL lineage to mixedHJB 15M,Loss/HJB,0.6700000,3.85281358
PIRL lineage to mixedHJB 15M,Loss/HJB,0.6900000,3.41328793
PIRL lineage to mixedHJB 15M,Loss/HJB,0.7100000,3.10633612
PIRL lineage to mixedHJB 15M,Loss/HJB,0.7300000,2.48184102
PIRL lineage to mixedHJB 15M,Loss/HJB,0.7500000,2.19152296
PIRL lineage to mixedHJB 15M,Loss/HJB,0.7700000,1.95798824
PIRL lineage to mixedHJB 15M,Loss/HJB,0.7900000,1.55732684
PIRL lineage to mixedHJB 15M,Loss/HJB,0.8100000,1.80060487
PIRL lineage to mixedHJB 15M,Loss/HJB,0.8300000,1.85848258
PIRL lineage to mixedHJB 15M,Loss/HJB,0.8500000,1.83278272
PIRL lineage to mixedHJB 15M,Loss/HJB,0.8700000,1.74452636
PIRL lineage to mixedHJB 15M,Loss/HJB,0.8900000,1.77222891
PIRL lineage to mixedHJB 15M,Loss/HJB,0.9100000,1.29613463
PIRL lineage to mixedHJB 15M,Loss/HJB,0.9300000,1.42643791
PIRL lineage to mixedHJB 15M,Loss/HJB,0.9500000,1.33609799
PIRL lineage to mixedHJB 15M,Loss/HJB,0.9700000,1.30496554
PIRL lineage to mixedHJB 15M,Loss/HJB,0.9900000,1.1481938
PIRL lineage to mixedHJB 15M,Loss/HJB,1.0100000,1.0684026
PIRL lineage to mixedHJB 15M,Loss/HJB,1.0300000,0.861572552
PIRL lineage to mixedHJB 15M,Loss/HJB,1.0500000,0.789536977
PIRL lineage to mixedHJB 15M,Loss/HJB,1.0700000,0.719016737
PIRL lineage to mixedHJB 15M,Loss/HJB,1.0900000,0.69634034
PIRL lineage to mixedHJB 15M,Loss/HJB,1.1100000,0.859678882
PIRL lineage to mixedHJB 15M,Loss/HJB,1.1300000,0.894181126
PIRL lineage to mixedHJB 15M,Loss/HJB,1.1500000,0.846612853
PIRL lineage to mixedHJB 15M,Loss/HJB,1.1700000,0.903916276
PIRL lineage to mixedHJB 15M,Loss/HJB,1.1900000,0.877404273
PIRL lineage to mixedHJB 15M,Loss/HJB,1.2100000,0.742107034
PIRL lineage to mixedHJB 15M,Loss/HJB,1.2300000,0.804427648
PIRL lineage to mixedHJB 15M,Loss/HJB,1.2500000,0.795479059
PIRL lineage to mixedHJB 15M,Loss/HJB,1.2700000,0.787795603
PIRL lineage to mixedHJB 15M,Loss/HJB,1.2900000,0.858838749
PIRL lineage to mixedHJB 15M,Loss/HJB,1.3100000,0.859799516
PIRL lineage to mixedHJB 15M,Loss/HJB,1.3300000,0.710131514
PIRL lineage to mixedHJB 15M,Loss/HJB,1.3500000,0.748337686
PIRL lineage to mixedHJB 15M,Loss/HJB,1.3700000,0.743538296
PIRL lineage to mixedHJB 15M,Loss/HJB,1.3900000,0.896652067
PIRL lineage to mixedHJB 15M,Loss/HJB,1.4100000,0.910556567
PIRL lineage to mixedHJB 15M,Loss/HJB,1.4300000,1.01479107
PIRL lineage to mixedHJB 15M,Loss/HJB,1.4500000,1.08964702
PIRL lineage to mixedHJB 15M,Loss/HJB,1.4700000,1.19822791
PIRL lineage to mixedHJB 15M,Loss/HJB,1.4900000,0.969533968
PIRL lineage to mixedHJB 15M,Loss/HJB,1.5100000,1.11069129
PIRL lineage to mixedHJB 15M,Loss/HJB,1.5300000,1.02142568
PIRL lineage to mixedHJB 15M,Loss/HJB,1.5500000,1.21610436
PIRL lineage to mixedHJB 15M,Loss/HJB,1.5700000,1.26369078
PIRL lineage to mixedHJB 15M,Loss/HJB,1.5900000,1.30942842
PIRL lineage to mixedHJB 15M,Loss/HJB,1.6100000,1.23685676
PIRL lineage to mixedHJB 15M,Loss/HJB,1.6300000,1.24296319
PIRL lineage to mixedHJB 15M,Loss/HJB,1.6500000,0.974237168
PIRL lineage to mixedHJB 15M,Loss/HJB,1.6700000,1.07148534
PIRL lineage to mixedHJB 15M,Loss/HJB,1.6900000,1.17747288
PIRL lineage to mixedHJB 15M,Loss/HJB,1.7100000,1.38104196
PIRL lineage to mixedHJB 15M,Loss/HJB,1.7300000,1.50710591
PIRL lineage to mixedHJB 15M,Loss/HJB,1.7500000,1.63714504
PIRL lineage to mixedHJB 15M,Loss/HJB,1.7700000,1.42454882
PIRL lineage to mixedHJB 15M,Loss/HJB,1.7900000,1.65925269
PIRL lineage to mixedHJB 15M,Loss/HJB,1.8100000,1.45054798
PIRL lineage to mixedHJB 15M,Loss/HJB,1.8300000,1.45972505
PIRL lineage to mixedHJB 15M,Loss/HJB,1.8500000,1.69560905
PIRL lineage to mixedHJB 15M,Loss/HJB,1.8700000,1.95760698
PIRL lineage to mixedHJB 15M,Loss/HJB,1.8900000,1.767173
PIRL lineage to mixedHJB 15M,Loss/HJB,1.9100000,1.81299973
PIRL lineage to mixedHJB 15M,Loss/HJB,1.9300000,2.00157475
PIRL lineage to mixedHJB 15M,Loss/HJB,1.9500000,1.68695314
PIRL lineage to mixedHJB 15M,Loss/HJB,1.9700000,1.42737056
PIRL lineage to mixedHJB 15M,Loss/HJB,1.9900000,1.55513545
PIRL lineage to mixedHJB 15M,Loss/HJB,2.0100000,1.73330694
PIRL lineage to mixedHJB 15M,Loss/HJB,2.0300000,1.74943477
PIRL lineage to mixedHJB 15M,Loss/HJB,2.0500000,1.73335127
PIRL lineage to mixedHJB 15M,Loss/HJB,2.0700000,1.92171278
PIRL lineage to mixedHJB 15M,Loss/HJB,2.0900000,1.94620357
PIRL lineage to mixedHJB 15M,Loss/HJB,2.1100000,2.12750092
PIRL lineage to mixedHJB 15M,Loss/HJB,2.1300000,2.14378033
PIRL lineage to mixedHJB 15M,Loss/HJB,2.1500000,2.42180705
PIRL lineage to mixedHJB 15M,Loss/HJB,2.1700000,2.29395211
PIRL lineage to mixedHJB 15M,Loss/HJB,2.1900000,2.01304539
PIRL lineage to mixedHJB 15M,Loss/HJB,2.2100000,1.56746799
PIRL lineage to mixedHJB 15M,Loss/HJB,2.2300000,1.2634617
PIRL lineage to mixedHJB 15M,Loss/HJB,2.2500000,0.963855612
PIRL lineage to mixedHJB 15M,Loss/HJB,2.2700000,0.99856056
PIRL lineage to mixedHJB 15M,Loss/HJB,2.2900000,1.22268312
PIRL lineage to mixedHJB 15M,Loss/HJB,2.3100000,1.3995636
PIRL lineage to mixedHJB 15M,Loss/HJB,2.3300000,1.47958415
PIRL lineage to mixedHJB 15M,Loss/HJB,2.3500000,1.63607485
PIRL lineage to mixedHJB 15M,Loss/HJB,2.3700000,2.03024409
PIRL lineage to mixedHJB 15M,Loss/HJB,2.3900000,1.956762
PIRL lineage to mixedHJB 15M,Loss/HJB,2.4100000,2.37133205
PIRL lineage to mixedHJB 15M,Loss/HJB,2.4300000,2.78859506
PIRL lineage to mixedHJB 15M,Loss/HJB,2.4500000,2.59066439
PIRL lineage to mixedHJB 15M,Loss/HJB,2.4700000,2.36640739
PIRL lineage to mixedHJB 15M,Loss/HJB,2.4900000,2.65849676
PIRL lineage to mixedHJB 15M,Loss/HJB,2.5100000,2.31185598
PIRL lineage to mixedHJB 15M,Loss/HJB,2.5300000,2.13848715
PIRL lineage to mixedHJB 15M,Loss/HJB,2.5500000,2.39201145
PIRL lineage to mixedHJB 15M,Loss/HJB,2.5700000,2.24881458
PIRL lineage to mixedHJB 15M,Loss/HJB,2.5900000,1.9137152
PIRL lineage to mixedHJB 15M,Loss/HJB,2.6100000,2.16753376
PIRL lineage to mixedHJB 15M,Loss/HJB,2.6300000,1.9926945
PIRL lineage to mixedHJB 15M,Loss/HJB,2.6500000,2.19949582
PIRL lineage to mixedHJB 15M,Loss/HJB,2.6700000,2.2875113
PIRL lineage to mixedHJB 15M,Loss/HJB,2.6900000,2.76671875
PIRL lineage to mixedHJB 15M,Loss/HJB,2.7100000,2.56804578
PIRL lineage to mixedHJB 15M,Loss/HJB,2.7300000,2.76602895
PIRL lineage to mixedHJB 15M,Loss/HJB,2.7500000,2.72950175
PIRL lineage to mixedHJB 15M,Loss/HJB,2.7700000,2.75759478
PIRL lineage to mixedHJB 15M,Loss/HJB,2.7900000,2.67437358
PIRL lineage to mixedHJB 15M,Loss/HJB,2.8100000,2.60622311
PIRL lineage to mixedHJB 15M,Loss/HJB,2.8300000,2.4693871
PIRL lineage to mixedHJB 15M,Loss/HJB,2.8500000,2.45839596
PIRL lineage to mixedHJB 15M,Loss/HJB,2.8700000,2.50873027
PIRL lineage to mixedHJB 15M,Loss/HJB,2.8900000,2.3026897
PIRL lineage to mixedHJB 15M,Loss/HJB,2.9100000,2.76553569
PIRL lineage to mixedHJB 15M,Loss/HJB,2.9300000,2.79368339
PIRL lineage to mixedHJB 15M,Loss/HJB,2.9500000,2.89210877
PIRL lineage to mixedHJB 15M,Loss/HJB,2.9700000,2.77291021
PIRL lineage to mixedHJB 15M,Loss/HJB,2.9900000,3.72249584
PIRL lineage to mixedHJB 15M,Loss/HJB,3.0100000,3.21448331
PIRL lineage to mixedHJB 15M,Loss/HJB,3.0300000,3.16870317
PIRL lineage to mixedHJB 15M,Loss/HJB,3.0500000,3.18752928
PIRL lineage to mixedHJB 15M,Loss/HJB,3.0700000,3.94888544
PIRL lineage to mixedHJB 15M,Loss/HJB,3.0900000,3.29645128
PIRL lineage to mixedHJB 15M,Loss/HJB,3.1100000,4.14981246
PIRL lineage to mixedHJB 15M,Loss/HJB,3.1300000,4.49273958
PIRL lineage to mixedHJB 15M,Loss/HJB,3.1500000,4.81517982
PIRL lineage to mixedHJB 15M,Loss/HJB,3.1700000,4.84443235
PIRL lineage to mixedHJB 15M,Loss/HJB,3.1900000,4.70189767
PIRL lineage to mixedHJB 15M,Loss/HJB,3.2100000,4.20769434
PIRL lineage to mixedHJB 15M,Loss/HJB,3.2300000,4.20955987
PIRL lineage to mixedHJB 15M,Loss/HJB,3.2500000,3.5367022
PIRL lineage to mixedHJB 15M,Loss/HJB,3.2700000,2.95078797
PIRL lineage to mixedHJB 15M,Loss/HJB,3.2900000,2.91821938
PIRL lineage to mixedHJB 15M,Loss/HJB,3.3100000,3.05712075
PIRL lineage to mixedHJB 15M,Loss/HJB,3.3300000,2.82771263
PIRL lineage to mixedHJB 15M,Loss/HJB,3.3500000,3.37902212
PIRL lineage to mixedHJB 15M,Loss/HJB,3.3700000,3.32662368
PIRL lineage to mixedHJB 15M,Loss/HJB,3.3900000,3.33338242
PIRL lineage to mixedHJB 15M,Loss/HJB,3.4100000,3.02610397
PIRL lineage to mixedHJB 15M,Loss/HJB,3.4300000,3.20250235
PIRL lineage to mixedHJB 15M,Loss/HJB,3.4500000,2.87561255
PIRL lineage to mixedHJB 15M,Loss/HJB,3.4700000,3.42594619
PIRL lineage to mixedHJB 15M,Loss/HJB,3.4900000,3.57105045
PIRL lineage to mixedHJB 15M,Loss/HJB,3.5100000,3.48218174
PIRL lineage to mixedHJB 15M,Loss/HJB,3.5300000,4.10947685
PIRL lineage to mixedHJB 15M,Loss/HJB,3.5500000,4.75752649
PIRL lineage to mixedHJB 15M,Loss/HJB,3.5700000,4.35799518
PIRL lineage to mixedHJB 15M,Loss/HJB,3.5900000,4.4638576
PIRL lineage to mixedHJB 15M,Loss/HJB,3.6100000,4.62214847
PIRL lineage to mixedHJB 15M,Loss/HJB,3.6300000,4.53705211
PIRL lineage to mixedHJB 15M,Loss/HJB,3.6500000,4.22327647
PIRL lineage to mixedHJB 15M,Loss/HJB,3.6700000,4.19351716
PIRL lineage to mixedHJB 15M,Loss/HJB,3.6900000,4.54485135
PIRL lineage to mixedHJB 15M,Loss/HJB,3.7100000,4.86143441
PIRL lineage to mixedHJB 15M,Loss/HJB,3.7300000,4.2481916
PIRL lineage to mixedHJB 15M,Loss/HJB,3.7500000,4.39634318
PIRL lineage to mixedHJB 15M,Loss/HJB,3.7700000,4.35512695
PIRL lineage to mixedHJB 15M,Loss/HJB,3.7900000,4.5144556
PIRL lineage to mixedHJB 15M,Loss/HJB,3.8100000,4.76605434
PIRL lineage to mixedHJB 15M,Loss/HJB,3.8300000,4.95738716
PIRL lineage to mixedHJB 15M,Loss/HJB,3.8500000,4.86092625
PIRL lineage to mixedHJB 15M,Loss/HJB,3.8700000,5.09431839
PIRL lineage to mixedHJB 15M,Loss/HJB,3.8900000,4.67504616
PIRL lineage to mixedHJB 15M,Loss/HJB,3.9100000,4.40138292
PIRL lineage to mixedHJB 15M,Loss/HJB,3.9300000,4.6291379
PIRL lineage to mixedHJB 15M,Loss/HJB,3.9500000,4.21479597
PIRL lineage to mixedHJB 15M,Loss/HJB,3.9700000,4.42215652
PIRL lineage to mixedHJB 15M,Loss/HJB,3.9900000,4.20280371
PIRL lineage to mixedHJB 15M,Loss/HJB,4.0100000,4.20985374
PIRL lineage to mixedHJB 15M,Loss/HJB,4.0300000,3.75884161
PIRL lineage to mixedHJB 15M,Loss/HJB,4.0500000,4.16322927
PIRL lineage to mixedHJB 15M,Loss/HJB,4.0700000,3.71523905
PIRL lineage to mixedHJB 15M,Loss/HJB,4.0900000,4.06273088
PIRL lineage to mixedHJB 15M,Loss/HJB,4.1100000,4.13910608
PIRL lineage to mixedHJB 15M,Loss/HJB,4.1300000,4.61503763
PIRL lineage to mixedHJB 15M,Loss/HJB,4.1500000,4.59233656
PIRL lineage to mixedHJB 15M,Loss/HJB,4.1700000,4.86553965
PIRL lineage to mixedHJB 15M,Loss/HJB,4.1900000,4.34533343
PIRL lineage to mixedHJB 15M,Loss/HJB,4.2100000,4.49395738
PIRL lineage to mixedHJB 15M,Loss/HJB,4.2300000,4.36276641
PIRL lineage to mixedHJB 15M,Loss/HJB,4.2500000,5.01849723
PIRL lineage to mixedHJB 15M,Loss/HJB,4.2700000,5.15496631
PIRL lineage to mixedHJB 15M,Loss/HJB,4.2900000,5.39235764
PIRL lineage to mixedHJB 15M,Loss/HJB,4.3100000,5.27160196
PIRL lineage to mixedHJB 15M,Loss/HJB,4.3300000,5.02824183
PIRL lineage to mixedHJB 15M,Loss/HJB,4.3500000,4.525179
PIRL lineage to mixedHJB 15M,Loss/HJB,4.3700000,5.23253717
PIRL lineage to mixedHJB 15M,Loss/HJB,4.3900000,5.2123827
PIRL lineage to mixedHJB 15M,Loss/HJB,4.4100000,4.7542295
PIRL lineage to mixedHJB 15M,Loss/HJB,4.4300000,5.19797826
PIRL lineage to mixedHJB 15M,Loss/HJB,4.4500000,4.94731565
PIRL lineage to mixedHJB 15M,Loss/HJB,4.4700000,4.11467757
PIRL lineage to mixedHJB 15M,Loss/HJB,4.4900000,5.13049493
PIRL lineage to mixedHJB 15M,Loss/HJB,4.5100000,5.68314829
PIRL lineage to mixedHJB 15M,Loss/HJB,4.5300000,5.16009741
PIRL lineage to mixedHJB 15M,Loss/HJB,4.5500000,5.38093891
PIRL lineage to mixedHJB 15M,Loss/HJB,4.5700000,5.60233936
PIRL lineage to mixedHJB 15M,Loss/HJB,4.5900000,4.96240683
PIRL lineage to mixedHJB 15M,Loss/HJB,4.6100000,4.80408964
PIRL lineage to mixedHJB 15M,Loss/HJB,4.6300000,5.0505331
PIRL lineage to mixedHJB 15M,Loss/HJB,4.6500000,4.8089097
PIRL lineage to mixedHJB 15M,Loss/HJB,4.6700000,4.95226774
PIRL lineage to mixedHJB 15M,Loss/HJB,4.6900000,5.16886454
PIRL lineage to mixedHJB 15M,Loss/HJB,4.7100000,5.3470911
PIRL lineage to mixedHJB 15M,Loss/HJB,4.7300000,5.71440516
PIRL lineage to mixedHJB 15M,Loss/HJB,4.7500000,5.8064971
PIRL lineage to mixedHJB 15M,Loss/HJB,4.7700000,5.95991936
PIRL lineage to mixedHJB 15M,Loss/HJB,4.7900000,5.79048052
PIRL lineage to mixedHJB 15M,Loss/HJB,4.8100000,5.79888744
PIRL lineage to mixedHJB 15M,Loss/HJB,4.8300000,6.33775043
PIRL lineage to mixedHJB 15M,Loss/HJB,4.8500000,6.56220818
PIRL lineage to mixedHJB 15M,Loss/HJB,4.8700000,6.28548985
PIRL lineage to mixedHJB 15M,Loss/HJB,4.8900000,6.43866501
PIRL lineage to mixedHJB 15M,Loss/HJB,4.9100000,6.40085649
PIRL lineage to mixedHJB 15M,Loss/HJB,4.9300000,5.58297682
PIRL lineage to mixedHJB 15M,Loss/HJB,4.9500000,5.39071903
PIRL lineage to mixedHJB 15M,Loss/HJB,4.9700000,5.21487513
PIRL lineage to mixedHJB 15M,Loss/HJB,4.9900000,4.77409039
PIRL lineage to mixedHJB 15M,Loss/HJB,5.0100000,1.30576174
PIRL lineage to mixedHJB 15M,Loss/HJB,5.0300000,1.30742505
PIRL lineage to mixedHJB 15M,Loss/HJB,5.0500000,1.21891017
PIRL lineage to mixedHJB 15M,Loss/HJB,5.0700000,1.16419857
PIRL lineage to mixedHJB 15M,Loss/HJB,5.0900000,1.42893779
PIRL lineage to mixedHJB 15M,Loss/HJB,5.1100000,1.33495054
PIRL lineage to mixedHJB 15M,Loss/HJB,5.1300000,1.37762384
PIRL lineage to mixedHJB 15M,Loss/HJB,5.1500000,1.40004987
PIRL lineage to mixedHJB 15M,Loss/HJB,5.1700000,1.38966032
PIRL lineage to mixedHJB 15M,Loss/HJB,5.1900000,1.18967458
PIRL lineage to mixedHJB 15M,Loss/HJB,5.2100000,1.29829127
PIRL lineage to mixedHJB 15M,Loss/HJB,5.2300000,1.23209459
PIRL lineage to mixedHJB 15M,Loss/HJB,5.2500000,1.27535334
PIRL lineage to mixedHJB 15M,Loss/HJB,5.2700000,1.37620435
PIRL lineage to mixedHJB 15M,Loss/HJB,5.2900000,1.32002223
PIRL lineage to mixedHJB 15M,Loss/HJB,5.3100000,1.23349721
PIRL lineage to mixedHJB 15M,Loss/HJB,5.3300000,1.21259308
PIRL lineage to mixedHJB 15M,Loss/HJB,5.3500000,1.2606514
PIRL lineage to mixedHJB 15M,Loss/HJB,5.3700000,1.0933813
PIRL lineage to mixedHJB 15M,Loss/HJB,5.3900000,1.05044435
PIRL lineage to mixedHJB 15M,Loss/HJB,5.4100000,0.926043928
PIRL lineage to mixedHJB 15M,Loss/HJB,5.4300000,0.874808991
PIRL lineage to mixedHJB 15M,Loss/HJB,5.4500000,0.818521035
PIRL lineage to mixedHJB 15M,Loss/HJB,5.4700000,0.839309502
PIRL lineage to mixedHJB 15M,Loss/HJB,5.4900000,0.762920797
PIRL lineage to mixedHJB 15M,Loss/HJB,5.5100000,0.885374629
PIRL lineage to mixedHJB 15M,Loss/HJB,5.5300000,0.827554345
PIRL lineage to mixedHJB 15M,Loss/HJB,5.5500000,0.842270589
PIRL lineage to mixedHJB 15M,Loss/HJB,5.5700000,0.867704344
PIRL lineage to mixedHJB 15M,Loss/HJB,5.5900000,0.891820657
PIRL lineage to mixedHJB 15M,Loss/HJB,5.6100000,0.823845041
PIRL lineage to mixedHJB 15M,Loss/HJB,5.6300000,0.855113947
PIRL lineage to mixedHJB 15M,Loss/HJB,5.6500000,0.776202273
PIRL lineage to mixedHJB 15M,Loss/HJB,5.6700000,0.775295985
PIRL lineage to mixedHJB 15M,Loss/HJB,5.6900000,0.699546802
PIRL lineage to mixedHJB 15M,Loss/HJB,5.7100000,0.636576295
PIRL lineage to mixedHJB 15M,Loss/HJB,5.7300000,0.63354007
PIRL lineage to mixedHJB 15M,Loss/HJB,5.7500000,0.651023269
PIRL lineage to mixedHJB 15M,Loss/HJB,5.7700000,0.621194208
PIRL lineage to mixedHJB 15M,Loss/HJB,5.7900000,0.660936546
PIRL lineage to mixedHJB 15M,Loss/HJB,5.8100000,0.666755033
PIRL lineage to mixedHJB 15M,Loss/HJB,5.8300000,0.681069422
PIRL lineage to mixedHJB 15M,Loss/HJB,5.8500000,0.626735234
PIRL lineage to mixedHJB 15M,Loss/HJB,5.8700000,0.62476548
PIRL lineage to mixedHJB 15M,Loss/HJB,5.8900000,0.621218872
PIRL lineage to mixedHJB 15M,Loss/HJB,5.9100000,0.590735322
PIRL lineage to mixedHJB 15M,Loss/HJB,5.9300000,0.593182474
PIRL lineage to mixedHJB 15M,Loss/HJB,5.9500000,0.639689738
PIRL lineage to mixedHJB 15M,Loss/HJB,5.9700000,0.644155282
PIRL lineage to mixedHJB 15M,Loss/HJB,5.9900000,0.637249225
PIRL lineage to mixedHJB 15M,Loss/HJB,6.0100000,0.633570278
PIRL lineage to mixedHJB 15M,Loss/HJB,6.0300000,0.678958249
PIRL lineage to mixedHJB 15M,Loss/HJB,6.0500000,0.625524873
PIRL lineage to mixedHJB 15M,Loss/HJB,6.0700000,0.615570027
PIRL lineage to mixedHJB 15M,Loss/HJB,6.0900000,0.567289448
PIRL lineage to mixedHJB 15M,Loss/HJB,6.1100000,0.61822232
PIRL lineage to mixedHJB 15M,Loss/HJB,6.1300000,0.538160056
PIRL lineage to mixedHJB 15M,Loss/HJB,6.1500000,0.503489095
PIRL lineage to mixedHJB 15M,Loss/HJB,6.1700000,0.534993464
PIRL lineage to mixedHJB 15M,Loss/HJB,6.1900000,0.711321437
PIRL lineage to mixedHJB 15M,Loss/HJB,6.2100000,0.733340752
PIRL lineage to mixedHJB 15M,Loss/HJB,6.2300000,0.795008749
PIRL lineage to mixedHJB 15M,Loss/HJB,6.2500000,0.837926519
PIRL lineage to mixedHJB 15M,Loss/HJB,6.2700000,0.876213157
PIRL lineage to mixedHJB 15M,Loss/HJB,6.2900000,0.864251864
PIRL lineage to mixedHJB 15M,Loss/HJB,6.3100000,0.820963967
PIRL lineage to mixedHJB 15M,Loss/HJB,6.3300000,0.930919206
PIRL lineage to mixedHJB 15M,Loss/HJB,6.3500000,0.905914724
PIRL lineage to mixedHJB 15M,Loss/HJB,6.3700000,0.81956389
PIRL lineage to mixedHJB 15M,Loss/HJB,6.3900000,1.08531027
PIRL lineage to mixedHJB 15M,Loss/HJB,6.4100000,1.08817691
PIRL lineage to mixedHJB 15M,Loss/HJB,6.4300000,0.97969116
PIRL lineage to mixedHJB 15M,Loss/HJB,6.4500000,1.02000531
PIRL lineage to mixedHJB 15M,Loss/HJB,6.4700000,1.11475867
PIRL lineage to mixedHJB 15M,Loss/HJB,6.4900000,0.708154714
PIRL lineage to mixedHJB 15M,Loss/HJB,6.5100000,0.731527042
PIRL lineage to mixedHJB 15M,Loss/HJB,6.5300000,0.724627423
PIRL lineage to mixedHJB 15M,Loss/HJB,6.5500000,0.709458804
PIRL lineage to mixedHJB 15M,Loss/HJB,6.5700000,0.578620112
PIRL lineage to mixedHJB 15M,Loss/HJB,6.5900000,0.543842602
PIRL lineage to mixedHJB 15M,Loss/HJB,6.6100000,0.467706668
PIRL lineage to mixedHJB 15M,Loss/HJB,6.6300000,0.409947246
PIRL lineage to mixedHJB 15M,Loss/HJB,6.6500000,0.391238403
PIRL lineage to mixedHJB 15M,Loss/HJB,6.6700000,0.435857117
PIRL lineage to mixedHJB 15M,Loss/HJB,6.6900000,0.47284534
PIRL lineage to mixedHJB 15M,Loss/HJB,6.7100000,0.496261597
PIRL lineage to mixedHJB 15M,Loss/HJB,6.7300000,0.501006132
PIRL lineage to mixedHJB 15M,Loss/HJB,6.7500000,0.511909533
PIRL lineage to mixedHJB 15M,Loss/HJB,6.7700000,0.501507711
PIRL lineage to mixedHJB 15M,Loss/HJB,6.7900000,0.493944114
PIRL lineage to mixedHJB 15M,Loss/HJB,6.8100000,0.584397393
PIRL lineage to mixedHJB 15M,Loss/HJB,6.8300000,0.586885613
PIRL lineage to mixedHJB 15M,Loss/HJB,6.8500000,0.627602333
PIRL lineage to mixedHJB 15M,Loss/HJB,6.8700000,0.677042359
PIRL lineage to mixedHJB 15M,Loss/HJB,6.8900000,0.654634464
PIRL lineage to mixedHJB 15M,Loss/HJB,6.9100000,0.551095718
PIRL lineage to mixedHJB 15M,Loss/HJB,6.9300000,0.563983566
PIRL lineage to mixedHJB 15M,Loss/HJB,6.9500000,0.561136168
PIRL lineage to mixedHJB 15M,Loss/HJB,6.9700000,0.543597096
PIRL lineage to mixedHJB 15M,Loss/HJB,6.9900000,0.565357095
PIRL lineage to mixedHJB 15M,Loss/HJB,7.0100000,0.581716478
PIRL lineage to mixedHJB 15M,Loss/HJB,7.0300000,0.573708081
PIRL lineage to mixedHJB 15M,Loss/HJB,7.0500000,0.536706007
PIRL lineage to mixedHJB 15M,Loss/HJB,7.0700000,0.520141232
PIRL lineage to mixedHJB 15M,Loss/HJB,7.0900000,0.544280064
PIRL lineage to mixedHJB 15M,Loss/HJB,7.1100000,0.510506725
PIRL lineage to mixedHJB 15M,Loss/HJB,7.1300000,0.535955894
PIRL lineage to mixedHJB 15M,Loss/HJB,7.1500000,0.547393715
PIRL lineage to mixedHJB 15M,Loss/HJB,7.1700000,0.581738555
PIRL lineage to mixedHJB 15M,Loss/HJB,7.1900000,0.551761633
PIRL lineage to mixedHJB 15M,Loss/HJB,7.2100000,0.584727794
PIRL lineage to mixedHJB 15M,Loss/HJB,7.2300000,0.571996337
PIRL lineage to mixedHJB 15M,Loss/HJB,7.2500000,0.543279296
PIRL lineage to mixedHJB 15M,Loss/HJB,7.2700000,0.458251756
PIRL lineage to mixedHJB 15M,Loss/HJB,7.2900000,0.46264751
PIRL lineage to mixedHJB 15M,Loss/HJB,7.3100000,0.487361395
PIRL lineage to mixedHJB 15M,Loss/HJB,7.3300000,0.502441573
PIRL lineage to mixedHJB 15M,Loss/HJB,7.3500000,0.516167986
PIRL lineage to mixedHJB 15M,Loss/HJB,7.3700000,0.537146962
PIRL lineage to mixedHJB 15M,Loss/HJB,7.3900000,0.6084571
PIRL lineage to mixedHJB 15M,Loss/HJB,7.4100000,0.584160042
PIRL lineage to mixedHJB 15M,Loss/HJB,7.4300000,0.761971545
PIRL lineage to mixedHJB 15M,Loss/HJB,7.4500000,0.778342068
PIRL lineage to mixedHJB 15M,Loss/HJB,7.4700000,0.827483666
PIRL lineage to mixedHJB 15M,Loss/HJB,7.4900000,0.72458393
PIRL lineage to mixedHJB 15M,Loss/HJB,7.5100000,0.726308841
PIRL lineage to mixedHJB 15M,Loss/HJB,7.5300000,0.50874151
PIRL lineage to mixedHJB 15M,Loss/HJB,7.5500000,0.470517421
PIRL lineage to mixedHJB 15M,Loss/HJB,7.5700000,0.437288272
PIRL lineage to mixedHJB 15M,Loss/HJB,7.5900000,0.477505296
PIRL lineage to mixedHJB 15M,Loss/HJB,7.6100000,0.446391106
PIRL lineage to mixedHJB 15M,Loss/HJB,7.6300000,0.45647276
PIRL lineage to mixedHJB 15M,Loss/HJB,7.6500000,0.436734897
PIRL lineage to mixedHJB 15M,Loss/HJB,7.6700000,0.442119604
PIRL lineage to mixedHJB 15M,Loss/HJB,7.6900000,0.464081544
PIRL lineage to mixedHJB 15M,Loss/HJB,7.7100000,0.500790048
PIRL lineage to mixedHJB 15M,Loss/HJB,7.7300000,0.535729897
PIRL lineage to mixedHJB 15M,Loss/HJB,7.7500000,0.616106367
PIRL lineage to mixedHJB 15M,Loss/HJB,7.7700000,0.610788435
PIRL lineage to mixedHJB 15M,Loss/HJB,7.7900000,0.616026491
PIRL lineage to mixedHJB 15M,Loss/HJB,7.8100000,0.579507679
PIRL lineage to mixedHJB 15M,Loss/HJB,7.8300000,0.541048127
PIRL lineage to mixedHJB 15M,Loss/HJB,7.8500000,0.493306726
PIRL lineage to mixedHJB 15M,Loss/HJB,7.8700000,0.573723507
PIRL lineage to mixedHJB 15M,Loss/HJB,7.8900000,0.545170665
PIRL lineage to mixedHJB 15M,Loss/HJB,7.9100000,0.611185634
PIRL lineage to mixedHJB 15M,Loss/HJB,7.9300000,0.590142632
PIRL lineage to mixedHJB 15M,Loss/HJB,7.9500000,0.701633871
PIRL lineage to mixedHJB 15M,Loss/HJB,7.9700000,0.612838483
PIRL lineage to mixedHJB 15M,Loss/HJB,7.9900000,0.595180571
PIRL lineage to mixedHJB 15M,Loss/HJB,8.0100000,0.509471101
PIRL lineage to mixedHJB 15M,Loss/HJB,8.0300000,0.487914842
PIRL lineage to mixedHJB 15M,Loss/HJB,8.0500000,0.443406981
PIRL lineage to mixedHJB 15M,Loss/HJB,8.0700000,0.470252901
PIRL lineage to mixedHJB 15M,Loss/HJB,8.0900000,0.568892127
PIRL lineage to mixedHJB 15M,Loss/HJB,8.1100000,0.638930821
PIRL lineage to mixedHJB 15M,Loss/HJB,8.1300000,0.705490065
PIRL lineage to mixedHJB 15M,Loss/HJB,8.1500000,0.626595867
PIRL lineage to mixedHJB 15M,Loss/HJB,8.1700000,0.583213627
PIRL lineage to mixedHJB 15M,Loss/HJB,8.1900000,0.602156425
PIRL lineage to mixedHJB 15M,Loss/HJB,8.2100000,0.573058844
PIRL lineage to mixedHJB 15M,Loss/HJB,8.2300000,0.516812968
PIRL lineage to mixedHJB 15M,Loss/HJB,8.2500000,0.522699648
PIRL lineage to mixedHJB 15M,Loss/HJB,8.2700000,0.568992716
PIRL lineage to mixedHJB 15M,Loss/HJB,8.2900000,0.438917738
PIRL lineage to mixedHJB 15M,Loss/HJB,8.3100000,0.461426884
PIRL lineage to mixedHJB 15M,Loss/HJB,8.3300000,0.472208774
PIRL lineage to mixedHJB 15M,Loss/HJB,8.3500000,0.614293402
PIRL lineage to mixedHJB 15M,Loss/HJB,8.3700000,0.595029169
PIRL lineage to mixedHJB 15M,Loss/HJB,8.3900000,0.577088976
PIRL lineage to mixedHJB 15M,Loss/HJB,8.4100000,0.594377756
PIRL lineage to mixedHJB 15M,Loss/HJB,8.4300000,0.591626745
PIRL lineage to mixedHJB 15M,Loss/HJB,8.4500000,0.496771127
PIRL lineage to mixedHJB 15M,Loss/HJB,8.4700000,0.491897672
PIRL lineage to mixedHJB 15M,Loss/HJB,8.4900000,0.617656016
PIRL lineage to mixedHJB 15M,Loss/HJB,8.5100000,0.614688468
PIRL lineage to mixedHJB 15M,Loss/HJB,8.5300000,0.639610267
PIRL lineage to mixedHJB 15M,Loss/HJB,8.5500000,0.622985625
PIRL lineage to mixedHJB 15M,Loss/HJB,8.5700000,0.626487345
PIRL lineage to mixedHJB 15M,Loss/HJB,8.5900000,0.64667744
PIRL lineage to mixedHJB 15M,Loss/HJB,8.6100000,0.668610352
PIRL lineage to mixedHJB 15M,Loss/HJB,8.6300000,0.660968858
PIRL lineage to mixedHJB 15M,Loss/HJB,8.6500000,0.680823773
PIRL lineage to mixedHJB 15M,Loss/HJB,8.6700000,0.703116441
PIRL lineage to mixedHJB 15M,Loss/HJB,8.6900000,0.877531481
PIRL lineage to mixedHJB 15M,Loss/HJB,8.7100000,0.812406886
PIRL lineage to mixedHJB 15M,Loss/HJB,8.7300000,0.844911098
PIRL lineage to mixedHJB 15M,Loss/HJB,8.7500000,0.796097857
PIRL lineage to mixedHJB 15M,Loss/HJB,8.7700000,0.782484788
PIRL lineage to mixedHJB 15M,Loss/HJB,8.7900000,0.499468333
PIRL lineage to mixedHJB 15M,Loss/HJB,8.8100000,0.470297706
PIRL lineage to mixedHJB 15M,Loss/HJB,8.8300000,0.48129164
PIRL lineage to mixedHJB 15M,Loss/HJB,8.8500000,0.553999394
PIRL lineage to mixedHJB 15M,Loss/HJB,8.8700000,0.559057337
PIRL lineage to mixedHJB 15M,Loss/HJB,8.8900000,0.609056515
PIRL lineage to mixedHJB 15M,Loss/HJB,8.9100000,0.723221087
PIRL lineage to mixedHJB 15M,Loss/HJB,8.9300000,0.70088774
PIRL lineage to mixedHJB 15M,Loss/HJB,8.9500000,0.705853438
PIRL lineage to mixedHJB 15M,Loss/HJB,8.9700000,0.673457038
PIRL lineage to mixedHJB 15M,Loss/HJB,8.9900000,0.637330687
PIRL lineage to mixedHJB 15M,Loss/HJB,9.0100000,0.567505085
PIRL lineage to mixedHJB 15M,Loss/HJB,9.0300000,0.593949676
PIRL lineage to mixedHJB 15M,Loss/HJB,9.0500000,0.513706231
PIRL lineage to mixedHJB 15M,Loss/HJB,9.0700000,0.562191355
PIRL lineage to mixedHJB 15M,Loss/HJB,9.0900000,0.563004279
PIRL lineage to mixedHJB 15M,Loss/HJB,9.1100000,0.537680227
PIRL lineage to mixedHJB 15M,Loss/HJB,9.1300000,0.459081966
PIRL lineage to mixedHJB 15M,Loss/HJB,9.1500000,0.466260356
PIRL lineage to mixedHJB 15M,Loss/HJB,9.1700000,0.509908503
PIRL lineage to mixedHJB 15M,Loss/HJB,9.1900000,0.582581717
PIRL lineage to mixedHJB 15M,Loss/HJB,9.2100000,0.645773518
PIRL lineage to mixedHJB 15M,Loss/HJB,9.2300000,0.675218558
PIRL lineage to mixedHJB 15M,Loss/HJB,9.2500000,0.672231579
PIRL lineage to mixedHJB 15M,Loss/HJB,9.2700000,0.63926034
PIRL lineage to mixedHJB 15M,Loss/HJB,9.2900000,0.571435189
PIRL lineage to mixedHJB 15M,Loss/HJB,9.3100000,0.515488648
PIRL lineage to mixedHJB 15M,Loss/HJB,9.3300000,0.57837249
PIRL lineage to mixedHJB 15M,Loss/HJB,9.3500000,0.628459489
PIRL lineage to mixedHJB 15M,Loss/HJB,9.3700000,0.666956437
PIRL lineage to mixedHJB 15M,Loss/HJB,9.3900000,0.757550347
PIRL lineage to mixedHJB 15M,Loss/HJB,9.4100000,0.751940578
PIRL lineage to mixedHJB 15M,Loss/HJB,9.4300000,0.666115904
PIRL lineage to mixedHJB 15M,Loss/HJB,9.4500000,0.691143703
PIRL lineage to mixedHJB 15M,Loss/HJB,9.4700000,0.57129584
PIRL lineage to mixedHJB 15M,Loss/HJB,9.4900000,0.465254503
PIRL lineage to mixedHJB 15M,Loss/HJB,9.5100000,0.4698704
PIRL lineage to mixedHJB 15M,Loss/HJB,9.5300000,0.444599327
PIRL lineage to mixedHJB 15M,Loss/HJB,9.5500000,0.442815599
PIRL lineage to mixedHJB 15M,Loss/HJB,9.5700000,0.570250753
PIRL lineage to mixedHJB 15M,Loss/HJB,9.5900000,0.614954308
PIRL lineage to mixedHJB 15M,Loss/HJB,9.6100000,0.631212392
PIRL lineage to mixedHJB 15M,Loss/HJB,9.6300000,0.706502306
PIRL lineage to mixedHJB 15M,Loss/HJB,9.6500000,0.663900626
PIRL lineage to mixedHJB 15M,Loss/HJB,9.6700000,0.564472866
PIRL lineage to mixedHJB 15M,Loss/HJB,9.6900000,0.559592032
PIRL lineage to mixedHJB 15M,Loss/HJB,9.7100000,0.581911433
PIRL lineage to mixedHJB 15M,Loss/HJB,9.7300000,0.547744292
PIRL lineage to mixedHJB 15M,Loss/HJB,9.7500000,0.558594114
PIRL lineage to mixedHJB 15M,Loss/HJB,9.7700000,0.583757299
PIRL lineage to mixedHJB 15M,Loss/HJB,9.7900000,0.622803825
PIRL lineage to mixedHJB 15M,Loss/HJB,9.8100000,0.632839531
PIRL lineage to mixedHJB 15M,Loss/HJB,9.8300000,0.765902328
PIRL lineage to mixedHJB 15M,Loss/HJB,9.8500000,0.74729048
PIRL lineage to mixedHJB 15M,Loss/HJB,9.8700000,0.746158969
PIRL lineage to mixedHJB 15M,Loss/HJB,9.8900000,0.646150905
PIRL lineage to mixedHJB 15M,Loss/HJB,9.9100000,0.673273128
PIRL lineage to mixedHJB 15M,Loss/HJB,9.9300000,0.586708647
PIRL lineage to mixedHJB 15M,Loss/HJB,9.9500000,0.570773417
PIRL lineage to mixedHJB 15M,Loss/HJB,9.9700000,0.553332597
PIRL lineage to mixedHJB 15M,Loss/HJB,9.9900000,0.570942938
PIRL lineage to mixedHJB 15M,Loss/HJB,10.0100000,0.376512933
PIRL lineage to mixedHJB 15M,Loss/HJB,10.0300000,0.392131853
PIRL lineage to mixedHJB 15M,Loss/HJB,10.0500000,0.382035136
PIRL lineage to mixedHJB 15M,Loss/HJB,10.0700000,0.409724021
PIRL lineage to mixedHJB 15M,Loss/HJB,10.0900000,0.397173595
PIRL lineage to mixedHJB 15M,Loss/HJB,10.1100000,0.344158313
PIRL lineage to mixedHJB 15M,Loss/HJB,10.1300000,0.329806539
PIRL lineage to mixedHJB 15M,Loss/HJB,10.1500000,0.325739583
PIRL lineage to mixedHJB 15M,Loss/HJB,10.1700000,0.273778704
PIRL lineage to mixedHJB 15M,Loss/HJB,10.1900000,0.2514204
PIRL lineage to mixedHJB 15M,Loss/HJB,10.2100000,0.258982515
PIRL lineage to mixedHJB 15M,Loss/HJB,10.2300000,0.220491374
PIRL lineage to mixedHJB 15M,Loss/HJB,10.2500000,0.218642157
PIRL lineage to mixedHJB 15M,Loss/HJB,10.2700000,0.265941083
PIRL lineage to mixedHJB 15M,Loss/HJB,10.2900000,0.306793612
PIRL lineage to mixedHJB 15M,Loss/HJB,10.3100000,0.320094657
PIRL lineage to mixedHJB 15M,Loss/HJB,10.3300000,0.323955566
PIRL lineage to mixedHJB 15M,Loss/HJB,10.3500000,0.302594408
PIRL lineage to mixedHJB 15M,Loss/HJB,10.3700000,0.235991344
PIRL lineage to mixedHJB 15M,Loss/HJB,10.3900000,0.215928146
PIRL lineage to mixedHJB 15M,Loss/HJB,10.4100000,0.206044003
PIRL lineage to mixedHJB 15M,Loss/HJB,10.4300000,0.23132306
PIRL lineage to mixedHJB 15M,Loss/HJB,10.4500000,0.241494697
PIRL lineage to mixedHJB 15M,Loss/HJB,10.4700000,0.262796235
PIRL lineage to mixedHJB 15M,Loss/HJB,10.4900000,0.240061468
PIRL lineage to mixedHJB 15M,Loss/HJB,10.5100000,0.222030804
PIRL lineage to mixedHJB 15M,Loss/HJB,10.5300000,0.200557956
PIRL lineage to mixedHJB 15M,Loss/HJB,10.5500000,0.228905478
PIRL lineage to mixedHJB 15M,Loss/HJB,10.5700000,0.229793385
PIRL lineage to mixedHJB 15M,Loss/HJB,10.5900000,0.218912783
PIRL lineage to mixedHJB 15M,Loss/HJB,10.6100000,0.230257601
PIRL lineage to mixedHJB 15M,Loss/HJB,10.6300000,0.219729325
PIRL lineage to mixedHJB 15M,Loss/HJB,10.6500000,0.211940834
PIRL lineage to mixedHJB 15M,Loss/HJB,10.6700000,0.251126882
PIRL lineage to mixedHJB 15M,Loss/HJB,10.6900000,0.283097717
PIRL lineage to mixedHJB 15M,Loss/HJB,10.7100000,0.284538215
PIRL lineage to mixedHJB 15M,Loss/HJB,10.7300000,0.303008524
PIRL lineage to mixedHJB 15M,Loss/HJB,10.7500000,0.278112671
PIRL lineage to mixedHJB 15M,Loss/HJB,10.7700000,0.29513202
PIRL lineage to mixedHJB 15M,Loss/HJB,10.7900000,0.293130681
PIRL lineage to mixedHJB 15M,Loss/HJB,10.8100000,0.300831866
PIRL lineage to mixedHJB 15M,Loss/HJB,10.8300000,0.295896193
PIRL lineage to mixedHJB 15M,Loss/HJB,10.8500000,0.29470894
PIRL lineage to mixedHJB 15M,Loss/HJB,10.8700000,0.232090268
PIRL lineage to mixedHJB 15M,Loss/HJB,10.8900000,0.220255789
PIRL lineage to mixedHJB 15M,Loss/HJB,10.9100000,0.212139308
PIRL lineage to mixedHJB 15M,Loss/HJB,10.9300000,0.192225632
PIRL lineage to mixedHJB 15M,Loss/HJB,10.9500000,0.187650099
PIRL lineage to mixedHJB 15M,Loss/HJB,10.9700000,0.159550929
PIRL lineage to mixedHJB 15M,Loss/HJB,10.9900000,0.15623697
PIRL lineage to mixedHJB 15M,Loss/HJB,11.0100000,0.145767534
PIRL lineage to mixedHJB 15M,Loss/HJB,11.0300000,0.155844277
PIRL lineage to mixedHJB 15M,Loss/HJB,11.0500000,0.167683634
PIRL lineage to mixedHJB 15M,Loss/HJB,11.0700000,0.206138062
PIRL lineage to mixedHJB 15M,Loss/HJB,11.0900000,0.19654305
PIRL lineage to mixedHJB 15M,Loss/HJB,11.1100000,0.205522338
PIRL lineage to mixedHJB 15M,Loss/HJB,11.1300000,0.205711442
PIRL lineage to mixedHJB 15M,Loss/HJB,11.1500000,0.194615069
PIRL lineage to mixedHJB 15M,Loss/HJB,11.1700000,0.175816032
PIRL lineage to mixedHJB 15M,Loss/HJB,11.1900000,0.173109707
PIRL lineage to mixedHJB 15M,Loss/HJB,11.2100000,0.190859804
PIRL lineage to mixedHJB 15M,Loss/HJB,11.2300000,0.183832991
PIRL lineage to mixedHJB 15M,Loss/HJB,11.2500000,0.183163229
PIRL lineage to mixedHJB 15M,Loss/HJB,11.2700000,0.189548984
PIRL lineage to mixedHJB 15M,Loss/HJB,11.2900000,0.210716128
PIRL lineage to mixedHJB 15M,Loss/HJB,11.3100000,0.195099866
PIRL lineage to mixedHJB 15M,Loss/HJB,11.3300000,0.200951564
PIRL lineage to mixedHJB 15M,Loss/HJB,11.3500000,0.203349331
PIRL lineage to mixedHJB 15M,Loss/HJB,11.3700000,0.193274343
PIRL lineage to mixedHJB 15M,Loss/HJB,11.3900000,0.21687105
PIRL lineage to mixedHJB 15M,Loss/HJB,11.4100000,0.204436895
PIRL lineage to mixedHJB 15M,Loss/HJB,11.4300000,0.199160889
PIRL lineage to mixedHJB 15M,Loss/HJB,11.4500000,0.214911065
PIRL lineage to mixedHJB 15M,Loss/HJB,11.4700000,0.219075981
PIRL lineage to mixedHJB 15M,Loss/HJB,11.4900000,0.184777394
PIRL lineage to mixedHJB 15M,Loss/HJB,11.5100000,0.178363428
PIRL lineage to mixedHJB 15M,Loss/HJB,11.5300000,0.204836586
PIRL lineage to mixedHJB 15M,Loss/HJB,11.5500000,0.180730078
PIRL lineage to mixedHJB 15M,Loss/HJB,11.5700000,0.177572531
PIRL lineage to mixedHJB 15M,Loss/HJB,11.5900000,0.178535613
PIRL lineage to mixedHJB 15M,Loss/HJB,11.6100000,0.202032837
PIRL lineage to mixedHJB 15M,Loss/HJB,11.6300000,0.179696414
PIRL lineage to mixedHJB 15M,Loss/HJB,11.6500000,0.190870184
PIRL lineage to mixedHJB 15M,Loss/HJB,11.6700000,0.181687386
PIRL lineage to mixedHJB 15M,Loss/HJB,11.6900000,0.19179786
PIRL lineage to mixedHJB 15M,Loss/HJB,11.7100000,0.174925987
PIRL lineage to mixedHJB 15M,Loss/HJB,11.7300000,0.182278638
PIRL lineage to mixedHJB 15M,Loss/HJB,11.7500000,0.186802448
PIRL lineage to mixedHJB 15M,Loss/HJB,11.7700000,0.223273975
PIRL lineage to mixedHJB 15M,Loss/HJB,11.7900000,0.206424478
PIRL lineage to mixedHJB 15M,Loss/HJB,11.8100000,0.198674934
PIRL lineage to mixedHJB 15M,Loss/HJB,11.8300000,0.184947677
PIRL lineage to mixedHJB 15M,Loss/HJB,11.8500000,0.185390846
PIRL lineage to mixedHJB 15M,Loss/HJB,11.8700000,0.156460254
PIRL lineage to mixedHJB 15M,Loss/HJB,11.8900000,0.148284201
PIRL lineage to mixedHJB 15M,Loss/HJB,11.9100000,0.157084328
PIRL lineage to mixedHJB 15M,Loss/HJB,11.9300000,0.164606512
PIRL lineage to mixedHJB 15M,Loss/HJB,11.9500000,0.154363406
PIRL lineage to mixedHJB 15M,Loss/HJB,11.9700000,0.155007389
PIRL lineage to mixedHJB 15M,Loss/HJB,11.9900000,0.168154788
PIRL lineage to mixedHJB 15M,Loss/HJB,12.0100000,0.178455633
PIRL lineage to mixedHJB 15M,Loss/HJB,12.0300000,0.184544453
PIRL lineage to mixedHJB 15M,Loss/HJB,12.0500000,0.169536346
PIRL lineage to mixedHJB 15M,Loss/HJB,12.0700000,0.170131397
PIRL lineage to mixedHJB 15M,Loss/HJB,12.0900000,0.167258972
PIRL lineage to mixedHJB 15M,Loss/HJB,12.1100000,0.161895567
PIRL lineage to mixedHJB 15M,Loss/HJB,12.1300000,0.147236744
PIRL lineage to mixedHJB 15M,Loss/HJB,12.1500000,0.159239483
PIRL lineage to mixedHJB 15M,Loss/HJB,12.1700000,0.165592965
PIRL lineage to mixedHJB 15M,Loss/HJB,12.1900000,0.158369234
PIRL lineage to mixedHJB 15M,Loss/HJB,12.2100000,0.158760321
PIRL lineage to mixedHJB 15M,Loss/HJB,12.2300000,0.180447939
PIRL lineage to mixedHJB 15M,Loss/HJB,12.2500000,0.179408044
PIRL lineage to mixedHJB 15M,Loss/HJB,12.2700000,0.162954271
PIRL lineage to mixedHJB 15M,Loss/HJB,12.2900000,0.171466509
PIRL lineage to mixedHJB 15M,Loss/HJB,12.3100000,0.165575382
PIRL lineage to mixedHJB 15M,Loss/HJB,12.3300000,0.166615868
PIRL lineage to mixedHJB 15M,Loss/HJB,12.3500000,0.156356895
PIRL lineage to mixedHJB 15M,Loss/HJB,12.3700000,0.165829962
PIRL lineage to mixedHJB 15M,Loss/HJB,12.3900000,0.190083081
PIRL lineage to mixedHJB 15M,Loss/HJB,12.4100000,0.208227119
PIRL lineage to mixedHJB 15M,Loss/HJB,12.4300000,0.177743459
PIRL lineage to mixedHJB 15M,Loss/HJB,12.4500000,0.232279134
PIRL lineage to mixedHJB 15M,Loss/HJB,12.4700000,0.241993415
PIRL lineage to mixedHJB 15M,Loss/HJB,12.4900000,0.231851071
PIRL lineage to mixedHJB 15M,Loss/HJB,12.5100000,0.231845522
PIRL lineage to mixedHJB 15M,Loss/HJB,12.5300000,0.248910493
PIRL lineage to mixedHJB 15M,Loss/HJB,12.5500000,0.197813106
PIRL lineage to mixedHJB 15M,Loss/HJB,12.5700000,0.182508039
PIRL lineage to mixedHJB 15M,Loss/HJB,12.5900000,0.155099633
PIRL lineage to mixedHJB 15M,Loss/HJB,12.6100000,0.132262191
PIRL lineage to mixedHJB 15M,Loss/HJB,12.6300000,0.110890009
PIRL lineage to mixedHJB 15M,Loss/HJB,12.6500000,0.129483192
PIRL lineage to mixedHJB 15M,Loss/HJB,12.6700000,0.122138391
PIRL lineage to mixedHJB 15M,Loss/HJB,12.6900000,0.11886389
PIRL lineage to mixedHJB 15M,Loss/HJB,12.7100000,0.111164834
PIRL lineage to mixedHJB 15M,Loss/HJB,12.7300000,0.137102029
PIRL lineage to mixedHJB 15M,Loss/HJB,12.7500000,0.117771673
PIRL lineage to mixedHJB 15M,Loss/HJB,12.7700000,0.162704098
PIRL lineage to mixedHJB 15M,Loss/HJB,12.7900000,0.171183847
PIRL lineage to mixedHJB 15M,Loss/HJB,12.8100000,0.193804622
PIRL lineage to mixedHJB 15M,Loss/HJB,12.8300000,0.189664131
PIRL lineage to mixedHJB 15M,Loss/HJB,12.8500000,0.206923348
PIRL lineage to mixedHJB 15M,Loss/HJB,12.8700000,0.173393595
PIRL lineage to mixedHJB 15M,Loss/HJB,12.8900000,0.177209133
PIRL lineage to mixedHJB 15M,Loss/HJB,12.9100000,0.172887439
PIRL lineage to mixedHJB 15M,Loss/HJB,12.9300000,0.154084516
PIRL lineage to mixedHJB 15M,Loss/HJB,12.9500000,0.135910159
PIRL lineage to mixedHJB 15M,Loss/HJB,12.9700000,0.133445075
PIRL lineage to mixedHJB 15M,Loss/HJB,12.9900000,0.137279156
PIRL lineage to mixedHJB 15M,Loss/HJB,13.0100000,0.129375017
PIRL lineage to mixedHJB 15M,Loss/HJB,13.0300000,0.150619557
PIRL lineage to mixedHJB 15M,Loss/HJB,13.0500000,0.152952871
PIRL lineage to mixedHJB 15M,Loss/HJB,13.0700000,0.188280535
PIRL lineage to mixedHJB 15M,Loss/HJB,13.0900000,0.177930129
PIRL lineage to mixedHJB 15M,Loss/HJB,13.1100000,0.171523502
PIRL lineage to mixedHJB 15M,Loss/HJB,13.1300000,0.156474318
PIRL lineage to mixedHJB 15M,Loss/HJB,13.1500000,0.155262721
PIRL lineage to mixedHJB 15M,Loss/HJB,13.1700000,0.117915457
PIRL lineage to mixedHJB 15M,Loss/HJB,13.1900000,0.121994662
PIRL lineage to mixedHJB 15M,Loss/HJB,13.2100000,0.139985812
PIRL lineage to mixedHJB 15M,Loss/HJB,13.2300000,0.138696499
PIRL lineage to mixedHJB 15M,Loss/HJB,13.2500000,0.138836713
PIRL lineage to mixedHJB 15M,Loss/HJB,13.2700000,0.131603734
PIRL lineage to mixedHJB 15M,Loss/HJB,13.2900000,0.137068419
PIRL lineage to mixedHJB 15M,Loss/HJB,13.3100000,0.155960266
PIRL lineage to mixedHJB 15M,Loss/HJB,13.3300000,0.158863379
PIRL lineage to mixedHJB 15M,Loss/HJB,13.3500000,0.163623586
PIRL lineage to mixedHJB 15M,Loss/HJB,13.3700000,0.174526387
PIRL lineage to mixedHJB 15M,Loss/HJB,13.3900000,0.17624487
PIRL lineage to mixedHJB 15M,Loss/HJB,13.4100000,0.143580708
PIRL lineage to mixedHJB 15M,Loss/HJB,13.4300000,0.145851251
PIRL lineage to mixedHJB 15M,Loss/HJB,13.4500000,0.13757827
PIRL lineage to mixedHJB 15M,Loss/HJB,13.4700000,0.149421158
PIRL lineage to mixedHJB 15M,Loss/HJB,13.4900000,0.147211382
PIRL lineage to mixedHJB 15M,Loss/HJB,13.5100000,0.149762419
PIRL lineage to mixedHJB 15M,Loss/HJB,13.5300000,0.151046357
PIRL lineage to mixedHJB 15M,Loss/HJB,13.5500000,0.169691601
PIRL lineage to mixedHJB 15M,Loss/HJB,13.5700000,0.153117973
PIRL lineage to mixedHJB 15M,Loss/HJB,13.5900000,0.154312214
PIRL lineage to mixedHJB 15M,Loss/HJB,13.6100000,0.154920843
PIRL lineage to mixedHJB 15M,Loss/HJB,13.6300000,0.151826704
PIRL lineage to mixedHJB 15M,Loss/HJB,13.6500000,0.135105479
PIRL lineage to mixedHJB 15M,Loss/HJB,13.6700000,0.129428533
PIRL lineage to mixedHJB 15M,Loss/HJB,13.6900000,0.114750168
PIRL lineage to mixedHJB 15M,Loss/HJB,13.7100000,0.113918683
PIRL lineage to mixedHJB 15M,Loss/HJB,13.7300000,0.107610264
PIRL lineage to mixedHJB 15M,Loss/HJB,13.7500000,0.144616082
PIRL lineage to mixedHJB 15M,Loss/HJB,13.7700000,0.141244867
PIRL lineage to mixedHJB 15M,Loss/HJB,13.7900000,0.146460196
PIRL lineage to mixedHJB 15M,Loss/HJB,13.8100000,0.148402557
PIRL lineage to mixedHJB 15M,Loss/HJB,13.8300000,0.153578547
PIRL lineage to mixedHJB 15M,Loss/HJB,13.8500000,0.162298104
PIRL lineage to mixedHJB 15M,Loss/HJB,13.8700000,0.179187781
PIRL lineage to mixedHJB 15M,Loss/HJB,13.8900000,0.183966652
PIRL lineage to mixedHJB 15M,Loss/HJB,13.9100000,0.171674499
PIRL lineage to mixedHJB 15M,Loss/HJB,13.9300000,0.168265486
PIRL lineage to mixedHJB 15M,Loss/HJB,13.9500000,0.119572988
PIRL lineage to mixedHJB 15M,Loss/HJB,13.9700000,0.11237703
PIRL lineage to mixedHJB 15M,Loss/HJB,13.9900000,0.129876995
PIRL lineage to mixedHJB 15M,Loss/HJB,14.0100000,0.142310953
PIRL lineage to mixedHJB 15M,Loss/HJB,14.0300000,0.148329523
PIRL lineage to mixedHJB 15M,Loss/HJB,14.0500000,0.165186059
PIRL lineage to mixedHJB 15M,Loss/HJB,14.0700000,0.170783886
PIRL lineage to mixedHJB 15M,Loss/HJB,14.0900000,0.166335469
PIRL lineage to mixedHJB 15M,Loss/HJB,14.1100000,0.180977052
PIRL lineage to mixedHJB 15M,Loss/HJB,14.1300000,0.181815162
PIRL lineage to mixedHJB 15M,Loss/HJB,14.1500000,0.158957599
PIRL lineage to mixedHJB 15M,Loss/HJB,14.1700000,0.182969238
PIRL lineage to mixedHJB 15M,Loss/HJB,14.1900000,0.176813085
PIRL lineage to mixedHJB 15M,Loss/HJB,14.2100000,0.166686319
PIRL lineage to mixedHJB 15M,Loss/HJB,14.2300000,0.15401177
PIRL lineage to mixedHJB 15M,Loss/HJB,14.2500000,0.16675818
PIRL lineage to mixedHJB 15M,Loss/HJB,14.2700000,0.152031568
PIRL lineage to mixedHJB 15M,Loss/HJB,14.2900000,0.152522072
PIRL lineage to mixedHJB 15M,Loss/HJB,14.3100000,0.138553011
PIRL lineage to mixedHJB 15M,Loss/HJB,14.3300000,0.145916717
PIRL lineage to mixedHJB 15M,Loss/HJB,14.3500000,0.142296673
PIRL lineage to mixedHJB 15M,Loss/HJB,14.3700000,0.122444816
PIRL lineage to mixedHJB 15M,Loss/HJB,14.3900000,0.109748228
PIRL lineage to mixedHJB 15M,Loss/HJB,14.4100000,0.112616234
PIRL lineage to mixedHJB 15M,Loss/HJB,14.4300000,0.114033024
PIRL lineage to mixedHJB 15M,Loss/HJB,14.4500000,0.131671198
PIRL lineage to mixedHJB 15M,Loss/HJB,14.4700000,0.151152538
PIRL lineage to mixedHJB 15M,Loss/HJB,14.4900000,0.178407793
PIRL lineage to mixedHJB 15M,Loss/HJB,14.5100000,0.192834567
PIRL lineage to mixedHJB 15M,Loss/HJB,14.5300000,0.188681643
PIRL lineage to mixedHJB 15M,Loss/HJB,14.5500000,0.178597648
PIRL lineage to mixedHJB 15M,Loss/HJB,14.5700000,0.17055078
PIRL lineage to mixedHJB 15M,Loss/HJB,14.5900000,0.13371236
PIRL lineage to mixedHJB 15M,Loss/HJB,14.6100000,0.133212352
PIRL lineage to mixedHJB 15M,Loss/HJB,14.6300000,0.146833865
PIRL lineage to mixedHJB 15M,Loss/HJB,14.6500000,0.181079514
PIRL lineage to mixedHJB 15M,Loss/HJB,14.6700000,0.178074871
PIRL lineage to mixedHJB 15M,Loss/HJB,14.6900000,0.19006488
PIRL lineage to mixedHJB 15M,Loss/HJB,14.7100000,0.178882501
PIRL lineage to mixedHJB 15M,Loss/HJB,14.7300000,0.20947946
PIRL lineage to mixedHJB 15M,Loss/HJB,14.7500000,0.162853092
PIRL lineage to mixedHJB 15M,Loss/HJB,14.7700000,0.173873848
PIRL lineage to mixedHJB 15M,Loss/HJB,14.7900000,0.180830786
PIRL lineage to mixedHJB 15M,Loss/HJB,14.8100000,0.167632136
PIRL lineage to mixedHJB 15M,Loss/HJB,14.8300000,0.137622997
PIRL lineage to mixedHJB 15M,Loss/HJB,14.8500000,0.163713878
PIRL lineage to mixedHJB 15M,Loss/HJB,14.8700000,0.155590087
PIRL lineage to mixedHJB 15M,Loss/HJB,14.8900000,0.143022144
PIRL lineage to mixedHJB 15M,Loss/HJB,14.9100000,0.170037106
PIRL lineage to mixedHJB 15M,Loss/HJB,14.9300000,0.165253565
PIRL lineage to mixedHJB 15M,Loss/HJB,14.9500000,0.145382784
PIRL lineage to mixedHJB 15M,Loss/HJB,14.9700000,0.136830586
PIRL lineage to mixedHJB 15M,Loss/HJB,14.9900000,0.137499793
TD3 fixedT baseline,Loss/HJB,0.0100000,1.02414224
TD3 fixedT baseline,Loss/HJB,0.0300000,1.47334902
TD3 fixedT baseline,Loss/HJB,0.0500000,2.68136575
TD3 fixedT baseline,Loss/HJB,0.0700000,3.40395529
TD3 fixedT baseline,Loss/HJB,0.0900000,3.31204283
TD3 fixedT baseline,Loss/HJB,0.1100000,3.85142965
TD3 fixedT baseline,Loss/HJB,0.1300000,3.81632814
TD3 fixedT baseline,Loss/HJB,0.1500000,2.65471466
TD3 fixedT baseline,Loss/HJB,0.1700000,2.54274061
TD3 fixedT baseline,Loss/HJB,0.1900000,2.50348544
TD3 fixedT baseline,Loss/HJB,0.2100000,2.07455976
TD3 fixedT baseline,Loss/HJB,0.2300000,1.80498521
TD3 fixedT baseline,Loss/HJB,0.2500000,1.79596694
TD3 fixedT baseline,Loss/HJB,0.2700000,1.1232666
TD3 fixedT baseline,Loss/HJB,0.2900000,1.01893909
TD3 fixedT baseline,Loss/HJB,0.3100000,1.21186376
TD3 fixedT baseline,Loss/HJB,0.3300000,1.00242984
TD3 fixedT baseline,Loss/HJB,0.3500000,0.974485922
TD3 fixedT baseline,Loss/HJB,0.3700000,1.63069985
TD3 fixedT baseline,Loss/HJB,0.3900000,1.85538509
TD3 fixedT baseline,Loss/HJB,0.4100000,3.07242429
TD3 fixedT baseline,Loss/HJB,0.4300000,5.22766671
TD3 fixedT baseline,Loss/HJB,0.4500000,6.22574725
TD3 fixedT baseline,Loss/HJB,0.4700000,6.03892865
TD3 fixedT baseline,Loss/HJB,0.4900000,6.35694623
TD3 fixedT baseline,Loss/HJB,0.5100000,5.75894799
TD3 fixedT baseline,Loss/HJB,0.5300000,4.30668883
TD3 fixedT baseline,Loss/HJB,0.5500000,3.93739886
TD3 fixedT baseline,Loss/HJB,0.5700000,4.67897501
TD3 fixedT baseline,Loss/HJB,0.5900000,5.10400801
TD3 fixedT baseline,Loss/HJB,0.6100000,4.79450364
TD3 fixedT baseline,Loss/HJB,0.6300000,4.79323983
TD3 fixedT baseline,Loss/HJB,0.6500000,4.66309905
TD3 fixedT baseline,Loss/HJB,0.6700000,3.85281358
TD3 fixedT baseline,Loss/HJB,0.6900000,3.41328793
TD3 fixedT baseline,Loss/HJB,0.7100000,3.10633612
TD3 fixedT baseline,Loss/HJB,0.7300000,2.48184102
TD3 fixedT baseline,Loss/HJB,0.7500000,2.19152296
TD3 fixedT baseline,Loss/HJB,0.7700000,1.95798824
TD3 fixedT baseline,Loss/HJB,0.7900000,1.55732684
TD3 fixedT baseline,Loss/HJB,0.8100000,1.80060487
TD3 fixedT baseline,Loss/HJB,0.8300000,1.85848258
TD3 fixedT baseline,Loss/HJB,0.8500000,1.83278272
TD3 fixedT baseline,Loss/HJB,0.8700000,1.74452636
TD3 fixedT baseline,Loss/HJB,0.8900000,1.77222891
TD3 fixedT baseline,Loss/HJB,0.9100000,1.29613463
TD3 fixedT baseline,Loss/HJB,0.9300000,1.42643791
TD3 fixedT baseline,Loss/HJB,0.9500000,1.33609799
TD3 fixedT baseline,Loss/HJB,0.9700000,1.30496554
TD3 fixedT baseline,Loss/HJB,0.9900000,1.1481938
TD3 fixedT baseline,Loss/HJB,1.0100000,1.0684026
TD3 fixedT baseline,Loss/HJB,1.0300000,0.861572552
TD3 fixedT baseline,Loss/HJB,1.0500000,0.789536977
TD3 fixedT baseline,Loss/HJB,1.0700000,0.719016737
TD3 fixedT baseline,Loss/HJB,1.0900000,0.69634034
TD3 fixedT baseline,Loss/HJB,1.1100000,0.859678882
TD3 fixedT baseline,Loss/HJB,1.1300000,0.894181126
TD3 fixedT baseline,Loss/HJB,1.1500000,0.846612853
TD3 fixedT baseline,Loss/HJB,1.1700000,0.903916276
TD3 fixedT baseline,Loss/HJB,1.1900000,0.877404273
TD3 fixedT baseline,Loss/HJB,1.2100000,0.742107034
TD3 fixedT baseline,Loss/HJB,1.2300000,0.804427648
TD3 fixedT baseline,Loss/HJB,1.2500000,0.795479059
TD3 fixedT baseline,Loss/HJB,1.2700000,0.787795603
TD3 fixedT baseline,Loss/HJB,1.2900000,0.858838749
TD3 fixedT baseline,Loss/HJB,1.3100000,0.859799516
TD3 fixedT baseline,Loss/HJB,1.3300000,0.710131514
TD3 fixedT baseline,Loss/HJB,1.3500000,0.748337686
TD3 fixedT baseline,Loss/HJB,1.3700000,0.743538296
TD3 fixedT baseline,Loss/HJB,1.3900000,0.896652067
TD3 fixedT baseline,Loss/HJB,1.4100000,0.910556567
TD3 fixedT baseline,Loss/HJB,1.4300000,1.01479107
TD3 fixedT baseline,Loss/HJB,1.4500000,1.08964702
TD3 fixedT baseline,Loss/HJB,1.4700000,1.19822791
TD3 fixedT baseline,Loss/HJB,1.4900000,0.969533968
TD3 fixedT baseline,Loss/HJB,1.5100000,1.11069129
TD3 fixedT baseline,Loss/HJB,1.5300000,1.02142568
TD3 fixedT baseline,Loss/HJB,1.5500000,1.21610436
TD3 fixedT baseline,Loss/HJB,1.5700000,1.26369078
TD3 fixedT baseline,Loss/HJB,1.5900000,1.30942842
TD3 fixedT baseline,Loss/HJB,1.6100000,1.23685676
TD3 fixedT baseline,Loss/HJB,1.6300000,1.24296319
TD3 fixedT baseline,Loss/HJB,1.6500000,0.974237168
TD3 fixedT baseline,Loss/HJB,1.6700000,1.07148534
TD3 fixedT baseline,Loss/HJB,1.6900000,1.17747288
TD3 fixedT baseline,Loss/HJB,1.7100000,1.38104196
TD3 fixedT baseline,Loss/HJB,1.7300000,1.50710591
TD3 fixedT baseline,Loss/HJB,1.7500000,1.63714504
TD3 fixedT baseline,Loss/HJB,1.7700000,1.42454882
TD3 fixedT baseline,Loss/HJB,1.7900000,1.65925269
TD3 fixedT baseline,Loss/HJB,1.8100000,1.45054798
TD3 fixedT baseline,Loss/HJB,1.8300000,1.45972505
TD3 fixedT baseline,Loss/HJB,1.8500000,1.69560905
TD3 fixedT baseline,Loss/HJB,1.8700000,1.95760698
TD3 fixedT baseline,Loss/HJB,1.8900000,1.767173
TD3 fixedT baseline,Loss/HJB,1.9100000,1.81299973
TD3 fixedT baseline,Loss/HJB,1.9300000,2.00157475
TD3 fixedT baseline,Loss/HJB,1.9500000,1.68695314
TD3 fixedT baseline,Loss/HJB,1.9700000,1.42737056
TD3 fixedT baseline,Loss/HJB,1.9900000,1.55513545
TD3 fixedT baseline,Loss/HJB,2.0100000,1.73330694
TD3 fixedT baseline,Loss/HJB,2.0300000,1.74943477
TD3 fixedT baseline,Loss/HJB,2.0500000,1.73335127
TD3 fixedT baseline,Loss/HJB,2.0700000,1.92171278
TD3 fixedT baseline,Loss/HJB,2.0900000,1.94620357
TD3 fixedT baseline,Loss/HJB,2.1100000,2.12750092
TD3 fixedT baseline,Loss/HJB,2.1300000,2.14378033
TD3 fixedT baseline,Loss/HJB,2.1500000,2.42180705
TD3 fixedT baseline,Loss/HJB,2.1700000,2.29395211
TD3 fixedT baseline,Loss/HJB,2.1900000,2.01304539
TD3 fixedT baseline,Loss/HJB,2.2100000,1.56746799
TD3 fixedT baseline,Loss/HJB,2.2300000,1.2634617
TD3 fixedT baseline,Loss/HJB,2.2500000,0.963855612
TD3 fixedT baseline,Loss/HJB,2.2700000,0.99856056
TD3 fixedT baseline,Loss/HJB,2.2900000,1.22268312
TD3 fixedT baseline,Loss/HJB,2.3100000,1.3995636
TD3 fixedT baseline,Loss/HJB,2.3300000,1.47958415
TD3 fixedT baseline,Loss/HJB,2.3500000,1.63607485
TD3 fixedT baseline,Loss/HJB,2.3700000,2.03024409
TD3 fixedT baseline,Loss/HJB,2.3900000,1.956762
TD3 fixedT baseline,Loss/HJB,2.4100000,2.37133205
TD3 fixedT baseline,Loss/HJB,2.4300000,2.78859506
TD3 fixedT baseline,Loss/HJB,2.4500000,2.59066439
TD3 fixedT baseline,Loss/HJB,2.4700000,2.36640739
TD3 fixedT baseline,Loss/HJB,2.4900000,2.65849676
TD3 fixedT baseline,Loss/HJB,2.5100000,2.31185598
TD3 fixedT baseline,Loss/HJB,2.5300000,2.13848715
TD3 fixedT baseline,Loss/HJB,2.5500000,2.39201145
TD3 fixedT baseline,Loss/HJB,2.5700000,2.24881458
TD3 fixedT baseline,Loss/HJB,2.5900000,1.9137152
TD3 fixedT baseline,Loss/HJB,2.6100000,2.16753376
TD3 fixedT baseline,Loss/HJB,2.6300000,1.9926945
TD3 fixedT baseline,Loss/HJB,2.6500000,2.19949582
TD3 fixedT baseline,Loss/HJB,2.6700000,2.2875113
TD3 fixedT baseline,Loss/HJB,2.6900000,2.76671875
TD3 fixedT baseline,Loss/HJB,2.7100000,2.56804578
TD3 fixedT baseline,Loss/HJB,2.7300000,2.76602895
TD3 fixedT baseline,Loss/HJB,2.7500000,2.72950175
TD3 fixedT baseline,Loss/HJB,2.7700000,2.75759478
TD3 fixedT baseline,Loss/HJB,2.7900000,2.67437358
TD3 fixedT baseline,Loss/HJB,2.8100000,2.60622311
TD3 fixedT baseline,Loss/HJB,2.8300000,2.4693871
TD3 fixedT baseline,Loss/HJB,2.8500000,2.45839596
TD3 fixedT baseline,Loss/HJB,2.8700000,2.50873027
TD3 fixedT baseline,Loss/HJB,2.8900000,2.3026897
TD3 fixedT baseline,Loss/HJB,2.9100000,2.76553569
TD3 fixedT baseline,Loss/HJB,2.9300000,2.79368339
TD3 fixedT baseline,Loss/HJB,2.9500000,2.89210877
TD3 fixedT baseline,Loss/HJB,2.9700000,2.77291021
TD3 fixedT baseline,Loss/HJB,2.9900000,3.72249584
TD3 fixedT baseline,Loss/HJB,3.0100000,3.21448331
TD3 fixedT baseline,Loss/HJB,3.0300000,3.16870317
TD3 fixedT baseline,Loss/HJB,3.0500000,3.18752928
TD3 fixedT baseline,Loss/HJB,3.0700000,3.94888544
TD3 fixedT baseline,Loss/HJB,3.0900000,3.29645128
TD3 fixedT baseline,Loss/HJB,3.1100000,4.14981246
TD3 fixedT baseline,Loss/HJB,3.1300000,4.49273958
TD3 fixedT baseline,Loss/HJB,3.1500000,4.81517982
TD3 fixedT baseline,Loss/HJB,3.1700000,4.84443235
TD3 fixedT baseline,Loss/HJB,3.1900000,4.70189767
TD3 fixedT baseline,Loss/HJB,3.2100000,4.20769434
TD3 fixedT baseline,Loss/HJB,3.2300000,4.20955987
TD3 fixedT baseline,Loss/HJB,3.2500000,3.5367022
TD3 fixedT baseline,Loss/HJB,3.2700000,2.95078797
TD3 fixedT baseline,Loss/HJB,3.2900000,2.91821938
TD3 fixedT baseline,Loss/HJB,3.3100000,3.05712075
TD3 fixedT baseline,Loss/HJB,3.3300000,2.82771263
TD3 fixedT baseline,Loss/HJB,3.3500000,3.37902212
TD3 fixedT baseline,Loss/HJB,3.3700000,3.32662368
TD3 fixedT baseline,Loss/HJB,3.3900000,3.33338242
TD3 fixedT baseline,Loss/HJB,3.4100000,3.02610397
TD3 fixedT baseline,Loss/HJB,3.4300000,3.20250235
TD3 fixedT baseline,Loss/HJB,3.4500000,2.87561255
TD3 fixedT baseline,Loss/HJB,3.4700000,3.42594619
TD3 fixedT baseline,Loss/HJB,3.4900000,3.57105045
TD3 fixedT baseline,Loss/HJB,3.5100000,3.48218174
TD3 fixedT baseline,Loss/HJB,3.5300000,4.10947685
TD3 fixedT baseline,Loss/HJB,3.5500000,4.75752649
TD3 fixedT baseline,Loss/HJB,3.5700000,4.35799518
TD3 fixedT baseline,Loss/HJB,3.5900000,4.4638576
TD3 fixedT baseline,Loss/HJB,3.6100000,4.62214847
TD3 fixedT baseline,Loss/HJB,3.6300000,4.53705211
TD3 fixedT baseline,Loss/HJB,3.6500000,4.22327647
TD3 fixedT baseline,Loss/HJB,3.6700000,4.19351716
TD3 fixedT baseline,Loss/HJB,3.6900000,4.54485135
TD3 fixedT baseline,Loss/HJB,3.7100000,4.86143441
TD3 fixedT baseline,Loss/HJB,3.7300000,4.2481916
TD3 fixedT baseline,Loss/HJB,3.7500000,4.39634318
TD3 fixedT baseline,Loss/HJB,3.7700000,4.35512695
TD3 fixedT baseline,Loss/HJB,3.7900000,4.5144556
TD3 fixedT baseline,Loss/HJB,3.8100000,4.76605434
TD3 fixedT baseline,Loss/HJB,3.8300000,4.95738716
TD3 fixedT baseline,Loss/HJB,3.8500000,4.86092625
TD3 fixedT baseline,Loss/HJB,3.8700000,5.09431839
TD3 fixedT baseline,Loss/HJB,3.8900000,4.67504616
TD3 fixedT baseline,Loss/HJB,3.9100000,4.40138292
TD3 fixedT baseline,Loss/HJB,3.9300000,4.6291379
TD3 fixedT baseline,Loss/HJB,3.9500000,4.21479597
TD3 fixedT baseline,Loss/HJB,3.9700000,4.42215652
TD3 fixedT baseline,Loss/HJB,3.9900000,4.20280371
TD3 fixedT baseline,Loss/HJB,4.0100000,4.20985374
TD3 fixedT baseline,Loss/HJB,4.0300000,3.75884161
TD3 fixedT baseline,Loss/HJB,4.0500000,4.16322927
TD3 fixedT baseline,Loss/HJB,4.0700000,3.71523905
TD3 fixedT baseline,Loss/HJB,4.0900000,4.06273088
TD3 fixedT baseline,Loss/HJB,4.1100000,4.13910608
TD3 fixedT baseline,Loss/HJB,4.1300000,4.61503763
TD3 fixedT baseline,Loss/HJB,4.1500000,4.59233656
TD3 fixedT baseline,Loss/HJB,4.1700000,4.86553965
TD3 fixedT baseline,Loss/HJB,4.1900000,4.34533343
TD3 fixedT baseline,Loss/HJB,4.2100000,4.49395738
TD3 fixedT baseline,Loss/HJB,4.2300000,4.36276641
TD3 fixedT baseline,Loss/HJB,4.2500000,5.01849723
TD3 fixedT baseline,Loss/HJB,4.2700000,5.15496631
TD3 fixedT baseline,Loss/HJB,4.2900000,5.39235764
TD3 fixedT baseline,Loss/HJB,4.3100000,5.27160196
TD3 fixedT baseline,Loss/HJB,4.3300000,5.02824183
TD3 fixedT baseline,Loss/HJB,4.3500000,4.525179
TD3 fixedT baseline,Loss/HJB,4.3700000,5.23253717
TD3 fixedT baseline,Loss/HJB,4.3900000,5.2123827
TD3 fixedT baseline,Loss/HJB,4.4100000,4.7542295
TD3 fixedT baseline,Loss/HJB,4.4300000,5.19797826
TD3 fixedT baseline,Loss/HJB,4.4500000,4.94731565
TD3 fixedT baseline,Loss/HJB,4.4700000,4.11467757
TD3 fixedT baseline,Loss/HJB,4.4900000,5.13049493
TD3 fixedT baseline,Loss/HJB,4.5100000,5.68314829
TD3 fixedT baseline,Loss/HJB,4.5300000,5.16009741
TD3 fixedT baseline,Loss/HJB,4.5500000,5.38093891
TD3 fixedT baseline,Loss/HJB,4.5700000,5.60233936
TD3 fixedT baseline,Loss/HJB,4.5900000,4.96240683
TD3 fixedT baseline,Loss/HJB,4.6100000,4.80408964
TD3 fixedT baseline,Loss/HJB,4.6300000,5.0505331
TD3 fixedT baseline,Loss/HJB,4.6500000,4.8089097
TD3 fixedT baseline,Loss/HJB,4.6700000,4.95226774
TD3 fixedT baseline,Loss/HJB,4.6900000,5.16886454
TD3 fixedT baseline,Loss/HJB,4.7100000,5.3470911
TD3 fixedT baseline,Loss/HJB,4.7300000,5.71440516
TD3 fixedT baseline,Loss/HJB,4.7500000,5.8064971
TD3 fixedT baseline,Loss/HJB,4.7700000,5.95991936
TD3 fixedT baseline,Loss/HJB,4.7900000,5.79048052
TD3 fixedT baseline,Loss/HJB,4.8100000,5.79888744
TD3 fixedT baseline,Loss/HJB,4.8300000,6.33775043
TD3 fixedT baseline,Loss/HJB,4.8500000,6.56220818
TD3 fixedT baseline,Loss/HJB,4.8700000,6.28548985
TD3 fixedT baseline,Loss/HJB,4.8900000,6.43866501
TD3 fixedT baseline,Loss/HJB,4.9100000,6.40085649
TD3 fixedT baseline,Loss/HJB,4.9300000,5.58297682
TD3 fixedT baseline,Loss/HJB,4.9500000,5.39071903
TD3 fixedT baseline,Loss/HJB,4.9700000,5.51822815
TD3 fixedT baseline,Loss/HJB,4.9900000,5.99922085
TD3 fixedT baseline,Loss/HJB,5.0100000,5.81375141
TD3 fixedT baseline,Loss/HJB,5.0300000,5.81798315
TD3 fixedT baseline,Loss/HJB,5.0500000,5.90505219
TD3 fixedT baseline,Loss/HJB,5.0700000,5.88312798
TD3 fixedT baseline,Loss/HJB,5.0900000,5.26728802
TD3 fixedT baseline,Loss/HJB,5.1100000,5.93383493
TD3 fixedT baseline,Loss/HJB,5.1300000,6.00841932
TD3 fixedT baseline,Loss/HJB,5.1500000,5.91257687
TD3 fixedT baseline,Loss/HJB,5.1700000,5.84741783
TD3 fixedT baseline,Loss/HJB,5.1900000,6.00727053
TD3 fixedT baseline,Loss/HJB,5.2100000,6.10756769
TD3 fixedT baseline,Loss/HJB,5.2300000,6.1005022
TD3 fixedT baseline,Loss/HJB,5.2500000,6.55794706
TD3 fixedT baseline,Loss/HJB,5.2700000,6.43955517
TD3 fixedT baseline,Loss/HJB,5.2900000,6.5003396
TD3 fixedT baseline,Loss/HJB,5.3100000,5.89910326
TD3 fixedT baseline,Loss/HJB,5.3300000,6.02200403
TD3 fixedT baseline,Loss/HJB,5.3500000,5.77219963
TD3 fixedT baseline,Loss/HJB,5.3700000,6.30648909
TD3 fixedT baseline,Loss/HJB,5.3900000,6.24394817
TD3 fixedT baseline,Loss/HJB,5.4100000,6.32850437
TD3 fixedT baseline,Loss/HJB,5.4300000,6.06174021
TD3 fixedT baseline,Loss/HJB,5.4500000,6.05856009
TD3 fixedT baseline,Loss/HJB,5.4700000,5.60797815
TD3 fixedT baseline,Loss/HJB,5.4900000,5.20421953
TD3 fixedT baseline,Loss/HJB,5.5100000,6.38175821
TD3 fixedT baseline,Loss/HJB,5.5300000,7.43354378
TD3 fixedT baseline,Loss/HJB,5.5500000,7.29848671
TD3 fixedT baseline,Loss/HJB,5.5700000,7.77728777
TD3 fixedT baseline,Loss/HJB,5.5900000,8.33836861
TD3 fixedT baseline,Loss/HJB,5.6100000,6.97940445
TD3 fixedT baseline,Loss/HJB,5.6300000,6.51080885
TD3 fixedT baseline,Loss/HJB,5.6500000,7.22072563
TD3 fixedT baseline,Loss/HJB,5.6700000,7.27860899
TD3 fixedT baseline,Loss/HJB,5.6900000,6.95437622
TD3 fixedT baseline,Loss/HJB,5.7100000,6.96792259
TD3 fixedT baseline,Loss/HJB,5.7300000,7.441891
TD3 fixedT baseline,Loss/HJB,5.7500000,7.07586536
TD3 fixedT baseline,Loss/HJB,5.7700000,6.88376741
TD3 fixedT baseline,Loss/HJB,5.7900000,7.21406479
TD3 fixedT baseline,Loss/HJB,5.8100000,7.35734081
TD3 fixedT baseline,Loss/HJB,5.8300000,6.69557877
TD3 fixedT baseline,Loss/HJB,5.8500000,6.61976233
TD3 fixedT baseline,Loss/HJB,5.8700000,6.32520094
TD3 fixedT baseline,Loss/HJB,5.8900000,6.35955544
TD3 fixedT baseline,Loss/HJB,5.9100000,6.04626579
TD3 fixedT baseline,Loss/HJB,5.9300000,6.09088631
TD3 fixedT baseline,Loss/HJB,5.9500000,6.1365612
TD3 fixedT baseline,Loss/HJB,5.9700000,6.04554853
TD3 fixedT baseline,Loss/HJB,5.9900000,6.10668221
TD3 fixedT baseline,Loss/HJB,6.0100000,6.73375587
TD3 fixedT baseline,Loss/HJB,6.0300000,6.83212471
TD3 fixedT baseline,Loss/HJB,6.0500000,7.27344208
TD3 fixedT baseline,Loss/HJB,6.0700000,7.22365704
TD3 fixedT baseline,Loss/HJB,6.0900000,6.91816778
TD3 fixedT baseline,Loss/HJB,6.1100000,6.81676826
TD3 fixedT baseline,Loss/HJB,6.1300000,6.53656712
TD3 fixedT baseline,Loss/HJB,6.1500000,6.21245022
TD3 fixedT baseline,Loss/HJB,6.1700000,6.49751282
TD3 fixedT baseline,Loss/HJB,6.1900000,6.02169514
TD3 fixedT baseline,Loss/HJB,6.2100000,6.06072989
TD3 fixedT baseline,Loss/HJB,6.2300000,6.00481071
TD3 fixedT baseline,Loss/HJB,6.2500000,5.8514761
TD3 fixedT baseline,Loss/HJB,6.2700000,6.76261234
TD3 fixedT baseline,Loss/HJB,6.2900000,7.18868017
TD3 fixedT baseline,Loss/HJB,6.3100000,6.99466267
TD3 fixedT baseline,Loss/HJB,6.3300000,7.24042177
TD3 fixedT baseline,Loss/HJB,6.3500000,6.95358
TD3 fixedT baseline,Loss/HJB,6.3700000,5.96803665
TD3 fixedT baseline,Loss/HJB,6.3900000,6.36102657
TD3 fixedT baseline,Loss/HJB,6.4100000,7.11634588
TD3 fixedT baseline,Loss/HJB,6.4300000,7.2182127
TD3 fixedT baseline,Loss/HJB,6.4500000,7.25053349
TD3 fixedT baseline,Loss/HJB,6.4700000,8.17985315
TD3 fixedT baseline,Loss/HJB,6.4900000,7.97147875
TD3 fixedT baseline,Loss/HJB,6.5100000,7.18693333
TD3 fixedT baseline,Loss/HJB,6.5300000,6.99065142
TD3 fixedT baseline,Loss/HJB,6.5500000,7.31185884
TD3 fixedT baseline,Loss/HJB,6.5700000,7.70181284
TD3 fixedT baseline,Loss/HJB,6.5900000,7.9042573
TD3 fixedT baseline,Loss/HJB,6.6100000,8.21953764
TD3 fixedT baseline,Loss/HJB,6.6300000,8.2003871
TD3 fixedT baseline,Loss/HJB,6.6500000,8.59761915
TD3 fixedT baseline,Loss/HJB,6.6700000,7.9942502
TD3 fixedT baseline,Loss/HJB,6.6900000,7.47267962
TD3 fixedT baseline,Loss/HJB,6.7100000,7.4243166
TD3 fixedT baseline,Loss/HJB,6.7300000,7.47711391
TD3 fixedT baseline,Loss/HJB,6.7500000,7.28390808
TD3 fixedT baseline,Loss/HJB,6.7700000,6.75203323
TD3 fixedT baseline,Loss/HJB,6.7900000,7.21562119
TD3 fixedT baseline,Loss/HJB,6.8100000,6.58348665
TD3 fixedT baseline,Loss/HJB,6.8300000,6.67117872
TD3 fixedT baseline,Loss/HJB,6.8500000,6.72044601
TD3 fixedT baseline,Loss/HJB,6.8700000,7.63639431
TD3 fixedT baseline,Loss/HJB,6.8900000,7.41116829
TD3 fixedT baseline,Loss/HJB,6.9100000,8.22596693
TD3 fixedT baseline,Loss/HJB,6.9300000,7.9627387
TD3 fixedT baseline,Loss/HJB,6.9500000,7.8632473
TD3 fixedT baseline,Loss/HJB,6.9700000,6.9825037
TD3 fixedT baseline,Loss/HJB,6.9900000,6.70983601
TD3 fixedT baseline,Loss/HJB,7.0100000,6.89558659
TD3 fixedT baseline,Loss/HJB,7.0300000,8.15335236
TD3 fixedT baseline,Loss/HJB,7.0500000,8.00818481
TD3 fixedT baseline,Loss/HJB,7.0700000,7.73503466
TD3 fixedT baseline,Loss/HJB,7.0900000,8.43347406
TD3 fixedT baseline,Loss/HJB,7.1100000,8.15265198
TD3 fixedT baseline,Loss/HJB,7.1300000,7.58409805
TD3 fixedT baseline,Loss/HJB,7.1500000,7.17194891
TD3 fixedT baseline,Loss/HJB,7.1700000,7.85858574
TD3 fixedT baseline,Loss/HJB,7.1900000,7.64298286
TD3 fixedT baseline,Loss/HJB,7.2100000,7.75635996
TD3 fixedT baseline,Loss/HJB,7.2300000,7.54216595
TD3 fixedT baseline,Loss/HJB,7.2500000,7.76827879
TD3 fixedT baseline,Loss/HJB,7.2700000,7.9082345
TD3 fixedT baseline,Loss/HJB,7.2900000,8.47443228
TD3 fixedT baseline,Loss/HJB,7.3100000,8.42528448
TD3 fixedT baseline,Loss/HJB,7.3300000,8.36263905
TD3 fixedT baseline,Loss/HJB,7.3500000,8.62610893
TD3 fixedT baseline,Loss/HJB,7.3700000,8.15279408
TD3 fixedT baseline,Loss/HJB,7.3900000,7.34544249
TD3 fixedT baseline,Loss/HJB,7.4100000,7.55741987
TD3 fixedT baseline,Loss/HJB,7.4300000,7.63198605
TD3 fixedT baseline,Loss/HJB,7.4500000,7.67484961
TD3 fixedT baseline,Loss/HJB,7.4700000,7.86371241
TD3 fixedT baseline,Loss/HJB,7.4900000,7.56990423
TD3 fixedT baseline,Loss/HJB,7.5100000,7.0021615
TD3 fixedT baseline,Loss/HJB,7.5300000,6.54625978
TD3 fixedT baseline,Loss/HJB,7.5500000,6.6569293
TD3 fixedT baseline,Loss/HJB,7.5700000,7.17183237
TD3 fixedT baseline,Loss/HJB,7.5900000,8.1352808
TD3 fixedT baseline,Loss/HJB,7.6100000,8.1341711
TD3 fixedT baseline,Loss/HJB,7.6300000,9.00009813
TD3 fixedT baseline,Loss/HJB,7.6500000,8.64733353
TD3 fixedT baseline,Loss/HJB,7.6700000,7.85431929
TD3 fixedT baseline,Loss/HJB,7.6900000,8.01552401
TD3 fixedT baseline,Loss/HJB,7.7100000,9.08593931
TD3 fixedT baseline,Loss/HJB,7.7300000,8.04985952
TD3 fixedT baseline,Loss/HJB,7.7500000,8.27636118
TD3 fixedT baseline,Loss/HJB,7.7700000,8.38214016
TD3 fixedT baseline,Loss/HJB,7.7900000,8.52267933
TD3 fixedT baseline,Loss/HJB,7.8100000,7.42614088
TD3 fixedT baseline,Loss/HJB,7.8300000,7.63355684
TD3 fixedT baseline,Loss/HJB,7.8500000,7.67793684
TD3 fixedT baseline,Loss/HJB,7.8700000,8.09687452
TD3 fixedT baseline,Loss/HJB,7.8900000,7.44138556
TD3 fixedT baseline,Loss/HJB,7.9100000,7.64010792
TD3 fixedT baseline,Loss/HJB,7.9300000,7.80196915
TD3 fixedT baseline,Loss/HJB,7.9500000,7.76988735
TD3 fixedT baseline,Loss/HJB,7.9700000,7.95181732
TD3 fixedT baseline,Loss/HJB,7.9900000,8.41795464
TD3 fixedT baseline,Loss/HJB,8.0100000,8.81507072
TD3 fixedT baseline,Loss/HJB,8.0300000,9.17627258
TD3 fixedT baseline,Loss/HJB,8.0500000,8.91222744
TD3 fixedT baseline,Loss/HJB,8.0700000,8.38509712
TD3 fixedT baseline,Loss/HJB,8.0900000,7.45048504
TD3 fixedT baseline,Loss/HJB,8.1100000,7.37323475
TD3 fixedT baseline,Loss/HJB,8.1300000,7.64636173
TD3 fixedT baseline,Loss/HJB,8.1500000,8.17212772
TD3 fixedT baseline,Loss/HJB,8.1700000,8.3121191
TD3 fixedT baseline,Loss/HJB,8.1900000,8.12790318
TD3 fixedT baseline,Loss/HJB,8.2100000,7.751085
TD3 fixedT baseline,Loss/HJB,8.2300000,7.21276894
TD3 fixedT baseline,Loss/HJB,8.2500000,6.7646574
TD3 fixedT baseline,Loss/HJB,8.2700000,6.21261969
TD3 fixedT baseline,Loss/HJB,8.2900000,6.63294964
TD3 fixedT baseline,Loss/HJB,8.3100000,7.15495214
TD3 fixedT baseline,Loss/HJB,8.3300000,7.09254656
TD3 fixedT baseline,Loss/HJB,8.3500000,7.33569183
TD3 fixedT baseline,Loss/HJB,8.3700000,7.12980576
TD3 fixedT baseline,Loss/HJB,8.3900000,7.12883863
TD3 fixedT baseline,Loss/HJB,8.4100000,6.90919409
TD3 fixedT baseline,Loss/HJB,8.4300000,7.56086216
TD3 fixedT baseline,Loss/HJB,8.4500000,7.32432299
TD3 fixedT baseline,Loss/HJB,8.4700000,7.8155509
TD3 fixedT baseline,Loss/HJB,8.4900000,7.55291538
TD3 fixedT baseline,Loss/HJB,8.5100000,7.26718445
TD3 fixedT baseline,Loss/HJB,8.5300000,7.97027798
TD3 fixedT baseline,Loss/HJB,8.5500000,8.79780693
TD3 fixedT baseline,Loss/HJB,8.5700000,9.19463587
TD3 fixedT baseline,Loss/HJB,8.5900000,9.63885002
TD3 fixedT baseline,Loss/HJB,8.6100000,10.2472069
TD3 fixedT baseline,Loss/HJB,8.6300000,9.22208099
TD3 fixedT baseline,Loss/HJB,8.6500000,8.9959938
TD3 fixedT baseline,Loss/HJB,8.6700000,9.16007843
TD3 fixedT baseline,Loss/HJB,8.6900000,9.13033886
TD3 fixedT baseline,Loss/HJB,8.7100000,8.64896755
TD3 fixedT baseline,Loss/HJB,8.7300000,9.17001953
TD3 fixedT baseline,Loss/HJB,8.7500000,9.88763237
TD3 fixedT baseline,Loss/HJB,8.7700000,8.89580994
TD3 fixedT baseline,Loss/HJB,8.7900000,8.48889818
TD3 fixedT baseline,Loss/HJB,8.8100000,8.35131645
TD3 fixedT baseline,Loss/HJB,8.8300000,7.7757144
TD3 fixedT baseline,Loss/HJB,8.8500000,6.83018408
TD3 fixedT baseline,Loss/HJB,8.8700000,7.67469931
TD3 fixedT baseline,Loss/HJB,8.8900000,8.32055893
TD3 fixedT baseline,Loss/HJB,8.9100000,8.15885563
TD3 fixedT baseline,Loss/HJB,8.9300000,7.48393946
TD3 fixedT baseline,Loss/HJB,8.9500000,6.97595415
TD3 fixedT baseline,Loss/HJB,8.9700000,6.33971701
TD3 fixedT baseline,Loss/HJB,8.9900000,5.50706139
TD3 fixedT baseline,Loss/HJB,9.0100000,5.64880552
TD3 fixedT baseline,Loss/HJB,9.0300000,5.95827856
TD3 fixedT baseline,Loss/HJB,9.0500000,6.6111001
TD3 fixedT baseline,Loss/HJB,9.0700000,7.81985121
TD3 fixedT baseline,Loss/HJB,9.0900000,8.47523708
TD3 fixedT baseline,Loss/HJB,9.1100000,8.31752157
TD3 fixedT baseline,Loss/HJB,9.1300000,8.86231546
TD3 fixedT baseline,Loss/HJB,9.1500000,8.40469036
TD3 fixedT baseline,Loss/HJB,9.1700000,7.36556721
TD3 fixedT baseline,Loss/HJB,9.1900000,7.41908283
TD3 fixedT baseline,Loss/HJB,9.2100000,7.85616579
TD3 fixedT baseline,Loss/HJB,9.2300000,7.48287868
TD3 fixedT baseline,Loss/HJB,9.2500000,7.29523544
TD3 fixedT baseline,Loss/HJB,9.2700000,7.71584072
TD3 fixedT baseline,Loss/HJB,9.2900000,7.56964579
TD3 fixedT baseline,Loss/HJB,9.3100000,7.34531698
TD3 fixedT baseline,Loss/HJB,9.3300000,7.80141258
TD3 fixedT baseline,Loss/HJB,9.3500000,8.34236689
TD3 fixedT baseline,Loss/HJB,9.3700000,9.04863958
TD3 fixedT baseline,Loss/HJB,9.3900000,9.2804121
TD3 fixedT baseline,Loss/HJB,9.4100000,9.46423235
TD3 fixedT baseline,Loss/HJB,9.4300000,8.84071169
TD3 fixedT baseline,Loss/HJB,9.4500000,8.95444651
TD3 fixedT baseline,Loss/HJB,9.4700000,7.38688011
TD3 fixedT baseline,Loss/HJB,9.4900000,7.0119668
TD3 fixedT baseline,Loss/HJB,9.5100000,6.77591505
TD3 fixedT baseline,Loss/HJB,9.5300000,6.67759085
TD3 fixedT baseline,Loss/HJB,9.5500000,6.46990757
TD3 fixedT baseline,Loss/HJB,9.5700000,7.32567282
TD3 fixedT baseline,Loss/HJB,9.5900000,8.61238937
TD3 fixedT baseline,Loss/HJB,9.6100000,8.81442842
TD3 fixedT baseline,Loss/HJB,9.6300000,9.32603579
TD3 fixedT baseline,Loss/HJB,9.6500000,10.133902
TD3 fixedT baseline,Loss/HJB,9.6700000,9.51262703
TD3 fixedT baseline,Loss/HJB,9.6900000,7.86796131
TD3 fixedT baseline,Loss/HJB,9.7100000,7.34024725
TD3 fixedT baseline,Loss/HJB,9.7300000,6.85075607
TD3 fixedT baseline,Loss/HJB,9.7500000,5.84815702
TD3 fixedT baseline,Loss/HJB,9.7700000,6.59209013
TD3 fixedT baseline,Loss/HJB,9.7900000,7.1370656
TD3 fixedT baseline,Loss/HJB,9.8100000,8.2026762
TD3 fixedT baseline,Loss/HJB,9.8300000,8.57159147
TD3 fixedT baseline,Loss/HJB,9.8500000,9.27764034
TD3 fixedT baseline,Loss/HJB,9.8700000,8.64871979
TD3 fixedT baseline,Loss/HJB,9.8900000,8.6613348
TD3 fixedT baseline,Loss/HJB,9.9100000,7.84520407
TD3 fixedT baseline,Loss/HJB,9.9300000,8.09101324
TD3 fixedT baseline,Loss/HJB,9.9500000,7.39428864
TD3 fixedT baseline,Loss/HJB,9.9700000,7.28893805
TD3 fixedT baseline,Loss/HJB,9.9900000,6.90335121
TD3 fixedT baseline,Loss/HJB,10.0100000,6.87295685
TD3 randT baseline,Loss/HJB,1.0100000,0.772113156
TD3 randT baseline,Loss/HJB,1.0300000,0.712273479
TD3 randT baseline,Loss/HJB,1.0500000,0.68797605
TD3 randT baseline,Loss/HJB,1.0700000,0.63676908
TD3 randT baseline,Loss/HJB,1.0900000,0.697373545
TD3 randT baseline,Loss/HJB,1.1100000,0.707071567
TD3 randT baseline,Loss/HJB,1.1300000,0.700308883
TD3 randT baseline,Loss/HJB,1.1500000,0.689218962
TD3 randT baseline,Loss/HJB,1.1700000,0.669966751
TD3 randT baseline,Loss/HJB,1.1900000,0.580622977
TD3 randT baseline,Loss/HJB,1.2100000,0.631847018
TD3 randT baseline,Loss/HJB,1.2300000,0.737292343
TD3 randT baseline,Loss/HJB,1.2500000,0.694026202
TD3 randT baseline,Loss/HJB,1.2700000,0.792522848
TD3 randT baseline,Loss/HJB,1.2900000,0.820634246
TD3 randT baseline,Loss/HJB,1.3100000,0.853814292
TD3 randT baseline,Loss/HJB,1.3300000,0.797634423
TD3 randT baseline,Loss/HJB,1.3500000,0.843185782
TD3 randT baseline,Loss/HJB,1.3700000,0.752883327
TD3 randT baseline,Loss/HJB,1.3900000,0.678812397
TD3 randT baseline,Loss/HJB,1.4100000,0.695665467
TD3 randT baseline,Loss/HJB,1.4300000,0.643559635
TD3 randT baseline,Loss/HJB,1.4500000,0.572590053
TD3 randT baseline,Loss/HJB,1.4700000,0.573039484
TD3 randT baseline,Loss/HJB,1.4900000,0.676249313
TD3 randT baseline,Loss/HJB,1.5100000,0.545743895
TD3 randT baseline,Loss/HJB,1.5300000,0.573084795
TD3 randT baseline,Loss/HJB,1.5500000,0.722467053
TD3 randT baseline,Loss/HJB,1.5700000,0.702897704
TD3 randT baseline,Loss/HJB,1.5900000,0.761905777
TD3 randT baseline,Loss/HJB,1.6100000,0.957953751
TD3 randT baseline,Loss/HJB,1.6300000,0.955755377
TD3 randT baseline,Loss/HJB,1.6500000,0.864891934
TD3 randT baseline,Loss/HJB,1.6700000,0.884183109
TD3 randT baseline,Loss/HJB,1.6900000,0.757122552
TD3 randT baseline,Loss/HJB,1.7100000,0.662553227
TD3 randT baseline,Loss/HJB,1.7300000,0.777661109
TD3 randT baseline,Loss/HJB,1.7500000,0.752391726
TD3 randT baseline,Loss/HJB,1.7700000,0.847894031
TD3 randT baseline,Loss/HJB,1.7900000,0.949463135
TD3 randT baseline,Loss/HJB,1.8100000,0.896506339
TD3 randT baseline,Loss/HJB,1.8300000,0.773474365
TD3 randT baseline,Loss/HJB,1.8500000,0.789350581
TD3 randT baseline,Loss/HJB,1.8700000,0.770829439
TD3 randT baseline,Loss/HJB,1.8900000,0.772571468
TD3 randT baseline,Loss/HJB,1.9100000,0.74932214
TD3 randT baseline,Loss/HJB,1.9300000,0.756538403
TD3 randT baseline,Loss/HJB,1.9500000,0.891882145
TD3 randT baseline,Loss/HJB,1.9700000,0.869615853
TD3 randT baseline,Loss/HJB,1.9900000,0.837212479
TD3 randT baseline,Loss/HJB,2.0100000,0.760889292
TD3 randT baseline,Loss/HJB,2.0300000,0.705062371
TD3 randT baseline,Loss/HJB,2.0500000,0.602805501
TD3 randT baseline,Loss/HJB,2.0700000,0.775884014
TD3 randT baseline,Loss/HJB,2.0900000,0.832438117
TD3 randT baseline,Loss/HJB,2.1100000,0.966333777
TD3 randT baseline,Loss/HJB,2.1300000,1.00066399
TD3 randT baseline,Loss/HJB,2.1500000,1.0096065
TD3 randT baseline,Loss/HJB,2.1700000,0.814094681
TD3 randT baseline,Loss/HJB,2.1900000,0.733178943
TD3 randT baseline,Loss/HJB,2.2100000,1.34957992
TD3 randT baseline,Loss/HJB,2.2300000,1.45104933
TD3 randT baseline,Loss/HJB,2.2500000,1.4967382
TD3 randT baseline,Loss/HJB,2.2700000,1.44609221
TD3 randT baseline,Loss/HJB,2.2900000,1.50358669
TD3 randT baseline,Loss/HJB,2.3100000,0.835184252
TD3 randT baseline,Loss/HJB,2.3300000,0.72470575
TD3 randT baseline,Loss/HJB,2.3500000,0.633912879
TD3 randT baseline,Loss/HJB,2.3700000,0.71262514
TD3 randT baseline,Loss/HJB,2.3900000,0.662573856
TD3 randT baseline,Loss/HJB,2.4100000,0.610641927
TD3 randT baseline,Loss/HJB,2.4300000,1.17808981
TD3 randT baseline,Loss/HJB,2.4500000,1.15302393
TD3 randT baseline,Loss/HJB,2.4700000,1.0989377
TD3 randT baseline,Loss/HJB,2.4900000,1.02648919
TD3 randT baseline,Loss/HJB,2.5100000,1.05091845
TD3 randT baseline,Loss/HJB,2.5300000,0.523717451
TD3 randT baseline,Loss/HJB,2.5500000,0.611733854
TD3 randT baseline,Loss/HJB,2.5700000,0.739547956
TD3 randT baseline,Loss/HJB,2.5900000,0.808281446
TD3 randT baseline,Loss/HJB,2.6100000,0.78348062
TD3 randT baseline,Loss/HJB,2.6300000,0.768476069
TD3 randT baseline,Loss/HJB,2.6500000,0.693119138
TD3 randT baseline,Loss/HJB,2.6700000,0.560630959
TD3 randT baseline,Loss/HJB,2.6900000,0.48883459
TD3 randT baseline,Loss/HJB,2.7100000,0.606358534
TD3 randT baseline,Loss/HJB,2.7300000,0.700476581
TD3 randT baseline,Loss/HJB,2.7500000,0.712079716
TD3 randT baseline,Loss/HJB,2.7700000,0.77096796
TD3 randT baseline,Loss/HJB,2.7900000,0.731961662
TD3 randT baseline,Loss/HJB,2.8100000,0.761529762
TD3 randT baseline,Loss/HJB,2.8300000,0.62789399
TD3 randT baseline,Loss/HJB,2.8500000,0.623814231
TD3 randT baseline,Loss/HJB,2.8700000,0.642576295
TD3 randT baseline,Loss/HJB,2.8900000,0.940008605
TD3 randT baseline,Loss/HJB,2.9100000,0.956523597
TD3 randT baseline,Loss/HJB,2.9300000,0.94998641
TD3 randT baseline,Loss/HJB,2.9500000,0.950998592
TD3 randT baseline,Loss/HJB,2.9700000,0.961000609
TD3 randT baseline,Loss/HJB,2.9900000,0.769738638
TD3 randT baseline,Loss/HJB,3.0100000,0.68692168
TD3 randT baseline,Loss/HJB,3.0300000,0.946434963
TD3 randT baseline,Loss/HJB,3.0500000,1.0026176
TD3 randT baseline,Loss/HJB,3.0700000,1.11655047
TD3 randT baseline,Loss/HJB,3.0900000,1.10750016
TD3 randT baseline,Loss/HJB,3.1100000,1.07995969
TD3 randT baseline,Loss/HJB,3.1300000,1.00799311
TD3 randT baseline,Loss/HJB,3.1500000,0.919588816
TD3 randT baseline,Loss/HJB,3.1700000,0.766177285
TD3 randT baseline,Loss/HJB,3.1900000,0.841418707
TD3 randT baseline,Loss/HJB,3.2100000,0.831650972
TD3 randT baseline,Loss/HJB,3.2300000,0.760374486
TD3 randT baseline,Loss/HJB,3.2500000,0.788266236
TD3 randT baseline,Loss/HJB,3.2700000,0.872702962
TD3 randT baseline,Loss/HJB,3.2900000,0.803110737
TD3 randT baseline,Loss/HJB,3.3100000,0.801795691
TD3 randT baseline,Loss/HJB,3.3300000,0.807646078
TD3 randT baseline,Loss/HJB,3.3500000,0.833313644
TD3 randT baseline,Loss/HJB,3.3700000,0.842372549
TD3 randT baseline,Loss/HJB,3.3900000,0.775837821
TD3 randT baseline,Loss/HJB,3.4100000,0.803375739
TD3 randT baseline,Loss/HJB,3.4300000,0.712363845
TD3 randT baseline,Loss/HJB,3.4500000,0.792700702
TD3 randT baseline,Loss/HJB,3.4700000,0.713140351
TD3 randT baseline,Loss/HJB,3.4900000,0.799192083
TD3 randT baseline,Loss/HJB,3.5100000,1.17180223
TD3 randT baseline,Loss/HJB,3.5300000,1.46206906
TD3 randT baseline,Loss/HJB,3.5500000,1.6487982
TD3 randT baseline,Loss/HJB,3.5700000,1.70570548
TD3 randT baseline,Loss/HJB,3.5900000,1.67929389
TD3 randT baseline,Loss/HJB,3.6100000,1.33793268
TD3 randT baseline,Loss/HJB,3.6300000,1.17854266
TD3 randT baseline,Loss/HJB,3.6500000,0.952596569
TD3 randT baseline,Loss/HJB,3.6700000,0.872711396
TD3 randT baseline,Loss/HJB,3.6900000,0.873030651
TD3 randT baseline,Loss/HJB,3.7100000,1.04926897
TD3 randT baseline,Loss/HJB,3.7300000,1.01992184
TD3 randT baseline,Loss/HJB,3.7500000,1.1896804
TD3 randT baseline,Loss/HJB,3.7700000,1.31808101
TD3 randT baseline,Loss/HJB,3.7900000,1.32053158
TD3 randT baseline,Loss/HJB,3.8100000,1.13983667
TD3 randT baseline,Loss/HJB,3.8300000,1.01558399
TD3 randT baseline,Loss/HJB,3.8500000,1.53756933
TD3 randT baseline,Loss/HJB,3.8700000,1.45090094
TD3 randT baseline,Loss/HJB,3.8900000,1.59926007
TD3 randT baseline,Loss/HJB,3.9100000,1.68546606
TD3 randT baseline,Loss/HJB,3.9300000,2.08941523
TD3 randT baseline,Loss/HJB,3.9500000,1.35742133
TD3 randT baseline,Loss/HJB,3.9700000,1.41873266
TD3 randT baseline,Loss/HJB,3.9900000,1.46707844
TD3 randT baseline,Loss/HJB,4.0100000,1.47910839
TD3 randT baseline,Loss/HJB,4.0300000,1.12793856
TD3 randT baseline,Loss/HJB,4.0500000,1.38322381
TD3 randT baseline,Loss/HJB,4.0700000,1.41507636
TD3 randT baseline,Loss/HJB,4.0900000,1.32606262
TD3 randT baseline,Loss/HJB,4.1100000,1.26320308
TD3 randT baseline,Loss/HJB,4.1300000,1.60702782
TD3 randT baseline,Loss/HJB,4.1500000,1.50316834
TD3 randT baseline,Loss/HJB,4.1700000,1.53904166
TD3 randT baseline,Loss/HJB,4.1900000,1.8827965
TD3 randT baseline,Loss/HJB,4.2100000,1.92117114
TD3 randT baseline,Loss/HJB,4.2300000,1.69412158
TD3 randT baseline,Loss/HJB,4.2500000,1.55760314
TD3 randT baseline,Loss/HJB,4.2700000,2.09218884
TD3 randT baseline,Loss/HJB,4.2900000,1.7023932
TD3 randT baseline,Loss/HJB,4.3100000,1.906443
TD3 randT baseline,Loss/HJB,4.3300000,1.99360418
TD3 randT baseline,Loss/HJB,4.3500000,1.99535586
TD3 randT baseline,Loss/HJB,4.3700000,1.33603774
TD3 randT baseline,Loss/HJB,4.3900000,1.5209818
TD3 randT baseline,Loss/HJB,4.4100000,1.20830302
TD3 randT baseline,Loss/HJB,4.4300000,1.07395892
TD3 randT baseline,Loss/HJB,4.4500000,1.24824713
TD3 randT baseline,Loss/HJB,4.4700000,1.31876224
TD3 randT baseline,Loss/HJB,4.4900000,1.08664564
TD3 randT baseline,Loss/HJB,4.5100000,1.12381947
TD3 randT baseline,Loss/HJB,4.5300000,1.18429744
TD3 randT baseline,Loss/HJB,4.5500000,1.13143666
TD3 randT baseline,Loss/HJB,4.5700000,1.18264644
TD3 randT baseline,Loss/HJB,4.5900000,1.39512455
TD3 randT baseline,Loss/HJB,4.6100000,1.41462491
TD3 randT baseline,Loss/HJB,4.6300000,1.71924937
TD3 randT baseline,Loss/HJB,4.6500000,1.70360835
TD3 randT baseline,Loss/HJB,4.6700000,1.62464788
TD3 randT baseline,Loss/HJB,4.6900000,1.41841253
TD3 randT baseline,Loss/HJB,4.7100000,1.47587789
TD3 randT baseline,Loss/HJB,4.7300000,1.09143201
TD3 randT baseline,Loss/HJB,4.7500000,0.946890736
TD3 randT baseline,Loss/HJB,4.7700000,0.818187475
TD3 randT baseline,Loss/HJB,4.7900000,0.843396235
TD3 randT baseline,Loss/HJB,4.8100000,0.867799878
TD3 randT baseline,Loss/HJB,4.8300000,0.980808401
TD3 randT baseline,Loss/HJB,4.8500000,1.06523873
TD3 randT baseline,Loss/HJB,4.8700000,1.23996118
TD3 randT baseline,Loss/HJB,4.8900000,1.25424285
TD3 randT baseline,Loss/HJB,4.9100000,1.12970316
TD3 randT baseline,Loss/HJB,4.9300000,1.05387781
TD3 randT baseline,Loss/HJB,4.9500000,1.0268785
TD3 randT baseline,Loss/HJB,4.9700000,0.922105098
TD3 randT baseline,Loss/HJB,4.9900000,0.845030022
TD3 randT baseline,Loss/HJB,5.0100000,0.933637261
TD3 randT baseline,Loss/HJB,5.0300000,0.94020772
TD3 randT baseline,Loss/HJB,5.0500000,1.07337964
TD3 randT baseline,Loss/HJB,5.0700000,1.12627094
TD3 randT baseline,Loss/HJB,5.0900000,1.11010027
TD3 randT baseline,Loss/HJB,5.1100000,1.16457891
TD3 randT baseline,Loss/HJB,5.1300000,1.11228006
TD3 randT baseline,Loss/HJB,5.1500000,0.952276397
TD3 randT baseline,Loss/HJB,5.1700000,1.00078094
TD3 randT baseline,Loss/HJB,5.1900000,1.01531452
TD3 randT baseline,Loss/HJB,5.2100000,0.911127388
TD3 randT baseline,Loss/HJB,5.2300000,0.970493376
TD3 randT baseline,Loss/HJB,5.2500000,1.01924156
TD3 randT baseline,Loss/HJB,5.2700000,0.976367247
TD3 randT baseline,Loss/HJB,5.2900000,1.05127294
TD3 randT baseline,Loss/HJB,5.3100000,1.04702969
TD3 randT baseline,Loss/HJB,5.3300000,1.22391181
TD3 randT baseline,Loss/HJB,5.3500000,1.50000889
TD3 randT baseline,Loss/HJB,5.3700000,1.49682279
TD3 randT baseline,Loss/HJB,5.3900000,1.48855147
TD3 randT baseline,Loss/HJB,5.4100000,1.58614159
TD3 randT baseline,Loss/HJB,5.4300000,1.41948354
TD3 randT baseline,Loss/HJB,5.4500000,1.1058244
TD3 randT baseline,Loss/HJB,5.4700000,1.10543859
TD3 randT baseline,Loss/HJB,5.4900000,1.15840602
TD3 randT baseline,Loss/HJB,5.5100000,1.00095339
TD3 randT baseline,Loss/HJB,5.5300000,1.85115559
TD3 randT baseline,Loss/HJB,5.5500000,1.79912078
TD3 randT baseline,Loss/HJB,5.5700000,1.71344461
TD3 randT baseline,Loss/HJB,5.5900000,1.76236942
TD3 randT baseline,Loss/HJB,5.6100000,1.82812116
TD3 randT baseline,Loss/HJB,5.6300000,0.978281355
TD3 randT baseline,Loss/HJB,5.6500000,1.25292716
TD3 randT baseline,Loss/HJB,5.6700000,1.25313551
TD3 randT baseline,Loss/HJB,5.6900000,1.06278281
TD3 randT baseline,Loss/HJB,5.7100000,1.09935918
TD3 randT baseline,Loss/HJB,5.7300000,1.07098267
TD3 randT baseline,Loss/HJB,5.7500000,0.893817234
TD3 randT baseline,Loss/HJB,5.7700000,0.999236274
TD3 randT baseline,Loss/HJB,5.7900000,1.1134367
TD3 randT baseline,Loss/HJB,5.8100000,0.986395669
TD3 randT baseline,Loss/HJB,5.8300000,1.48523481
TD3 randT baseline,Loss/HJB,5.8500000,1.47316719
TD3 randT baseline,Loss/HJB,5.8700000,1.35639548
TD3 randT baseline,Loss/HJB,5.8900000,1.28814783
TD3 randT baseline,Loss/HJB,5.9100000,1.59342954
TD3 randT baseline,Loss/HJB,5.9300000,1.07166979
TD3 randT baseline,Loss/HJB,5.9500000,1.11021379
TD3 randT baseline,Loss/HJB,5.9700000,1.39465683
TD3 randT baseline,Loss/HJB,5.9900000,1.41117918
TD3 randT baseline,Loss/HJB,6.0100000,1.14162426
TD3 randT baseline,Loss/HJB,6.0300000,1.14862294
TD3 randT baseline,Loss/HJB,6.0500000,1.20840251
TD3 randT baseline,Loss/HJB,6.0700000,0.928342068
TD3 randT baseline,Loss/HJB,6.0900000,0.941655266
TD3 randT baseline,Loss/HJB,6.1100000,0.92056514
TD3 randT baseline,Loss/HJB,6.1300000,0.982901204
TD3 randT baseline,Loss/HJB,6.1500000,0.91686002
TD3 randT baseline,Loss/HJB,6.1700000,0.884806788
TD3 randT baseline,Loss/HJB,6.1900000,0.833723831
TD3 randT baseline,Loss/HJB,6.2100000,0.907829452
TD3 randT baseline,Loss/HJB,6.2300000,0.868701863
TD3 randT baseline,Loss/HJB,6.2500000,0.982951355
TD3 randT baseline,Loss/HJB,6.2700000,1.20726885
TD3 randT baseline,Loss/HJB,6.2900000,1.29875088
TD3 randT baseline,Loss/HJB,6.3100000,1.60208364
TD3 randT baseline,Loss/HJB,6.3300000,1.60993278
TD3 randT baseline,Loss/HJB,6.3500000,1.55986609
TD3 randT baseline,Loss/HJB,6.3700000,1.56351266
TD3 randT baseline,Loss/HJB,6.3900000,1.55726323
TD3 randT baseline,Loss/HJB,6.4100000,1.28336756
TD3 randT baseline,Loss/HJB,6.4300000,1.70368695
TD3 randT baseline,Loss/HJB,6.4500000,1.65074697
TD3 randT baseline,Loss/HJB,6.4700000,1.60408795
TD3 randT baseline,Loss/HJB,6.4900000,1.66785176
TD3 randT baseline,Loss/HJB,6.5100000,1.66958618
TD3 randT baseline,Loss/HJB,6.5300000,1.3214602
TD3 randT baseline,Loss/HJB,6.5500000,1.33810561
TD3 randT baseline,Loss/HJB,6.5700000,1.92346652
TD3 randT baseline,Loss/HJB,6.5900000,1.912837
TD3 randT baseline,Loss/HJB,6.6100000,1.88309619
TD3 randT baseline,Loss/HJB,6.6300000,1.82323294
TD3 randT baseline,Loss/HJB,6.6500000,1.81112185
TD3 randT baseline,Loss/HJB,6.6700000,1.11045244
TD3 randT baseline,Loss/HJB,6.6900000,1.07012906
TD3 randT baseline,Loss/HJB,6.7100000,1.03271635
TD3 randT baseline,Loss/HJB,6.7300000,0.981801581
TD3 randT baseline,Loss/HJB,6.7500000,0.970190811
TD3 randT baseline,Loss/HJB,6.7700000,0.968024516
TD3 randT baseline,Loss/HJB,6.7900000,0.943135858
TD3 randT baseline,Loss/HJB,6.8100000,1.00894833
TD3 randT baseline,Loss/HJB,6.8300000,1.21767304
TD3 randT baseline,Loss/HJB,6.8500000,1.54341991
TD3 randT baseline,Loss/HJB,6.8700000,1.52937708
TD3 randT baseline,Loss/HJB,6.8900000,1.50563375
TD3 randT baseline,Loss/HJB,6.9100000,1.42992045
TD3 randT baseline,Loss/HJB,6.9300000,1.23938066
TD3 randT baseline,Loss/HJB,6.9500000,1.20609218
TD3 randT baseline,Loss/HJB,6.9700000,1.25366772
TD3 randT baseline,Loss/HJB,6.9900000,1.35149622
TD3 randT baseline,Loss/HJB,7.0100000,1.34974297
TD3 randT baseline,Loss/HJB,7.0300000,1.34337987
TD3 randT baseline,Loss/HJB,7.0500000,0.957275915
TD3 randT baseline,Loss/HJB,7.0700000,0.996265626
TD3 randT baseline,Loss/HJB,7.0900000,0.928545237
TD3 randT baseline,Loss/HJB,7.1100000,0.998405564
TD3 randT baseline,Loss/HJB,7.1300000,1.04500192
TD3 randT baseline,Loss/HJB,7.1500000,1.17577906
TD3 randT baseline,Loss/HJB,7.1700000,1.04452566
TD3 randT baseline,Loss/HJB,7.1900000,1.03566915
TD3 randT baseline,Loss/HJB,7.2100000,1.00086195
TD3 randT baseline,Loss/HJB,7.2300000,0.89476788
TD3 randT baseline,Loss/HJB,7.2500000,0.792232275
TD3 randT baseline,Loss/HJB,7.2700000,0.849679089
TD3 randT baseline,Loss/HJB,7.2900000,0.767566586
TD3 randT baseline,Loss/HJB,7.3100000,0.74576174
TD3 randT baseline,Loss/HJB,7.3300000,0.904861343
TD3 randT baseline,Loss/HJB,7.3500000,0.942321312
TD3 randT baseline,Loss/HJB,7.3700000,1.17877312
TD3 randT baseline,Loss/HJB,7.3900000,1.40944018
TD3 randT baseline,Loss/HJB,7.4100000,1.47704577
TD3 randT baseline,Loss/HJB,7.4300000,1.34131291
TD3 randT baseline,Loss/HJB,7.4500000,1.34447265
TD3 randT baseline,Loss/HJB,7.4700000,1.08354888
TD3 randT baseline,Loss/HJB,7.4900000,1.05991297
TD3 randT baseline,Loss/HJB,7.5100000,1.11111057
TD3 randT baseline,Loss/HJB,7.5300000,1.59046373
TD3 randT baseline,Loss/HJB,7.5500000,1.53830156
TD3 randT baseline,Loss/HJB,7.5700000,1.71166201
TD3 randT baseline,Loss/HJB,7.5900000,1.63742309
TD3 randT baseline,Loss/HJB,7.6100000,1.50752587
TD3 randT baseline,Loss/HJB,7.6300000,1.03337066
TD3 randT baseline,Loss/HJB,7.6500000,1.07052461
TD3 randT baseline,Loss/HJB,7.6700000,0.900786996
TD3 randT baseline,Loss/HJB,7.6900000,1.19003351
TD3 randT baseline,Loss/HJB,7.7100000,1.20397556
TD3 randT baseline,Loss/HJB,7.7300000,1.25507169
TD3 randT baseline,Loss/HJB,7.7500000,1.33970047
TD3 randT baseline,Loss/HJB,7.7700000,1.64425321
TD3 randT baseline,Loss/HJB,7.7900000,2.12994018
TD3 randT baseline,Loss/HJB,7.8100000,2.08130114
TD3 randT baseline,Loss/HJB,7.8300000,2.13349113
TD3 randT baseline,Loss/HJB,7.8500000,2.13918648
TD3 randT baseline,Loss/HJB,7.8700000,2.03101842
TD3 randT baseline,Loss/HJB,7.8900000,1.22691162
TD3 randT baseline,Loss/HJB,7.9100000,1.45870001
TD3 randT baseline,Loss/HJB,7.9300000,1.43425946
TD3 randT baseline,Loss/HJB,7.9500000,1.45907412
TD3 randT baseline,Loss/HJB,7.9700000,2.67248108
TD3 randT baseline,Loss/HJB,7.9900000,2.87619026
TD3 randT baseline,Loss/HJB,8.0100000,2.85770009
TD3 randT baseline,Loss/HJB,8.0300000,2.87817645
TD3 randT baseline,Loss/HJB,8.0500000,2.97056665
TD3 randT baseline,Loss/HJB,8.0700000,1.86148472
TD3 randT baseline,Loss/HJB,8.0900000,1.62724344
TD3 randT baseline,Loss/HJB,8.1100000,1.60642635
TD3 randT baseline,Loss/HJB,8.1300000,1.62602285
TD3 randT baseline,Loss/HJB,8.1500000,1.48975877
TD3 randT baseline,Loss/HJB,8.1700000,1.6474429
TD3 randT baseline,Loss/HJB,8.1900000,1.6452812
TD3 randT baseline,Loss/HJB,8.2100000,1.72129164
TD3 randT baseline,Loss/HJB,8.2300000,1.69246554
TD3 randT baseline,Loss/HJB,8.2500000,1.88938136
TD3 randT baseline,Loss/HJB,8.2700000,1.52600048
TD3 randT baseline,Loss/HJB,8.2900000,1.69995458
TD3 randT baseline,Loss/HJB,8.3100000,1.66009157
TD3 randT baseline,Loss/HJB,8.3300000,1.48997675
TD3 randT baseline,Loss/HJB,8.3500000,1.25389293
TD3 randT baseline,Loss/HJB,8.3700000,1.2117879
TD3 randT baseline,Loss/HJB,8.3900000,1.10269529
TD3 randT baseline,Loss/HJB,8.4100000,0.977230608
TD3 randT baseline,Loss/HJB,8.4300000,1.08201734
TD3 randT baseline,Loss/HJB,8.4500000,1.3208795
TD3 randT baseline,Loss/HJB,8.4700000,1.38125318
TD3 randT baseline,Loss/HJB,8.4900000,1.53920525
TD3 randT baseline,Loss/HJB,8.5100000,1.49287719
TD3 randT baseline,Loss/HJB,8.5300000,1.81725779
TD3 randT baseline,Loss/HJB,8.5500000,1.5775537
TD3 randT baseline,Loss/HJB,8.5700000,1.5394361
TD3 randT baseline,Loss/HJB,8.5900000,1.87687244
TD3 randT baseline,Loss/HJB,8.6100000,1.84670038
TD3 randT baseline,Loss/HJB,8.6300000,1.99927316
TD3 randT baseline,Loss/HJB,8.6500000,2.34289885
TD3 randT baseline,Loss/HJB,8.6700000,2.34000163
TD3 randT baseline,Loss/HJB,8.6900000,1.81117938
TD3 randT baseline,Loss/HJB,8.7100000,1.84164567
TD3 randT baseline,Loss/HJB,8.7300000,1.49157512
TD3 randT baseline,Loss/HJB,8.7500000,1.17643383
TD3 randT baseline,Loss/HJB,8.7700000,1.23434832
TD3 randT baseline,Loss/HJB,8.7900000,1.75839391
TD3 randT baseline,Loss/HJB,8.8100000,1.76499556
TD3 randT baseline,Loss/HJB,8.8300000,1.64406921
TD3 randT baseline,Loss/HJB,8.8500000,1.61919917
TD3 randT baseline,Loss/HJB,8.8700000,1.63246018
TD3 randT baseline,Loss/HJB,8.8900000,1.11430823
TD3 randT baseline,Loss/HJB,8.9100000,1.0859472
TD3 randT baseline,Loss/HJB,8.9300000,1.61673834
TD3 randT baseline,Loss/HJB,8.9500000,1.9299263
TD3 randT baseline,Loss/HJB,8.9700000,2.00127666
TD3 randT baseline,Loss/HJB,8.9900000,1.99781172
TD3 randT baseline,Loss/HJB,9.0100000,2.41767864
TD3 randT baseline,Loss/HJB,9.0300000,1.98365078
TD3 randT baseline,Loss/HJB,9.0500000,2.12855754
TD3 randT baseline,Loss/HJB,9.0700000,2.06773016
TD3 randT baseline,Loss/HJB,9.0900000,2.06509931
TD3 randT baseline,Loss/HJB,9.1100000,1.88965175
TD3 randT baseline,Loss/HJB,9.1300000,2.00444415
TD3 randT baseline,Loss/HJB,9.1500000,1.56978424
TD3 randT baseline,Loss/HJB,9.1700000,1.4319527
TD3 randT baseline,Loss/HJB,9.1900000,1.43830343
TD3 randT baseline,Loss/HJB,9.2100000,1.43331066
TD3 randT baseline,Loss/HJB,9.2300000,1.34092871
TD3 randT baseline,Loss/HJB,9.2500000,1.59749056
TD3 randT baseline,Loss/HJB,9.2700000,1.72624872
TD3 randT baseline,Loss/HJB,9.2900000,1.8874927
TD3 randT baseline,Loss/HJB,9.3100000,1.74163136
TD3 randT baseline,Loss/HJB,9.3300000,2.05616813
TD3 randT baseline,Loss/HJB,9.3500000,1.77308455
TD3 randT baseline,Loss/HJB,9.3700000,1.70930607
TD3 randT baseline,Loss/HJB,9.3900000,1.57411754
TD3 randT baseline,Loss/HJB,9.4100000,1.92917001
TD3 randT baseline,Loss/HJB,9.4300000,1.66892588
TD3 randT baseline,Loss/HJB,9.4500000,1.74906728
TD3 randT baseline,Loss/HJB,9.4700000,1.77997541
TD3 randT baseline,Loss/HJB,9.4900000,1.87292223
TD3 randT baseline,Loss/HJB,9.5100000,2.114048
TD3 randT baseline,Loss/HJB,9.5300000,2.03575175
TD3 randT baseline,Loss/HJB,9.5500000,1.94861269
TD3 randT baseline,Loss/HJB,9.5700000,2.13900437
TD3 randT baseline,Loss/HJB,9.5900000,1.93913413
TD3 randT baseline,Loss/HJB,9.6100000,1.5249878
TD3 randT baseline,Loss/HJB,9.6300000,1.64835128
TD3 randT baseline,Loss/HJB,9.6500000,1.79023281
TD3 randT baseline,Loss/HJB,9.6700000,1.6033214
TD3 randT baseline,Loss/HJB,9.6900000,2.55080554
TD3 randT baseline,Loss/HJB,9.7100000,2.42116778
TD3 randT baseline,Loss/HJB,9.7300000,2.37208426
TD3 randT baseline,Loss/HJB,9.7500000,2.39516439
TD3 randT baseline,Loss/HJB,9.7700000,2.44403908
TD3 randT baseline,Loss/HJB,9.7900000,1.84150698
TD3 randT baseline,Loss/HJB,9.8100000,1.70272467
TD3 randT baseline,Loss/HJB,9.8300000,2.0019388
TD3 randT baseline,Loss/HJB,9.8500000,2.18054895
TD3 randT baseline,Loss/HJB,9.8700000,2.06760844
TD3 randT baseline,Loss/HJB,9.8900000,1.74404175
TD3 randT baseline,Loss/HJB,9.9100000,1.86841872
TD3 randT baseline,Loss/HJB,9.9300000,1.448896
TD3 randT baseline,Loss/HJB,9.9500000,1.21564858
TD3 randT baseline,Loss/HJB,9.9700000,1.34504791
TD3 randT baseline,Loss/HJB,9.9900000,1.50267177
TD3 randT baseline,Loss/HJB,10.0100000,1.5427377
PIRL lineage to mixedHJB 15M,Loss/BDR,0.0100000,1.99020219
PIRL lineage to mixedHJB 15M,Loss/BDR,0.0300000,1.9903368
PIRL lineage to mixedHJB 15M,Loss/BDR,0.0500000,1.98866649
PIRL lineage to mixedHJB 15M,Loss/BDR,0.0700000,1.98885269
PIRL lineage to mixedHJB 15M,Loss/BDR,0.0900000,1.98751929
PIRL lineage to mixedHJB 15M,Loss/BDR,0.1100000,1.9928751
PIRL lineage to mixedHJB 15M,Loss/BDR,0.1300000,1.99381218
PIRL lineage to mixedHJB 15M,Loss/BDR,0.1500000,1.99456508
PIRL lineage to mixedHJB 15M,Loss/BDR,0.1700000,1.98758733
PIRL lineage to mixedHJB 15M,Loss/BDR,0.1900000,1.98879614
PIRL lineage to mixedHJB 15M,Loss/BDR,0.2100000,1.99209826
PIRL lineage to mixedHJB 15M,Loss/BDR,0.2300000,1.98861265
PIRL lineage to mixedHJB 15M,Loss/BDR,0.2500000,1.98340695
PIRL lineage to mixedHJB 15M,Loss/BDR,0.2700000,1.98730981
PIRL lineage to mixedHJB 15M,Loss/BDR,0.2900000,1.98852546
PIRL lineage to mixedHJB 15M,Loss/BDR,0.3100000,1.98358562
PIRL lineage to mixedHJB 15M,Loss/BDR,0.3300000,1.98370554
PIRL lineage to mixedHJB 15M,Loss/BDR,0.3500000,1.9840822
PIRL lineage to mixedHJB 15M,Loss/BDR,0.3700000,1.9795985
PIRL lineage to mixedHJB 15M,Loss/BDR,0.3900000,1.97420597
PIRL lineage to mixedHJB 15M,Loss/BDR,0.4100000,1.97989802
PIRL lineage to mixedHJB 15M,Loss/BDR,0.4300000,1.98670542
PIRL lineage to mixedHJB 15M,Loss/BDR,0.4500000,1.99169004
PIRL lineage to mixedHJB 15M,Loss/BDR,0.4700000,1.99259198
PIRL lineage to mixedHJB 15M,Loss/BDR,0.4900000,1.98914752
PIRL lineage to mixedHJB 15M,Loss/BDR,0.5100000,1.98207247
PIRL lineage to mixedHJB 15M,Loss/BDR,0.5300000,1.96029487
PIRL lineage to mixedHJB 15M,Loss/BDR,0.5500000,1.9580807
PIRL lineage to mixedHJB 15M,Loss/BDR,0.5700000,1.95416498
PIRL lineage to mixedHJB 15M,Loss/BDR,0.5900000,1.94904368
PIRL lineage to mixedHJB 15M,Loss/BDR,0.6100000,1.93766878
PIRL lineage to mixedHJB 15M,Loss/BDR,0.6300000,1.93678429
PIRL lineage to mixedHJB 15M,Loss/BDR,0.6500000,1.91779146
PIRL lineage to mixedHJB 15M,Loss/BDR,0.6700000,1.8714169
PIRL lineage to mixedHJB 15M,Loss/BDR,0.6900000,1.82738149
PIRL lineage to mixedHJB 15M,Loss/BDR,0.7100000,1.61053777
PIRL lineage to mixedHJB 15M,Loss/BDR,0.7300000,1.35726825
PIRL lineage to mixedHJB 15M,Loss/BDR,0.7500000,1.07948607
PIRL lineage to mixedHJB 15M,Loss/BDR,0.7700000,0.828885674
PIRL lineage to mixedHJB 15M,Loss/BDR,0.7900000,0.562783915
PIRL lineage to mixedHJB 15M,Loss/BDR,0.8100000,0.486933964
PIRL lineage to mixedHJB 15M,Loss/BDR,0.8300000,0.433627141
PIRL lineage to mixedHJB 15M,Loss/BDR,0.8500000,0.431835276
PIRL lineage to mixedHJB 15M,Loss/BDR,0.8700000,0.425931424
PIRL lineage to mixedHJB 15M,Loss/BDR,0.8900000,0.408772939
PIRL lineage to mixedHJB 15M,Loss/BDR,0.9100000,0.396016383
PIRL lineage to mixedHJB 15M,Loss/BDR,0.9300000,0.41074819
PIRL lineage to mixedHJB 15M,Loss/BDR,0.9500000,0.394304144
PIRL lineage to mixedHJB 15M,Loss/BDR,0.9700000,0.376749271
PIRL lineage to mixedHJB 15M,Loss/BDR,0.9900000,0.399629164
PIRL lineage to mixedHJB 15M,Loss/BDR,1.0100000,0.399706864
PIRL lineage to mixedHJB 15M,Loss/BDR,1.0300000,0.421282911
PIRL lineage to mixedHJB 15M,Loss/BDR,1.0500000,0.416220874
PIRL lineage to mixedHJB 15M,Loss/BDR,1.0700000,0.442688614
PIRL lineage to mixedHJB 15M,Loss/BDR,1.0900000,0.421917599
PIRL lineage to mixedHJB 15M,Loss/BDR,1.1100000,0.418713605
PIRL lineage to mixedHJB 15M,Loss/BDR,1.1300000,0.402559191
PIRL lineage to mixedHJB 15M,Loss/BDR,1.1500000,0.410358292
PIRL lineage to mixedHJB 15M,Loss/BDR,1.1700000,0.384070492
PIRL lineage to mixedHJB 15M,Loss/BDR,1.1900000,0.418042785
PIRL lineage to mixedHJB 15M,Loss/BDR,1.2100000,0.433895183
PIRL lineage to mixedHJB 15M,Loss/BDR,1.2300000,0.416008031
PIRL lineage to mixedHJB 15M,Loss/BDR,1.2500000,0.412668282
PIRL lineage to mixedHJB 15M,Loss/BDR,1.2700000,0.425405389
PIRL lineage to mixedHJB 15M,Loss/BDR,1.2900000,0.407859641
PIRL lineage to mixedHJB 15M,Loss/BDR,1.3100000,0.392826062
PIRL lineage to mixedHJB 15M,Loss/BDR,1.3300000,0.422832942
PIRL lineage to mixedHJB 15M,Loss/BDR,1.3500000,0.432351202
PIRL lineage to mixedHJB 15M,Loss/BDR,1.3700000,0.424471754
PIRL lineage to mixedHJB 15M,Loss/BDR,1.3900000,0.444376701
PIRL lineage to mixedHJB 15M,Loss/BDR,1.4100000,0.441834688
PIRL lineage to mixedHJB 15M,Loss/BDR,1.4300000,0.420255476
PIRL lineage to mixedHJB 15M,Loss/BDR,1.4500000,0.429187292
PIRL lineage to mixedHJB 15M,Loss/BDR,1.4700000,0.449759156
PIRL lineage to mixedHJB 15M,Loss/BDR,1.4900000,0.427316111
PIRL lineage to mixedHJB 15M,Loss/BDR,1.5100000,0.429325026
PIRL lineage to mixedHJB 15M,Loss/BDR,1.5300000,0.428018159
PIRL lineage to mixedHJB 15M,Loss/BDR,1.5500000,0.411568564
PIRL lineage to mixedHJB 15M,Loss/BDR,1.5700000,0.394114047
PIRL lineage to mixedHJB 15M,Loss/BDR,1.5900000,0.406317139
PIRL lineage to mixedHJB 15M,Loss/BDR,1.6100000,0.399773109
PIRL lineage to mixedHJB 15M,Loss/BDR,1.6300000,0.387403154
PIRL lineage to mixedHJB 15M,Loss/BDR,1.6500000,0.370900887
PIRL lineage to mixedHJB 15M,Loss/BDR,1.6700000,0.373973548
PIRL lineage to mixedHJB 15M,Loss/BDR,1.6900000,0.383058566
PIRL lineage to mixedHJB 15M,Loss/BDR,1.7100000,0.367087424
PIRL lineage to mixedHJB 15M,Loss/BDR,1.7300000,0.38775509
PIRL lineage to mixedHJB 15M,Loss/BDR,1.7500000,0.40069508
PIRL lineage to mixedHJB 15M,Loss/BDR,1.7700000,0.396573216
PIRL lineage to mixedHJB 15M,Loss/BDR,1.7900000,0.377911431
PIRL lineage to mixedHJB 15M,Loss/BDR,1.8100000,0.425579309
PIRL lineage to mixedHJB 15M,Loss/BDR,1.8300000,0.4138165
PIRL lineage to mixedHJB 15M,Loss/BDR,1.8500000,0.394126946
PIRL lineage to mixedHJB 15M,Loss/BDR,1.8700000,0.407530373
PIRL lineage to mixedHJB 15M,Loss/BDR,1.8900000,0.396789283
PIRL lineage to mixedHJB 15M,Loss/BDR,1.9100000,0.373695028
PIRL lineage to mixedHJB 15M,Loss/BDR,1.9300000,0.365137327
PIRL lineage to mixedHJB 15M,Loss/BDR,1.9500000,0.383822513
PIRL lineage to mixedHJB 15M,Loss/BDR,1.9700000,0.366202199
PIRL lineage to mixedHJB 15M,Loss/BDR,1.9900000,0.368698561
PIRL lineage to mixedHJB 15M,Loss/BDR,2.0100000,0.349007016
PIRL lineage to mixedHJB 15M,Loss/BDR,2.0300000,0.371382469
PIRL lineage to mixedHJB 15M,Loss/BDR,2.0500000,0.368494397
PIRL lineage to mixedHJB 15M,Loss/BDR,2.0700000,0.382591993
PIRL lineage to mixedHJB 15M,Loss/BDR,2.0900000,0.389957398
PIRL lineage to mixedHJB 15M,Loss/BDR,2.1100000,0.4218512
PIRL lineage to mixedHJB 15M,Loss/BDR,2.1300000,0.405616009
PIRL lineage to mixedHJB 15M,Loss/BDR,2.1500000,0.392490298
PIRL lineage to mixedHJB 15M,Loss/BDR,2.1700000,0.372333711
PIRL lineage to mixedHJB 15M,Loss/BDR,2.1900000,0.395408463
PIRL lineage to mixedHJB 15M,Loss/BDR,2.2100000,0.378028566
PIRL lineage to mixedHJB 15M,Loss/BDR,2.2300000,0.371214521
PIRL lineage to mixedHJB 15M,Loss/BDR,2.2500000,0.382972956
PIRL lineage to mixedHJB 15M,Loss/BDR,2.2700000,0.381919461
PIRL lineage to mixedHJB 15M,Loss/BDR,2.2900000,0.364495212
PIRL lineage to mixedHJB 15M,Loss/BDR,2.3100000,0.363676333
PIRL lineage to mixedHJB 15M,Loss/BDR,2.3300000,0.386925089
PIRL lineage to mixedHJB 15M,Loss/BDR,2.3500000,0.414958131
PIRL lineage to mixedHJB 15M,Loss/BDR,2.3700000,0.432060975
PIRL lineage to mixedHJB 15M,Loss/BDR,2.3900000,0.435655695
PIRL lineage to mixedHJB 15M,Loss/BDR,2.4100000,0.439582098
PIRL lineage to mixedHJB 15M,Loss/BDR,2.4300000,0.422509551
PIRL lineage to mixedHJB 15M,Loss/BDR,2.4500000,0.398669136
PIRL lineage to mixedHJB 15M,Loss/BDR,2.4700000,0.406017226
PIRL lineage to mixedHJB 15M,Loss/BDR,2.4900000,0.400991076
PIRL lineage to mixedHJB 15M,Loss/BDR,2.5100000,0.412406301
PIRL lineage to mixedHJB 15M,Loss/BDR,2.5300000,0.432435781
PIRL lineage to mixedHJB 15M,Loss/BDR,2.5500000,0.420409709
PIRL lineage to mixedHJB 15M,Loss/BDR,2.5700000,0.430246347
PIRL lineage to mixedHJB 15M,Loss/BDR,2.5900000,0.443375826
PIRL lineage to mixedHJB 15M,Loss/BDR,2.6100000,0.452747804
PIRL lineage to mixedHJB 15M,Loss/BDR,2.6300000,0.445410115
PIRL lineage to mixedHJB 15M,Loss/BDR,2.6500000,0.469505763
PIRL lineage to mixedHJB 15M,Loss/BDR,2.6700000,0.461477888
PIRL lineage to mixedHJB 15M,Loss/BDR,2.6900000,0.452910161
PIRL lineage to mixedHJB 15M,Loss/BDR,2.7100000,0.457673615
PIRL lineage to mixedHJB 15M,Loss/BDR,2.7300000,0.45098334
PIRL lineage to mixedHJB 15M,Loss/BDR,2.7500000,0.441595429
PIRL lineage to mixedHJB 15M,Loss/BDR,2.7700000,0.460315639
PIRL lineage to mixedHJB 15M,Loss/BDR,2.7900000,0.449313021
PIRL lineage to mixedHJB 15M,Loss/BDR,2.8100000,0.433328581
PIRL lineage to mixedHJB 15M,Loss/BDR,2.8300000,0.42844848
PIRL lineage to mixedHJB 15M,Loss/BDR,2.8500000,0.429077518
PIRL lineage to mixedHJB 15M,Loss/BDR,2.8700000,0.387069154
PIRL lineage to mixedHJB 15M,Loss/BDR,2.8900000,0.399609214
PIRL lineage to mixedHJB 15M,Loss/BDR,2.9100000,0.418881649
PIRL lineage to mixedHJB 15M,Loss/BDR,2.9300000,0.431893438
PIRL lineage to mixedHJB 15M,Loss/BDR,2.9500000,0.428008193
PIRL lineage to mixedHJB 15M,Loss/BDR,2.9700000,0.468421251
PIRL lineage to mixedHJB 15M,Loss/BDR,2.9900000,0.425904784
PIRL lineage to mixedHJB 15M,Loss/BDR,3.0100000,0.397114858
PIRL lineage to mixedHJB 15M,Loss/BDR,3.0300000,0.388776258
PIRL lineage to mixedHJB 15M,Loss/BDR,3.0500000,0.401797357
PIRL lineage to mixedHJB 15M,Loss/BDR,3.0700000,0.394867936
PIRL lineage to mixedHJB 15M,Loss/BDR,3.0900000,0.41786747
PIRL lineage to mixedHJB 15M,Loss/BDR,3.1100000,0.41580708
PIRL lineage to mixedHJB 15M,Loss/BDR,3.1300000,0.405790728
PIRL lineage to mixedHJB 15M,Loss/BDR,3.1500000,0.405551916
PIRL lineage to mixedHJB 15M,Loss/BDR,3.1700000,0.39458555
PIRL lineage to mixedHJB 15M,Loss/BDR,3.1900000,0.428659445
PIRL lineage to mixedHJB 15M,Loss/BDR,3.2100000,0.440507823
PIRL lineage to mixedHJB 15M,Loss/BDR,3.2300000,0.466042995
PIRL lineage to mixedHJB 15M,Loss/BDR,3.2500000,0.450244439
PIRL lineage to mixedHJB 15M,Loss/BDR,3.2700000,0.470843464
PIRL lineage to mixedHJB 15M,Loss/BDR,3.2900000,0.484095818
PIRL lineage to mixedHJB 15M,Loss/BDR,3.3100000,0.501033574
PIRL lineage to mixedHJB 15M,Loss/BDR,3.3300000,0.471387094
PIRL lineage to mixedHJB 15M,Loss/BDR,3.3500000,0.485236496
PIRL lineage to mixedHJB 15M,Loss/BDR,3.3700000,0.43843177
PIRL lineage to mixedHJB 15M,Loss/BDR,3.3900000,0.406032223
PIRL lineage to mixedHJB 15M,Loss/BDR,3.4100000,0.374181265
PIRL lineage to mixedHJB 15M,Loss/BDR,3.4300000,0.392206055
PIRL lineage to mixedHJB 15M,Loss/BDR,3.4500000,0.387648618
PIRL lineage to mixedHJB 15M,Loss/BDR,3.4700000,0.406919187
PIRL lineage to mixedHJB 15M,Loss/BDR,3.4900000,0.406848776
PIRL lineage to mixedHJB 15M,Loss/BDR,3.5100000,0.445726693
PIRL lineage to mixedHJB 15M,Loss/BDR,3.5300000,0.460402316
PIRL lineage to mixedHJB 15M,Loss/BDR,3.5500000,0.433069688
PIRL lineage to mixedHJB 15M,Loss/BDR,3.5700000,0.430990613
PIRL lineage to mixedHJB 15M,Loss/BDR,3.5900000,0.44171859
PIRL lineage to mixedHJB 15M,Loss/BDR,3.6100000,0.422300851
PIRL lineage to mixedHJB 15M,Loss/BDR,3.6300000,0.412655258
PIRL lineage to mixedHJB 15M,Loss/BDR,3.6500000,0.423656344
PIRL lineage to mixedHJB 15M,Loss/BDR,3.6700000,0.452842116
PIRL lineage to mixedHJB 15M,Loss/BDR,3.6900000,0.437502599
PIRL lineage to mixedHJB 15M,Loss/BDR,3.7100000,0.448313046
PIRL lineage to mixedHJB 15M,Loss/BDR,3.7300000,0.406505889
PIRL lineage to mixedHJB 15M,Loss/BDR,3.7500000,0.410559738
PIRL lineage to mixedHJB 15M,Loss/BDR,3.7700000,0.38513034
PIRL lineage to mixedHJB 15M,Loss/BDR,3.7900000,0.371354508
PIRL lineage to mixedHJB 15M,Loss/BDR,3.8100000,0.358767545
PIRL lineage to mixedHJB 15M,Loss/BDR,3.8300000,0.383873355
PIRL lineage to mixedHJB 15M,Loss/BDR,3.8500000,0.409394741
PIRL lineage to mixedHJB 15M,Loss/BDR,3.8700000,0.420014077
PIRL lineage to mixedHJB 15M,Loss/BDR,3.8900000,0.469386166
PIRL lineage to mixedHJB 15M,Loss/BDR,3.9100000,0.463033837
PIRL lineage to mixedHJB 15M,Loss/BDR,3.9300000,0.47044273
PIRL lineage to mixedHJB 15M,Loss/BDR,3.9500000,0.433695513
PIRL lineage to mixedHJB 15M,Loss/BDR,3.9700000,0.452857345
PIRL lineage to mixedHJB 15M,Loss/BDR,3.9900000,0.428336835
PIRL lineage to mixedHJB 15M,Loss/BDR,4.0100000,0.429525888
PIRL lineage to mixedHJB 15M,Loss/BDR,4.0300000,0.44978506
PIRL lineage to mixedHJB 15M,Loss/BDR,4.0500000,0.473634923
PIRL lineage to mixedHJB 15M,Loss/BDR,4.0700000,0.464415634
PIRL lineage to mixedHJB 15M,Loss/BDR,4.0900000,0.46244207
PIRL lineage to mixedHJB 15M,Loss/BDR,4.1100000,0.474583954
PIRL lineage to mixedHJB 15M,Loss/BDR,4.1300000,0.454531717
PIRL lineage to mixedHJB 15M,Loss/BDR,4.1500000,0.458688748
PIRL lineage to mixedHJB 15M,Loss/BDR,4.1700000,0.458660281
PIRL lineage to mixedHJB 15M,Loss/BDR,4.1900000,0.44354043
PIRL lineage to mixedHJB 15M,Loss/BDR,4.2100000,0.429010391
PIRL lineage to mixedHJB 15M,Loss/BDR,4.2300000,0.432123494
PIRL lineage to mixedHJB 15M,Loss/BDR,4.2500000,0.423856759
PIRL lineage to mixedHJB 15M,Loss/BDR,4.2700000,0.41408689
PIRL lineage to mixedHJB 15M,Loss/BDR,4.2900000,0.429427946
PIRL lineage to mixedHJB 15M,Loss/BDR,4.3100000,0.423810816
PIRL lineage to mixedHJB 15M,Loss/BDR,4.3300000,0.425251561
PIRL lineage to mixedHJB 15M,Loss/BDR,4.3500000,0.424726987
PIRL lineage to mixedHJB 15M,Loss/BDR,4.3700000,0.456123567
PIRL lineage to mixedHJB 15M,Loss/BDR,4.3900000,0.449889928
PIRL lineage to mixedHJB 15M,Loss/BDR,4.4100000,0.463564998
PIRL lineage to mixedHJB 15M,Loss/BDR,4.4300000,0.481302649
PIRL lineage to mixedHJB 15M,Loss/BDR,4.4500000,0.483570528
PIRL lineage to mixedHJB 15M,Loss/BDR,4.4700000,0.430999035
PIRL lineage to mixedHJB 15M,Loss/BDR,4.4900000,0.449206012
PIRL lineage to mixedHJB 15M,Loss/BDR,4.5100000,0.476822168
PIRL lineage to mixedHJB 15M,Loss/BDR,4.5300000,0.46255272
PIRL lineage to mixedHJB 15M,Loss/BDR,4.5500000,0.474329627
PIRL lineage to mixedHJB 15M,Loss/BDR,4.5700000,0.486016351
PIRL lineage to mixedHJB 15M,Loss/BDR,4.5900000,0.482866043
PIRL lineage to mixedHJB 15M,Loss/BDR,4.6100000,0.455229205
PIRL lineage to mixedHJB 15M,Loss/BDR,4.6300000,0.44023335
PIRL lineage to mixedHJB 15M,Loss/BDR,4.6500000,0.445338416
PIRL lineage to mixedHJB 15M,Loss/BDR,4.6700000,0.478993666
PIRL lineage to mixedHJB 15M,Loss/BDR,4.6900000,0.462635154
PIRL lineage to mixedHJB 15M,Loss/BDR,4.7100000,0.471697956
PIRL lineage to mixedHJB 15M,Loss/BDR,4.7300000,0.477993959
PIRL lineage to mixedHJB 15M,Loss/BDR,4.7500000,0.473443884
PIRL lineage to mixedHJB 15M,Loss/BDR,4.7700000,0.441006857
PIRL lineage to mixedHJB 15M,Loss/BDR,4.7900000,0.471425599
PIRL lineage to mixedHJB 15M,Loss/BDR,4.8100000,0.493292278
PIRL lineage to mixedHJB 15M,Loss/BDR,4.8300000,0.50804317
PIRL lineage to mixedHJB 15M,Loss/BDR,4.8500000,0.513078636
PIRL lineage to mixedHJB 15M,Loss/BDR,4.8700000,0.533170182
PIRL lineage to mixedHJB 15M,Loss/BDR,4.8900000,0.487122744
PIRL lineage to mixedHJB 15M,Loss/BDR,4.9100000,0.474794501
PIRL lineage to mixedHJB 15M,Loss/BDR,4.9300000,0.44997707
PIRL lineage to mixedHJB 15M,Loss/BDR,4.9500000,0.454400635
PIRL lineage to mixedHJB 15M,Loss/BDR,4.9700000,0.450881517
PIRL lineage to mixedHJB 15M,Loss/BDR,4.9900000,0.489981806
PIRL lineage to mixedHJB 15M,Loss/BDR,5.0100000,0.432372922
PIRL lineage to mixedHJB 15M,Loss/BDR,5.0300000,0.413440037
PIRL lineage to mixedHJB 15M,Loss/BDR,5.0500000,0.42538408
PIRL lineage to mixedHJB 15M,Loss/BDR,5.0700000,0.409172535
PIRL lineage to mixedHJB 15M,Loss/BDR,5.0900000,0.423627043
PIRL lineage to mixedHJB 15M,Loss/BDR,5.1100000,0.411224389
PIRL lineage to mixedHJB 15M,Loss/BDR,5.1300000,0.428495002
PIRL lineage to mixedHJB 15M,Loss/BDR,5.1500000,0.375792915
PIRL lineage to mixedHJB 15M,Loss/BDR,5.1700000,0.361113089
PIRL lineage to mixedHJB 15M,Loss/BDR,5.1900000,0.363378811
PIRL lineage to mixedHJB 15M,Loss/BDR,5.2100000,0.364238834
PIRL lineage to mixedHJB 15M,Loss/BDR,5.2300000,0.366233444
PIRL lineage to mixedHJB 15M,Loss/BDR,5.2500000,0.373582292
PIRL lineage to mixedHJB 15M,Loss/BDR,5.2700000,0.374915022
PIRL lineage to mixedHJB 15M,Loss/BDR,5.2900000,0.338336617
PIRL lineage to mixedHJB 15M,Loss/BDR,5.3100000,0.348754525
PIRL lineage to mixedHJB 15M,Loss/BDR,5.3300000,0.328713727
PIRL lineage to mixedHJB 15M,Loss/BDR,5.3500000,0.333022892
PIRL lineage to mixedHJB 15M,Loss/BDR,5.3700000,0.32398051
PIRL lineage to mixedHJB 15M,Loss/BDR,5.3900000,0.349458504
PIRL lineage to mixedHJB 15M,Loss/BDR,5.4100000,0.340859753
PIRL lineage to mixedHJB 15M,Loss/BDR,5.4300000,0.314075243
PIRL lineage to mixedHJB 15M,Loss/BDR,5.4500000,0.316131675
PIRL lineage to mixedHJB 15M,Loss/BDR,5.4700000,0.297577631
PIRL lineage to mixedHJB 15M,Loss/BDR,5.4900000,0.291916525
PIRL lineage to mixedHJB 15M,Loss/BDR,5.5100000,0.284026843
PIRL lineage to mixedHJB 15M,Loss/BDR,5.5300000,0.284396437
PIRL lineage to mixedHJB 15M,Loss/BDR,5.5500000,0.261777252
PIRL lineage to mixedHJB 15M,Loss/BDR,5.5700000,0.255112162
PIRL lineage to mixedHJB 15M,Loss/BDR,5.5900000,0.214353073
PIRL lineage to mixedHJB 15M,Loss/BDR,5.6100000,0.194720173
PIRL lineage to mixedHJB 15M,Loss/BDR,5.6300000,0.175400513
PIRL lineage to mixedHJB 15M,Loss/BDR,5.6500000,0.187840584
PIRL lineage to mixedHJB 15M,Loss/BDR,5.6700000,0.194122148
PIRL lineage to mixedHJB 15M,Loss/BDR,5.6900000,0.224095002
PIRL lineage to mixedHJB 15M,Loss/BDR,5.7100000,0.219477886
PIRL lineage to mixedHJB 15M,Loss/BDR,5.7300000,0.233344698
PIRL lineage to mixedHJB 15M,Loss/BDR,5.7500000,0.233065706
PIRL lineage to mixedHJB 15M,Loss/BDR,5.7700000,0.235602856
PIRL lineage to mixedHJB 15M,Loss/BDR,5.7900000,0.214613417
PIRL lineage to mixedHJB 15M,Loss/BDR,5.8100000,0.214467272
PIRL lineage to mixedHJB 15M,Loss/BDR,5.8300000,0.202782327
PIRL lineage to mixedHJB 15M,Loss/BDR,5.8500000,0.189320937
PIRL lineage to mixedHJB 15M,Loss/BDR,5.8700000,0.209729376
PIRL lineage to mixedHJB 15M,Loss/BDR,5.8900000,0.212403357
PIRL lineage to mixedHJB 15M,Loss/BDR,5.9100000,0.208486202
PIRL lineage to mixedHJB 15M,Loss/BDR,5.9300000,0.206054941
PIRL lineage to mixedHJB 15M,Loss/BDR,5.9500000,0.204903805
PIRL lineage to mixedHJB 15M,Loss/BDR,5.9700000,0.172238526
PIRL lineage to mixedHJB 15M,Loss/BDR,5.9900000,0.168180162
PIRL lineage to mixedHJB 15M,Loss/BDR,6.0100000,0.168080378
PIRL lineage to mixedHJB 15M,Loss/BDR,6.0300000,0.168811879
PIRL lineage to mixedHJB 15M,Loss/BDR,6.0500000,0.163679853
PIRL lineage to mixedHJB 15M,Loss/BDR,6.0700000,0.171356395
PIRL lineage to mixedHJB 15M,Loss/BDR,6.0900000,0.156388219
PIRL lineage to mixedHJB 15M,Loss/BDR,6.1100000,0.156459175
PIRL lineage to mixedHJB 15M,Loss/BDR,6.1300000,0.155425124
PIRL lineage to mixedHJB 15M,Loss/BDR,6.1500000,0.138813737
PIRL lineage to mixedHJB 15M,Loss/BDR,6.1700000,0.134617549
PIRL lineage to mixedHJB 15M,Loss/BDR,6.1900000,0.158937769
PIRL lineage to mixedHJB 15M,Loss/BDR,6.2100000,0.163297407
PIRL lineage to mixedHJB 15M,Loss/BDR,6.2300000,0.180121191
PIRL lineage to mixedHJB 15M,Loss/BDR,6.2500000,0.173734599
PIRL lineage to mixedHJB 15M,Loss/BDR,6.2700000,0.185858667
PIRL lineage to mixedHJB 15M,Loss/BDR,6.2900000,0.167097393
PIRL lineage to mixedHJB 15M,Loss/BDR,6.3100000,0.160043612
PIRL lineage to mixedHJB 15M,Loss/BDR,6.3300000,0.137901282
PIRL lineage to mixedHJB 15M,Loss/BDR,6.3500000,0.143629727
PIRL lineage to mixedHJB 15M,Loss/BDR,6.3700000,0.120493414
PIRL lineage to mixedHJB 15M,Loss/BDR,6.3900000,0.113377793
PIRL lineage to mixedHJB 15M,Loss/BDR,6.4100000,0.105843073
PIRL lineage to mixedHJB 15M,Loss/BDR,6.4300000,0.100687009
PIRL lineage to mixedHJB 15M,Loss/BDR,6.4500000,0.0989176437
PIRL lineage to mixedHJB 15M,Loss/BDR,6.4700000,0.111768252
PIRL lineage to mixedHJB 15M,Loss/BDR,6.4900000,0.117247164
PIRL lineage to mixedHJB 15M,Loss/BDR,6.5100000,0.12240207
PIRL lineage to mixedHJB 15M,Loss/BDR,6.5300000,0.131554045
PIRL lineage to mixedHJB 15M,Loss/BDR,6.5500000,0.134759249
PIRL lineage to mixedHJB 15M,Loss/BDR,6.5700000,0.126110451
PIRL lineage to mixedHJB 15M,Loss/BDR,6.5900000,0.129575451
PIRL lineage to mixedHJB 15M,Loss/BDR,6.6100000,0.131005676
PIRL lineage to mixedHJB 15M,Loss/BDR,6.6300000,0.128984578
PIRL lineage to mixedHJB 15M,Loss/BDR,6.6500000,0.134744507
PIRL lineage to mixedHJB 15M,Loss/BDR,6.6700000,0.132899033
PIRL lineage to mixedHJB 15M,Loss/BDR,6.6900000,0.121720423
PIRL lineage to mixedHJB 15M,Loss/BDR,6.7100000,0.0982382406
PIRL lineage to mixedHJB 15M,Loss/BDR,6.7300000,0.101331704
PIRL lineage to mixedHJB 15M,Loss/BDR,6.7500000,0.0979811776
PIRL lineage to mixedHJB 15M,Loss/BDR,6.7700000,0.106101612
PIRL lineage to mixedHJB 15M,Loss/BDR,6.7900000,0.100635311
PIRL lineage to mixedHJB 15M,Loss/BDR,6.8100000,0.122238478
PIRL lineage to mixedHJB 15M,Loss/BDR,6.8300000,0.113356712
PIRL lineage to mixedHJB 15M,Loss/BDR,6.8500000,0.109535922
PIRL lineage to mixedHJB 15M,Loss/BDR,6.8700000,0.109918587
PIRL lineage to mixedHJB 15M,Loss/BDR,6.8900000,0.128547482
PIRL lineage to mixedHJB 15M,Loss/BDR,6.9100000,0.114195082
PIRL lineage to mixedHJB 15M,Loss/BDR,6.9300000,0.122033534
PIRL lineage to mixedHJB 15M,Loss/BDR,6.9500000,0.128687137
PIRL lineage to mixedHJB 15M,Loss/BDR,6.9700000,0.128791582
PIRL lineage to mixedHJB 15M,Loss/BDR,6.9900000,0.124927955
PIRL lineage to mixedHJB 15M,Loss/BDR,7.0100000,0.134798822
PIRL lineage to mixedHJB 15M,Loss/BDR,7.0300000,0.133132234
PIRL lineage to mixedHJB 15M,Loss/BDR,7.0500000,0.139332396
PIRL lineage to mixedHJB 15M,Loss/BDR,7.0700000,0.128645954
PIRL lineage to mixedHJB 15M,Loss/BDR,7.0900000,0.128736013
PIRL lineage to mixedHJB 15M,Loss/BDR,7.1100000,0.125060299
PIRL lineage to mixedHJB 15M,Loss/BDR,7.1300000,0.119221963
PIRL lineage to mixedHJB 15M,Loss/BDR,7.1500000,0.103192566
PIRL lineage to mixedHJB 15M,Loss/BDR,7.1700000,0.100204594
PIRL lineage to mixedHJB 15M,Loss/BDR,7.1900000,0.107695164
PIRL lineage to mixedHJB 15M,Loss/BDR,7.2100000,0.114116247
PIRL lineage to mixedHJB 15M,Loss/BDR,7.2300000,0.108189799
PIRL lineage to mixedHJB 15M,Loss/BDR,7.2500000,0.112459643
PIRL lineage to mixedHJB 15M,Loss/BDR,7.2700000,0.114403081
PIRL lineage to mixedHJB 15M,Loss/BDR,7.2900000,0.103270271
PIRL lineage to mixedHJB 15M,Loss/BDR,7.3100000,0.0971541211
PIRL lineage to mixedHJB 15M,Loss/BDR,7.3300000,0.0979271412
PIRL lineage to mixedHJB 15M,Loss/BDR,7.3500000,0.106798616
PIRL lineage to mixedHJB 15M,Loss/BDR,7.3700000,0.11318817
PIRL lineage to mixedHJB 15M,Loss/BDR,7.3900000,0.112430954
PIRL lineage to mixedHJB 15M,Loss/BDR,7.4100000,0.11069763
PIRL lineage to mixedHJB 15M,Loss/BDR,7.4300000,0.128321019
PIRL lineage to mixedHJB 15M,Loss/BDR,7.4500000,0.116492374
PIRL lineage to mixedHJB 15M,Loss/BDR,7.4700000,0.113081999
PIRL lineage to mixedHJB 15M,Loss/BDR,7.4900000,0.110799001
PIRL lineage to mixedHJB 15M,Loss/BDR,7.5100000,0.130188692
PIRL lineage to mixedHJB 15M,Loss/BDR,7.5300000,0.126541257
PIRL lineage to mixedHJB 15M,Loss/BDR,7.5500000,0.122153093
PIRL lineage to mixedHJB 15M,Loss/BDR,7.5700000,0.111444259
PIRL lineage to mixedHJB 15M,Loss/BDR,7.5900000,0.12299804
PIRL lineage to mixedHJB 15M,Loss/BDR,7.6100000,0.107624836
PIRL lineage to mixedHJB 15M,Loss/BDR,7.6300000,0.0976003833
PIRL lineage to mixedHJB 15M,Loss/BDR,7.6500000,0.0898960926
PIRL lineage to mixedHJB 15M,Loss/BDR,7.6700000,0.102636407
PIRL lineage to mixedHJB 15M,Loss/BDR,7.6900000,0.0908892572
PIRL lineage to mixedHJB 15M,Loss/BDR,7.7100000,0.0965218619
PIRL lineage to mixedHJB 15M,Loss/BDR,7.7300000,0.0903200954
PIRL lineage to mixedHJB 15M,Loss/BDR,7.7500000,0.105667625
PIRL lineage to mixedHJB 15M,Loss/BDR,7.7700000,0.098401545
PIRL lineage to mixedHJB 15M,Loss/BDR,7.7900000,0.105085377
PIRL lineage to mixedHJB 15M,Loss/BDR,7.8100000,0.0911447071
PIRL lineage to mixedHJB 15M,Loss/BDR,7.8300000,0.0998815931
PIRL lineage to mixedHJB 15M,Loss/BDR,7.8500000,0.0839335747
PIRL lineage to mixedHJB 15M,Loss/BDR,7.8700000,0.0818531267
PIRL lineage to mixedHJB 15M,Loss/BDR,7.8900000,0.0842636563
PIRL lineage to mixedHJB 15M,Loss/BDR,7.9100000,0.09615677
PIRL lineage to mixedHJB 15M,Loss/BDR,7.9300000,0.0995110929
PIRL lineage to mixedHJB 15M,Loss/BDR,7.9500000,0.110735984
PIRL lineage to mixedHJB 15M,Loss/BDR,7.9700000,0.117449205
PIRL lineage to mixedHJB 15M,Loss/BDR,7.9900000,0.0998078771
PIRL lineage to mixedHJB 15M,Loss/BDR,8.0100000,0.0982900925
PIRL lineage to mixedHJB 15M,Loss/BDR,8.0300000,0.090323513
PIRL lineage to mixedHJB 15M,Loss/BDR,8.0500000,0.0926482193
PIRL lineage to mixedHJB 15M,Loss/BDR,8.0700000,0.0867976435
PIRL lineage to mixedHJB 15M,Loss/BDR,8.0900000,0.0971053034
PIRL lineage to mixedHJB 15M,Loss/BDR,8.1100000,0.0886692584
PIRL lineage to mixedHJB 15M,Loss/BDR,8.1300000,0.102807476
PIRL lineage to mixedHJB 15M,Loss/BDR,8.1500000,0.0919580914
PIRL lineage to mixedHJB 15M,Loss/BDR,8.1700000,0.0848870181
PIRL lineage to mixedHJB 15M,Loss/BDR,8.1900000,0.0906982221
PIRL lineage to mixedHJB 15M,Loss/BDR,8.2100000,0.0867209733
PIRL lineage to mixedHJB 15M,Loss/BDR,8.2300000,0.0766392499
PIRL lineage to mixedHJB 15M,Loss/BDR,8.2500000,0.0884052686
PIRL lineage to mixedHJB 15M,Loss/BDR,8.2700000,0.090498545
PIRL lineage to mixedHJB 15M,Loss/BDR,8.2900000,0.0747446321
PIRL lineage to mixedHJB 15M,Loss/BDR,8.3100000,0.0816662818
PIRL lineage to mixedHJB 15M,Loss/BDR,8.3300000,0.0778099447
PIRL lineage to mixedHJB 15M,Loss/BDR,8.3500000,0.0712377563
PIRL lineage to mixedHJB 15M,Loss/BDR,8.3700000,0.076413247
PIRL lineage to mixedHJB 15M,Loss/BDR,8.3900000,0.0844914481
PIRL lineage to mixedHJB 15M,Loss/BDR,8.4100000,0.0927055314
PIRL lineage to mixedHJB 15M,Loss/BDR,8.4300000,0.0915219769
PIRL lineage to mixedHJB 15M,Loss/BDR,8.4500000,0.107586442
PIRL lineage to mixedHJB 15M,Loss/BDR,8.4700000,0.109094387
PIRL lineage to mixedHJB 15M,Loss/BDR,8.4900000,0.109271444
PIRL lineage to mixedHJB 15M,Loss/BDR,8.5100000,0.0973980844
PIRL lineage to mixedHJB 15M,Loss/BDR,8.5300000,0.101412061
PIRL lineage to mixedHJB 15M,Loss/BDR,8.5500000,0.106118405
PIRL lineage to mixedHJB 15M,Loss/BDR,8.5700000,0.118946429
PIRL lineage to mixedHJB 15M,Loss/BDR,8.5900000,0.111750434
PIRL lineage to mixedHJB 15M,Loss/BDR,8.6100000,0.115972878
PIRL lineage to mixedHJB 15M,Loss/BDR,8.6300000,0.112730962
PIRL lineage to mixedHJB 15M,Loss/BDR,8.6500000,0.0907516807
PIRL lineage to mixedHJB 15M,Loss/BDR,8.6700000,0.0759053737
PIRL lineage to mixedHJB 15M,Loss/BDR,8.6900000,0.0861510709
PIRL lineage to mixedHJB 15M,Loss/BDR,8.7100000,0.0896227509
PIRL lineage to mixedHJB 15M,Loss/BDR,8.7300000,0.0895290896
PIRL lineage to mixedHJB 15M,Loss/BDR,8.7500000,0.0988386527
PIRL lineage to mixedHJB 15M,Loss/BDR,8.7700000,0.105476752
PIRL lineage to mixedHJB 15M,Loss/BDR,8.7900000,0.108010265
PIRL lineage to mixedHJB 15M,Loss/BDR,8.8100000,0.0993957534
PIRL lineage to mixedHJB 15M,Loss/BDR,8.8300000,0.112066086
PIRL lineage to mixedHJB 15M,Loss/BDR,8.8500000,0.104034957
PIRL lineage to mixedHJB 15M,Loss/BDR,8.8700000,0.0960839286
PIRL lineage to mixedHJB 15M,Loss/BDR,8.8900000,0.0953697234
PIRL lineage to mixedHJB 15M,Loss/BDR,8.9100000,0.109483354
PIRL lineage to mixedHJB 15M,Loss/BDR,8.9300000,0.104108323
PIRL lineage to mixedHJB 15M,Loss/BDR,8.9500000,0.105364284
PIRL lineage to mixedHJB 15M,Loss/BDR,8.9700000,0.118147418
PIRL lineage to mixedHJB 15M,Loss/BDR,8.9900000,0.110870968
PIRL lineage to mixedHJB 15M,Loss/BDR,9.0100000,0.0975919679
PIRL lineage to mixedHJB 15M,Loss/BDR,9.0300000,0.0917163327
PIRL lineage to mixedHJB 15M,Loss/BDR,9.0500000,0.095605433
PIRL lineage to mixedHJB 15M,Loss/BDR,9.0700000,0.0874747381
PIRL lineage to mixedHJB 15M,Loss/BDR,9.0900000,0.109435698
PIRL lineage to mixedHJB 15M,Loss/BDR,9.1100000,0.11665269
PIRL lineage to mixedHJB 15M,Loss/BDR,9.1300000,0.116584307
PIRL lineage to mixedHJB 15M,Loss/BDR,9.1500000,0.112774129
PIRL lineage to mixedHJB 15M,Loss/BDR,9.1700000,0.118799201
PIRL lineage to mixedHJB 15M,Loss/BDR,9.1900000,0.0987771213
PIRL lineage to mixedHJB 15M,Loss/BDR,9.2100000,0.10746675
PIRL lineage to mixedHJB 15M,Loss/BDR,9.2300000,0.1039759
PIRL lineage to mixedHJB 15M,Loss/BDR,9.2500000,0.104632069
PIRL lineage to mixedHJB 15M,Loss/BDR,9.2700000,0.106216712
PIRL lineage to mixedHJB 15M,Loss/BDR,9.2900000,0.118986599
PIRL lineage to mixedHJB 15M,Loss/BDR,9.3100000,0.107159199
PIRL lineage to mixedHJB 15M,Loss/BDR,9.3300000,0.128638473
PIRL lineage to mixedHJB 15M,Loss/BDR,9.3500000,0.135616867
PIRL lineage to mixedHJB 15M,Loss/BDR,9.3700000,0.117451898
PIRL lineage to mixedHJB 15M,Loss/BDR,9.3900000,0.104318
PIRL lineage to mixedHJB 15M,Loss/BDR,9.4100000,0.102886831
PIRL lineage to mixedHJB 15M,Loss/BDR,9.4300000,0.0906309955
PIRL lineage to mixedHJB 15M,Loss/BDR,9.4500000,0.0874716081
PIRL lineage to mixedHJB 15M,Loss/BDR,9.4700000,0.0915592253
PIRL lineage to mixedHJB 15M,Loss/BDR,9.4900000,0.0921637759
PIRL lineage to mixedHJB 15M,Loss/BDR,9.5100000,0.103059179
PIRL lineage to mixedHJB 15M,Loss/BDR,9.5300000,0.0896461904
PIRL lineage to mixedHJB 15M,Loss/BDR,9.5500000,0.0895881891
PIRL lineage to mixedHJB 15M,Loss/BDR,9.5700000,0.0915422902
PIRL lineage to mixedHJB 15M,Loss/BDR,9.5900000,0.0926613763
PIRL lineage to mixedHJB 15M,Loss/BDR,9.6100000,0.0822995752
PIRL lineage to mixedHJB 15M,Loss/BDR,9.6300000,0.0927231148
PIRL lineage to mixedHJB 15M,Loss/BDR,9.6500000,0.0866040915
PIRL lineage to mixedHJB 15M,Loss/BDR,9.6700000,0.0809516378
PIRL lineage to mixedHJB 15M,Loss/BDR,9.6900000,0.0745686851
PIRL lineage to mixedHJB 15M,Loss/BDR,9.7100000,0.0701582469
PIRL lineage to mixedHJB 15M,Loss/BDR,9.7300000,0.0573508896
PIRL lineage to mixedHJB 15M,Loss/BDR,9.7500000,0.0580561973
PIRL lineage to mixedHJB 15M,Loss/BDR,9.7700000,0.0575132005
PIRL lineage to mixedHJB 15M,Loss/BDR,9.7900000,0.0688040249
PIRL lineage to mixedHJB 15M,Loss/BDR,9.8100000,0.0685865268
PIRL lineage to mixedHJB 15M,Loss/BDR,9.8300000,0.0848751426
PIRL lineage to mixedHJB 15M,Loss/BDR,9.8500000,0.0830768928
PIRL lineage to mixedHJB 15M,Loss/BDR,9.8700000,0.0927874677
PIRL lineage to mixedHJB 15M,Loss/BDR,9.8900000,0.0997036181
PIRL lineage to mixedHJB 15M,Loss/BDR,9.9100000,0.101511955
PIRL lineage to mixedHJB 15M,Loss/BDR,9.9300000,0.0922808126
PIRL lineage to mixedHJB 15M,Loss/BDR,9.9500000,0.0935251698
PIRL lineage to mixedHJB 15M,Loss/BDR,9.9700000,0.0892284289
PIRL lineage to mixedHJB 15M,Loss/BDR,9.9900000,0.0726097837
PIRL lineage to mixedHJB 15M,Loss/BDR,10.0100000,0.066687876
PIRL lineage to mixedHJB 15M,Loss/BDR,10.0300000,0.0673106506
PIRL lineage to mixedHJB 15M,Loss/BDR,10.0500000,0.0827299789
PIRL lineage to mixedHJB 15M,Loss/BDR,10.0700000,0.0916779697
PIRL lineage to mixedHJB 15M,Loss/BDR,10.0900000,0.0918920353
PIRL lineage to mixedHJB 15M,Loss/BDR,10.1100000,0.0959600732
PIRL lineage to mixedHJB 15M,Loss/BDR,10.1300000,0.111170951
PIRL lineage to mixedHJB 15M,Loss/BDR,10.1500000,0.107663858
PIRL lineage to mixedHJB 15M,Loss/BDR,10.1700000,0.133702569
PIRL lineage to mixedHJB 15M,Loss/BDR,10.1900000,0.135072058
PIRL lineage to mixedHJB 15M,Loss/BDR,10.2100000,0.131776176
PIRL lineage to mixedHJB 15M,Loss/BDR,10.2300000,0.120557697
PIRL lineage to mixedHJB 15M,Loss/BDR,10.2500000,0.116309799
PIRL lineage to mixedHJB 15M,Loss/BDR,10.2700000,0.0889257953
PIRL lineage to mixedHJB 15M,Loss/BDR,10.2900000,0.088241978
PIRL lineage to mixedHJB 15M,Loss/BDR,10.3100000,0.0955701843
PIRL lineage to mixedHJB 15M,Loss/BDR,10.3300000,0.0944431126
PIRL lineage to mixedHJB 15M,Loss/BDR,10.3500000,0.106963363
PIRL lineage to mixedHJB 15M,Loss/BDR,10.3700000,0.115378845
PIRL lineage to mixedHJB 15M,Loss/BDR,10.3900000,0.117503947
PIRL lineage to mixedHJB 15M,Loss/BDR,10.4100000,0.101416859
PIRL lineage to mixedHJB 15M,Loss/BDR,10.4300000,0.1076694
PIRL lineage to mixedHJB 15M,Loss/BDR,10.4500000,0.0997184217
PIRL lineage to mixedHJB 15M,Loss/BDR,10.4700000,0.102798739
PIRL lineage to mixedHJB 15M,Loss/BDR,10.4900000,0.113851894
PIRL lineage to mixedHJB 15M,Loss/BDR,10.5100000,0.116776939
PIRL lineage to mixedHJB 15M,Loss/BDR,10.5300000,0.115043876
PIRL lineage to mixedHJB 15M,Loss/BDR,10.5500000,0.118214841
PIRL lineage to mixedHJB 15M,Loss/BDR,10.5700000,0.103880067
PIRL lineage to mixedHJB 15M,Loss/BDR,10.5900000,0.0946567088
PIRL lineage to mixedHJB 15M,Loss/BDR,10.6100000,0.101321988
PIRL lineage to mixedHJB 15M,Loss/BDR,10.6300000,0.111672536
PIRL lineage to mixedHJB 15M,Loss/BDR,10.6500000,0.108501902
PIRL lineage to mixedHJB 15M,Loss/BDR,10.6700000,0.109872529
PIRL lineage to mixedHJB 15M,Loss/BDR,10.6900000,0.112452938
PIRL lineage to mixedHJB 15M,Loss/BDR,10.7100000,0.119688553
PIRL lineage to mixedHJB 15M,Loss/BDR,10.7300000,0.110110992
PIRL lineage to mixedHJB 15M,Loss/BDR,10.7500000,0.098651994
PIRL lineage to mixedHJB 15M,Loss/BDR,10.7700000,0.10441219
PIRL lineage to mixedHJB 15M,Loss/BDR,10.7900000,0.0899206452
PIRL lineage to mixedHJB 15M,Loss/BDR,10.8100000,0.0949739449
PIRL lineage to mixedHJB 15M,Loss/BDR,10.8300000,0.0903196461
PIRL lineage to mixedHJB 15M,Loss/BDR,10.8500000,0.09318946
PIRL lineage to mixedHJB 15M,Loss/BDR,10.8700000,0.094087106
PIRL lineage to mixedHJB 15M,Loss/BDR,10.8900000,0.099421896
PIRL lineage to mixedHJB 15M,Loss/BDR,10.9100000,0.0878001019
PIRL lineage to mixedHJB 15M,Loss/BDR,10.9300000,0.0887829795
PIRL lineage to mixedHJB 15M,Loss/BDR,10.9500000,0.100416888
PIRL lineage to mixedHJB 15M,Loss/BDR,10.9700000,0.109856646
PIRL lineage to mixedHJB 15M,Loss/BDR,10.9900000,0.102051453
PIRL lineage to mixedHJB 15M,Loss/BDR,11.0100000,0.104569355
PIRL lineage to mixedHJB 15M,Loss/BDR,11.0300000,0.105735198
PIRL lineage to mixedHJB 15M,Loss/BDR,11.0500000,0.0931527831
PIRL lineage to mixedHJB 15M,Loss/BDR,11.0700000,0.0838600434
PIRL lineage to mixedHJB 15M,Loss/BDR,11.0900000,0.086867471
PIRL lineage to mixedHJB 15M,Loss/BDR,11.1100000,0.0828789458
PIRL lineage to mixedHJB 15M,Loss/BDR,11.1300000,0.0750425167
PIRL lineage to mixedHJB 15M,Loss/BDR,11.1500000,0.093580953
PIRL lineage to mixedHJB 15M,Loss/BDR,11.1700000,0.0811113521
PIRL lineage to mixedHJB 15M,Loss/BDR,11.1900000,0.0929404899
PIRL lineage to mixedHJB 15M,Loss/BDR,11.2100000,0.0930170044
PIRL lineage to mixedHJB 15M,Loss/BDR,11.2300000,0.107633679
PIRL lineage to mixedHJB 15M,Loss/BDR,11.2500000,0.0908277772
PIRL lineage to mixedHJB 15M,Loss/BDR,11.2700000,0.104525004
PIRL lineage to mixedHJB 15M,Loss/BDR,11.2900000,0.0969123185
PIRL lineage to mixedHJB 15M,Loss/BDR,11.3100000,0.0912163302
PIRL lineage to mixedHJB 15M,Loss/BDR,11.3300000,0.0809314728
PIRL lineage to mixedHJB 15M,Loss/BDR,11.3500000,0.077157741
PIRL lineage to mixedHJB 15M,Loss/BDR,11.3700000,0.0628402375
PIRL lineage to mixedHJB 15M,Loss/BDR,11.3900000,0.0652736939
PIRL lineage to mixedHJB 15M,Loss/BDR,11.4100000,0.0726443924
PIRL lineage to mixedHJB 15M,Loss/BDR,11.4300000,0.0746232949
PIRL lineage to mixedHJB 15M,Loss/BDR,11.4500000,0.0828306273
PIRL lineage to mixedHJB 15M,Loss/BDR,11.4700000,0.09315373
PIRL lineage to mixedHJB 15M,Loss/BDR,11.4900000,0.0881703958
PIRL lineage to mixedHJB 15M,Loss/BDR,11.5100000,0.0875327244
PIRL lineage to mixedHJB 15M,Loss/BDR,11.5300000,0.0809436299
PIRL lineage to mixedHJB 15M,Loss/BDR,11.5500000,0.0760638274
PIRL lineage to mixedHJB 15M,Loss/BDR,11.5700000,0.0712334551
PIRL lineage to mixedHJB 15M,Loss/BDR,11.5900000,0.0681944139
PIRL lineage to mixedHJB 15M,Loss/BDR,11.6100000,0.0764192663
PIRL lineage to mixedHJB 15M,Loss/BDR,11.6300000,0.0884607986
PIRL lineage to mixedHJB 15M,Loss/BDR,11.6500000,0.0928358063
PIRL lineage to mixedHJB 15M,Loss/BDR,11.6700000,0.105420005
PIRL lineage to mixedHJB 15M,Loss/BDR,11.6900000,0.116329224
PIRL lineage to mixedHJB 15M,Loss/BDR,11.7100000,0.111889373
PIRL lineage to mixedHJB 15M,Loss/BDR,11.7300000,0.105272277
PIRL lineage to mixedHJB 15M,Loss/BDR,11.7500000,0.107160412
PIRL lineage to mixedHJB 15M,Loss/BDR,11.7700000,0.0947590694
PIRL lineage to mixedHJB 15M,Loss/BDR,11.7900000,0.0921088055
PIRL lineage to mixedHJB 15M,Loss/BDR,11.8100000,0.100214304
PIRL lineage to mixedHJB 15M,Loss/BDR,11.8300000,0.106108305
PIRL lineage to mixedHJB 15M,Loss/BDR,11.8500000,0.0970377564
PIRL lineage to mixedHJB 15M,Loss/BDR,11.8700000,0.0999570623
PIRL lineage to mixedHJB 15M,Loss/BDR,11.8900000,0.113488515
PIRL lineage to mixedHJB 15M,Loss/BDR,11.9100000,0.0961897612
PIRL lineage to mixedHJB 15M,Loss/BDR,11.9300000,0.0947203264
PIRL lineage to mixedHJB 15M,Loss/BDR,11.9500000,0.109614781
PIRL lineage to mixedHJB 15M,Loss/BDR,11.9700000,0.0998942688
PIRL lineage to mixedHJB 15M,Loss/BDR,11.9900000,0.086196588
PIRL lineage to mixedHJB 15M,Loss/BDR,12.0100000,0.0873989388
PIRL lineage to mixedHJB 15M,Loss/BDR,12.0300000,0.0871391997
PIRL lineage to mixedHJB 15M,Loss/BDR,12.0500000,0.0861548319
PIRL lineage to mixedHJB 15M,Loss/BDR,12.0700000,0.0983267426
PIRL lineage to mixedHJB 15M,Loss/BDR,12.0900000,0.0975312397
PIRL lineage to mixedHJB 15M,Loss/BDR,12.1100000,0.101496905
PIRL lineage to mixedHJB 15M,Loss/BDR,12.1300000,0.107547489
PIRL lineage to mixedHJB 15M,Loss/BDR,12.1500000,0.105431215
PIRL lineage to mixedHJB 15M,Loss/BDR,12.1700000,0.103127661
PIRL lineage to mixedHJB 15M,Loss/BDR,12.1900000,0.101364623
PIRL lineage to mixedHJB 15M,Loss/BDR,12.2100000,0.0958194286
PIRL lineage to mixedHJB 15M,Loss/BDR,12.2300000,0.0915687457
PIRL lineage to mixedHJB 15M,Loss/BDR,12.2500000,0.0896631673
PIRL lineage to mixedHJB 15M,Loss/BDR,12.2700000,0.0967828378
PIRL lineage to mixedHJB 15M,Loss/BDR,12.2900000,0.0969608799
PIRL lineage to mixedHJB 15M,Loss/BDR,12.3100000,0.0993875325
PIRL lineage to mixedHJB 15M,Loss/BDR,12.3300000,0.0953449115
PIRL lineage to mixedHJB 15M,Loss/BDR,12.3500000,0.0885169238
PIRL lineage to mixedHJB 15M,Loss/BDR,12.3700000,0.0738475822
PIRL lineage to mixedHJB 15M,Loss/BDR,12.3900000,0.0744136773
PIRL lineage to mixedHJB 15M,Loss/BDR,12.4100000,0.0765260868
PIRL lineage to mixedHJB 15M,Loss/BDR,12.4300000,0.0718531244
PIRL lineage to mixedHJB 15M,Loss/BDR,12.4500000,0.0783732109
PIRL lineage to mixedHJB 15M,Loss/BDR,12.4700000,0.0817681491
PIRL lineage to mixedHJB 15M,Loss/BDR,12.4900000,0.0825954735
PIRL lineage to mixedHJB 15M,Loss/BDR,12.5100000,0.0771718986
PIRL lineage to mixedHJB 15M,Loss/BDR,12.5300000,0.0844477482
PIRL lineage to mixedHJB 15M,Loss/BDR,12.5500000,0.0768138044
PIRL lineage to mixedHJB 15M,Loss/BDR,12.5700000,0.0775041781
PIRL lineage to mixedHJB 15M,Loss/BDR,12.5900000,0.0847672366
PIRL lineage to mixedHJB 15M,Loss/BDR,12.6100000,0.104064636
PIRL lineage to mixedHJB 15M,Loss/BDR,12.6300000,0.100502728
PIRL lineage to mixedHJB 15M,Loss/BDR,12.6500000,0.105344272
PIRL lineage to mixedHJB 15M,Loss/BDR,12.6700000,0.104636124
PIRL lineage to mixedHJB 15M,Loss/BDR,12.6900000,0.0931281567
PIRL lineage to mixedHJB 15M,Loss/BDR,12.7100000,0.0863258362
PIRL lineage to mixedHJB 15M,Loss/BDR,12.7300000,0.0910418957
PIRL lineage to mixedHJB 15M,Loss/BDR,12.7500000,0.0816446982
PIRL lineage to mixedHJB 15M,Loss/BDR,12.7700000,0.0795416959
PIRL lineage to mixedHJB 15M,Loss/BDR,12.7900000,0.0790136643
PIRL lineage to mixedHJB 15M,Loss/BDR,12.8100000,0.0691869445
PIRL lineage to mixedHJB 15M,Loss/BDR,12.8300000,0.0729677983
PIRL lineage to mixedHJB 15M,Loss/BDR,12.8500000,0.0803759411
PIRL lineage to mixedHJB 15M,Loss/BDR,12.8700000,0.0752634473
PIRL lineage to mixedHJB 15M,Loss/BDR,12.8900000,0.0925450422
PIRL lineage to mixedHJB 15M,Loss/BDR,12.9100000,0.102792776
PIRL lineage to mixedHJB 15M,Loss/BDR,12.9300000,0.0946650974
PIRL lineage to mixedHJB 15M,Loss/BDR,12.9500000,0.0876866072
PIRL lineage to mixedHJB 15M,Loss/BDR,12.9700000,0.0925614096
PIRL lineage to mixedHJB 15M,Loss/BDR,12.9900000,0.0865448304
PIRL lineage to mixedHJB 15M,Loss/BDR,13.0100000,0.0901246049
PIRL lineage to mixedHJB 15M,Loss/BDR,13.0300000,0.0892407618
PIRL lineage to mixedHJB 15M,Loss/BDR,13.0500000,0.0992389619
PIRL lineage to mixedHJB 15M,Loss/BDR,13.0700000,0.110625517
PIRL lineage to mixedHJB 15M,Loss/BDR,13.0900000,0.111446053
PIRL lineage to mixedHJB 15M,Loss/BDR,13.1100000,0.0974467501
PIRL lineage to mixedHJB 15M,Loss/BDR,13.1300000,0.101282789
PIRL lineage to mixedHJB 15M,Loss/BDR,13.1500000,0.0960730925
PIRL lineage to mixedHJB 15M,Loss/BDR,13.1700000,0.103023019
PIRL lineage to mixedHJB 15M,Loss/BDR,13.1900000,0.101485299
PIRL lineage to mixedHJB 15M,Loss/BDR,13.2100000,0.100516111
PIRL lineage to mixedHJB 15M,Loss/BDR,13.2300000,0.0956465319
PIRL lineage to mixedHJB 15M,Loss/BDR,13.2500000,0.0982582003
PIRL lineage to mixedHJB 15M,Loss/BDR,13.2700000,0.0878538206
PIRL lineage to mixedHJB 15M,Loss/BDR,13.2900000,0.0838310361
PIRL lineage to mixedHJB 15M,Loss/BDR,13.3100000,0.0827543706
PIRL lineage to mixedHJB 15M,Loss/BDR,13.3300000,0.0831202656
PIRL lineage to mixedHJB 15M,Loss/BDR,13.3500000,0.0823826477
PIRL lineage to mixedHJB 15M,Loss/BDR,13.3700000,0.0731646113
PIRL lineage to mixedHJB 15M,Loss/BDR,13.3900000,0.0737003021
PIRL lineage to mixedHJB 15M,Loss/BDR,13.4100000,0.0750753932
PIRL lineage to mixedHJB 15M,Loss/BDR,13.4300000,0.0814358659
PIRL lineage to mixedHJB 15M,Loss/BDR,13.4500000,0.0828693561
PIRL lineage to mixedHJB 15M,Loss/BDR,13.4700000,0.0846807554
PIRL lineage to mixedHJB 15M,Loss/BDR,13.4900000,0.0966275379
PIRL lineage to mixedHJB 15M,Loss/BDR,13.5100000,0.0930714883
PIRL lineage to mixedHJB 15M,Loss/BDR,13.5300000,0.087727011
PIRL lineage to mixedHJB 15M,Loss/BDR,13.5500000,0.0955282278
PIRL lineage to mixedHJB 15M,Loss/BDR,13.5700000,0.0994041942
PIRL lineage to mixedHJB 15M,Loss/BDR,13.5900000,0.0830489568
PIRL lineage to mixedHJB 15M,Loss/BDR,13.6100000,0.0868825272
PIRL lineage to mixedHJB 15M,Loss/BDR,13.6300000,0.0992088333
PIRL lineage to mixedHJB 15M,Loss/BDR,13.6500000,0.0921485424
PIRL lineage to mixedHJB 15M,Loss/BDR,13.6700000,0.096398437
PIRL lineage to mixedHJB 15M,Loss/BDR,13.6900000,0.102185121
PIRL lineage to mixedHJB 15M,Loss/BDR,13.7100000,0.101130278
PIRL lineage to mixedHJB 15M,Loss/BDR,13.7300000,0.0864725731
PIRL lineage to mixedHJB 15M,Loss/BDR,13.7500000,0.091782289
PIRL lineage to mixedHJB 15M,Loss/BDR,13.7700000,0.0924781539
PIRL lineage to mixedHJB 15M,Loss/BDR,13.7900000,0.102779905
PIRL lineage to mixedHJB 15M,Loss/BDR,13.8100000,0.106550925
PIRL lineage to mixedHJB 15M,Loss/BDR,13.8300000,0.10550777
PIRL lineage to mixedHJB 15M,Loss/BDR,13.8500000,0.100093891
PIRL lineage to mixedHJB 15M,Loss/BDR,13.8700000,0.0924491361
PIRL lineage to mixedHJB 15M,Loss/BDR,13.8900000,0.0857514843
PIRL lineage to mixedHJB 15M,Loss/BDR,13.9100000,0.0799078412
PIRL lineage to mixedHJB 15M,Loss/BDR,13.9300000,0.0753190733
PIRL lineage to mixedHJB 15M,Loss/BDR,13.9500000,0.0719056226
PIRL lineage to mixedHJB 15M,Loss/BDR,13.9700000,0.077715724
PIRL lineage to mixedHJB 15M,Loss/BDR,13.9900000,0.0753520869
PIRL lineage to mixedHJB 15M,Loss/BDR,14.0100000,0.0811024681
PIRL lineage to mixedHJB 15M,Loss/BDR,14.0300000,0.0866763093
PIRL lineage to mixedHJB 15M,Loss/BDR,14.0500000,0.0907782294
PIRL lineage to mixedHJB 15M,Loss/BDR,14.0700000,0.0960090853
PIRL lineage to mixedHJB 15M,Loss/BDR,14.0900000,0.0938691355
PIRL lineage to mixedHJB 15M,Loss/BDR,14.1100000,0.100777806
PIRL lineage to mixedHJB 15M,Loss/BDR,14.1300000,0.104488282
PIRL lineage to mixedHJB 15M,Loss/BDR,14.1500000,0.0953885347
PIRL lineage to mixedHJB 15M,Loss/BDR,14.1700000,0.092507869
PIRL lineage to mixedHJB 15M,Loss/BDR,14.1900000,0.0889549002
PIRL lineage to mixedHJB 15M,Loss/BDR,14.2100000,0.0829892725
PIRL lineage to mixedHJB 15M,Loss/BDR,14.2300000,0.0794756487
PIRL lineage to mixedHJB 15M,Loss/BDR,14.2500000,0.0803226285
PIRL lineage to mixedHJB 15M,Loss/BDR,14.2700000,0.0712999634
PIRL lineage to mixedHJB 15M,Loss/BDR,14.2900000,0.0688517906
PIRL lineage to mixedHJB 15M,Loss/BDR,14.3100000,0.0658614837
PIRL lineage to mixedHJB 15M,Loss/BDR,14.3300000,0.0703478865
PIRL lineage to mixedHJB 15M,Loss/BDR,14.3500000,0.080717212
PIRL lineage to mixedHJB 15M,Loss/BDR,14.3700000,0.0887618497
PIRL lineage to mixedHJB 15M,Loss/BDR,14.3900000,0.0959854096
PIRL lineage to mixedHJB 15M,Loss/BDR,14.4100000,0.098014915
PIRL lineage to mixedHJB 15M,Loss/BDR,14.4300000,0.10236191
PIRL lineage to mixedHJB 15M,Loss/BDR,14.4500000,0.101390716
PIRL lineage to mixedHJB 15M,Loss/BDR,14.4700000,0.0838934362
PIRL lineage to mixedHJB 15M,Loss/BDR,14.4900000,0.0866182312
PIRL lineage to mixedHJB 15M,Loss/BDR,14.5100000,0.0907677278
PIRL lineage to mixedHJB 15M,Loss/BDR,14.5300000,0.0883111283
PIRL lineage to mixedHJB 15M,Loss/BDR,14.5500000,0.0886864126
PIRL lineage to mixedHJB 15M,Loss/BDR,14.5700000,0.101959473
PIRL lineage to mixedHJB 15M,Loss/BDR,14.5900000,0.0932416588
PIRL lineage to mixedHJB 15M,Loss/BDR,14.6100000,0.0967017621
PIRL lineage to mixedHJB 15M,Loss/BDR,14.6300000,0.0982236087
PIRL lineage to mixedHJB 15M,Loss/BDR,14.6500000,0.0904722378
PIRL lineage to mixedHJB 15M,Loss/BDR,14.6700000,0.0902238086
PIRL lineage to mixedHJB 15M,Loss/BDR,14.6900000,0.101395671
PIRL lineage to mixedHJB 15M,Loss/BDR,14.7100000,0.0885024503
PIRL lineage to mixedHJB 15M,Loss/BDR,14.7300000,0.0824240953
PIRL lineage to mixedHJB 15M,Loss/BDR,14.7500000,0.0785825163
PIRL lineage to mixedHJB 15M,Loss/BDR,14.7700000,0.0768707588
PIRL lineage to mixedHJB 15M,Loss/BDR,14.7900000,0.0706918165
PIRL lineage to mixedHJB 15M,Loss/BDR,14.8100000,0.0706630751
PIRL lineage to mixedHJB 15M,Loss/BDR,14.8300000,0.0753967464
PIRL lineage to mixedHJB 15M,Loss/BDR,14.8500000,0.090834868
PIRL lineage to mixedHJB 15M,Loss/BDR,14.8700000,0.0848128878
PIRL lineage to mixedHJB 15M,Loss/BDR,14.8900000,0.0786690958
PIRL lineage to mixedHJB 15M,Loss/BDR,14.9100000,0.0701170616
PIRL lineage to mixedHJB 15M,Loss/BDR,14.9300000,0.07260269
PIRL lineage to mixedHJB 15M,Loss/BDR,14.9500000,0.0604227521
PIRL lineage to mixedHJB 15M,Loss/BDR,14.9700000,0.0632682949
PIRL lineage to mixedHJB 15M,Loss/BDR,14.9900000,0.0607476383
TD3 fixedT baseline,Loss/BDR,0.0100000,1.99020219
TD3 fixedT baseline,Loss/BDR,0.0300000,1.9903368
TD3 fixedT baseline,Loss/BDR,0.0500000,1.98866649
TD3 fixedT baseline,Loss/BDR,0.0700000,1.98885269
TD3 fixedT baseline,Loss/BDR,0.0900000,1.98751929
TD3 fixedT baseline,Loss/BDR,0.1100000,1.9928751
TD3 fixedT baseline,Loss/BDR,0.1300000,1.99381218
TD3 fixedT baseline,Loss/BDR,0.1500000,1.99456508
TD3 fixedT baseline,Loss/BDR,0.1700000,1.98758733
TD3 fixedT baseline,Loss/BDR,0.1900000,1.98879614
TD3 fixedT baseline,Loss/BDR,0.2100000,1.99209826
TD3 fixedT baseline,Loss/BDR,0.2300000,1.98861265
TD3 fixedT baseline,Loss/BDR,0.2500000,1.98340695
TD3 fixedT baseline,Loss/BDR,0.2700000,1.98730981
TD3 fixedT baseline,Loss/BDR,0.2900000,1.98852546
TD3 fixedT baseline,Loss/BDR,0.3100000,1.98358562
TD3 fixedT baseline,Loss/BDR,0.3300000,1.98370554
TD3 fixedT baseline,Loss/BDR,0.3500000,1.9840822
TD3 fixedT baseline,Loss/BDR,0.3700000,1.9795985
TD3 fixedT baseline,Loss/BDR,0.3900000,1.97420597
TD3 fixedT baseline,Loss/BDR,0.4100000,1.97989802
TD3 fixedT baseline,Loss/BDR,0.4300000,1.98670542
TD3 fixedT baseline,Loss/BDR,0.4500000,1.99169004
TD3 fixedT baseline,Loss/BDR,0.4700000,1.99259198
TD3 fixedT baseline,Loss/BDR,0.4900000,1.98914752
TD3 fixedT baseline,Loss/BDR,0.5100000,1.98207247
TD3 fixedT baseline,Loss/BDR,0.5300000,1.96029487
TD3 fixedT baseline,Loss/BDR,0.5500000,1.9580807
TD3 fixedT baseline,Loss/BDR,0.5700000,1.95416498
TD3 fixedT baseline,Loss/BDR,0.5900000,1.94904368
TD3 fixedT baseline,Loss/BDR,0.6100000,1.93766878
TD3 fixedT baseline,Loss/BDR,0.6300000,1.93678429
TD3 fixedT baseline,Loss/BDR,0.6500000,1.91779146
TD3 fixedT baseline,Loss/BDR,0.6700000,1.8714169
TD3 fixedT baseline,Loss/BDR,0.6900000,1.82738149
TD3 fixedT baseline,Loss/BDR,0.7100000,1.61053777
TD3 fixedT baseline,Loss/BDR,0.7300000,1.35726825
TD3 fixedT baseline,Loss/BDR,0.7500000,1.07948607
TD3 fixedT baseline,Loss/BDR,0.7700000,0.828885674
TD3 fixedT baseline,Loss/BDR,0.7900000,0.562783915
TD3 fixedT baseline,Loss/BDR,0.8100000,0.486933964
TD3 fixedT baseline,Loss/BDR,0.8300000,0.433627141
TD3 fixedT baseline,Loss/BDR,0.8500000,0.431835276
TD3 fixedT baseline,Loss/BDR,0.8700000,0.425931424
TD3 fixedT baseline,Loss/BDR,0.8900000,0.408772939
TD3 fixedT baseline,Loss/BDR,0.9100000,0.396016383
TD3 fixedT baseline,Loss/BDR,0.9300000,0.41074819
TD3 fixedT baseline,Loss/BDR,0.9500000,0.394304144
TD3 fixedT baseline,Loss/BDR,0.9700000,0.376749271
TD3 fixedT baseline,Loss/BDR,0.9900000,0.399629164
TD3 fixedT baseline,Loss/BDR,1.0100000,0.399706864
TD3 fixedT baseline,Loss/BDR,1.0300000,0.421282911
TD3 fixedT baseline,Loss/BDR,1.0500000,0.416220874
TD3 fixedT baseline,Loss/BDR,1.0700000,0.442688614
TD3 fixedT baseline,Loss/BDR,1.0900000,0.421917599
TD3 fixedT baseline,Loss/BDR,1.1100000,0.418713605
TD3 fixedT baseline,Loss/BDR,1.1300000,0.402559191
TD3 fixedT baseline,Loss/BDR,1.1500000,0.410358292
TD3 fixedT baseline,Loss/BDR,1.1700000,0.384070492
TD3 fixedT baseline,Loss/BDR,1.1900000,0.418042785
TD3 fixedT baseline,Loss/BDR,1.2100000,0.433895183
TD3 fixedT baseline,Loss/BDR,1.2300000,0.416008031
TD3 fixedT baseline,Loss/BDR,1.2500000,0.412668282
TD3 fixedT baseline,Loss/BDR,1.2700000,0.425405389
TD3 fixedT baseline,Loss/BDR,1.2900000,0.407859641
TD3 fixedT baseline,Loss/BDR,1.3100000,0.392826062
TD3 fixedT baseline,Loss/BDR,1.3300000,0.422832942
TD3 fixedT baseline,Loss/BDR,1.3500000,0.432351202
TD3 fixedT baseline,Loss/BDR,1.3700000,0.424471754
TD3 fixedT baseline,Loss/BDR,1.3900000,0.444376701
TD3 fixedT baseline,Loss/BDR,1.4100000,0.441834688
TD3 fixedT baseline,Loss/BDR,1.4300000,0.420255476
TD3 fixedT baseline,Loss/BDR,1.4500000,0.429187292
TD3 fixedT baseline,Loss/BDR,1.4700000,0.449759156
TD3 fixedT baseline,Loss/BDR,1.4900000,0.427316111
TD3 fixedT baseline,Loss/BDR,1.5100000,0.429325026
TD3 fixedT baseline,Loss/BDR,1.5300000,0.428018159
TD3 fixedT baseline,Loss/BDR,1.5500000,0.411568564
TD3 fixedT baseline,Loss/BDR,1.5700000,0.394114047
TD3 fixedT baseline,Loss/BDR,1.5900000,0.406317139
TD3 fixedT baseline,Loss/BDR,1.6100000,0.399773109
TD3 fixedT baseline,Loss/BDR,1.6300000,0.387403154
TD3 fixedT baseline,Loss/BDR,1.6500000,0.370900887
TD3 fixedT baseline,Loss/BDR,1.6700000,0.373973548
TD3 fixedT baseline,Loss/BDR,1.6900000,0.383058566
TD3 fixedT baseline,Loss/BDR,1.7100000,0.367087424
TD3 fixedT baseline,Loss/BDR,1.7300000,0.38775509
TD3 fixedT baseline,Loss/BDR,1.7500000,0.40069508
TD3 fixedT baseline,Loss/BDR,1.7700000,0.396573216
TD3 fixedT baseline,Loss/BDR,1.7900000,0.377911431
TD3 fixedT baseline,Loss/BDR,1.8100000,0.425579309
TD3 fixedT baseline,Loss/BDR,1.8300000,0.4138165
TD3 fixedT baseline,Loss/BDR,1.8500000,0.394126946
TD3 fixedT baseline,Loss/BDR,1.8700000,0.407530373
TD3 fixedT baseline,Loss/BDR,1.8900000,0.396789283
TD3 fixedT baseline,Loss/BDR,1.9100000,0.373695028
TD3 fixedT baseline,Loss/BDR,1.9300000,0.365137327
TD3 fixedT baseline,Loss/BDR,1.9500000,0.383822513
TD3 fixedT baseline,Loss/BDR,1.9700000,0.366202199
TD3 fixedT baseline,Loss/BDR,1.9900000,0.368698561
TD3 fixedT baseline,Loss/BDR,2.0100000,0.349007016
TD3 fixedT baseline,Loss/BDR,2.0300000,0.371382469
TD3 fixedT baseline,Loss/BDR,2.0500000,0.368494397
TD3 fixedT baseline,Loss/BDR,2.0700000,0.382591993
TD3 fixedT baseline,Loss/BDR,2.0900000,0.389957398
TD3 fixedT baseline,Loss/BDR,2.1100000,0.4218512
TD3 fixedT baseline,Loss/BDR,2.1300000,0.405616009
TD3 fixedT baseline,Loss/BDR,2.1500000,0.392490298
TD3 fixedT baseline,Loss/BDR,2.1700000,0.372333711
TD3 fixedT baseline,Loss/BDR,2.1900000,0.395408463
TD3 fixedT baseline,Loss/BDR,2.2100000,0.378028566
TD3 fixedT baseline,Loss/BDR,2.2300000,0.371214521
TD3 fixedT baseline,Loss/BDR,2.2500000,0.382972956
TD3 fixedT baseline,Loss/BDR,2.2700000,0.381919461
TD3 fixedT baseline,Loss/BDR,2.2900000,0.364495212
TD3 fixedT baseline,Loss/BDR,2.3100000,0.363676333
TD3 fixedT baseline,Loss/BDR,2.3300000,0.386925089
TD3 fixedT baseline,Loss/BDR,2.3500000,0.414958131
TD3 fixedT baseline,Loss/BDR,2.3700000,0.432060975
TD3 fixedT baseline,Loss/BDR,2.3900000,0.435655695
TD3 fixedT baseline,Loss/BDR,2.4100000,0.439582098
TD3 fixedT baseline,Loss/BDR,2.4300000,0.422509551
TD3 fixedT baseline,Loss/BDR,2.4500000,0.398669136
TD3 fixedT baseline,Loss/BDR,2.4700000,0.406017226
TD3 fixedT baseline,Loss/BDR,2.4900000,0.400991076
TD3 fixedT baseline,Loss/BDR,2.5100000,0.412406301
TD3 fixedT baseline,Loss/BDR,2.5300000,0.432435781
TD3 fixedT baseline,Loss/BDR,2.5500000,0.420409709
TD3 fixedT baseline,Loss/BDR,2.5700000,0.430246347
TD3 fixedT baseline,Loss/BDR,2.5900000,0.443375826
TD3 fixedT baseline,Loss/BDR,2.6100000,0.452747804
TD3 fixedT baseline,Loss/BDR,2.6300000,0.445410115
TD3 fixedT baseline,Loss/BDR,2.6500000,0.469505763
TD3 fixedT baseline,Loss/BDR,2.6700000,0.461477888
TD3 fixedT baseline,Loss/BDR,2.6900000,0.452910161
TD3 fixedT baseline,Loss/BDR,2.7100000,0.457673615
TD3 fixedT baseline,Loss/BDR,2.7300000,0.45098334
TD3 fixedT baseline,Loss/BDR,2.7500000,0.441595429
TD3 fixedT baseline,Loss/BDR,2.7700000,0.460315639
TD3 fixedT baseline,Loss/BDR,2.7900000,0.449313021
TD3 fixedT baseline,Loss/BDR,2.8100000,0.433328581
TD3 fixedT baseline,Loss/BDR,2.8300000,0.42844848
TD3 fixedT baseline,Loss/BDR,2.8500000,0.429077518
TD3 fixedT baseline,Loss/BDR,2.8700000,0.387069154
TD3 fixedT baseline,Loss/BDR,2.8900000,0.399609214
TD3 fixedT baseline,Loss/BDR,2.9100000,0.418881649
TD3 fixedT baseline,Loss/BDR,2.9300000,0.431893438
TD3 fixedT baseline,Loss/BDR,2.9500000,0.428008193
TD3 fixedT baseline,Loss/BDR,2.9700000,0.468421251
TD3 fixedT baseline,Loss/BDR,2.9900000,0.425904784
TD3 fixedT baseline,Loss/BDR,3.0100000,0.397114858
TD3 fixedT baseline,Loss/BDR,3.0300000,0.388776258
TD3 fixedT baseline,Loss/BDR,3.0500000,0.401797357
TD3 fixedT baseline,Loss/BDR,3.0700000,0.394867936
TD3 fixedT baseline,Loss/BDR,3.0900000,0.41786747
TD3 fixedT baseline,Loss/BDR,3.1100000,0.41580708
TD3 fixedT baseline,Loss/BDR,3.1300000,0.405790728
TD3 fixedT baseline,Loss/BDR,3.1500000,0.405551916
TD3 fixedT baseline,Loss/BDR,3.1700000,0.39458555
TD3 fixedT baseline,Loss/BDR,3.1900000,0.428659445
TD3 fixedT baseline,Loss/BDR,3.2100000,0.440507823
TD3 fixedT baseline,Loss/BDR,3.2300000,0.466042995
TD3 fixedT baseline,Loss/BDR,3.2500000,0.450244439
TD3 fixedT baseline,Loss/BDR,3.2700000,0.470843464
TD3 fixedT baseline,Loss/BDR,3.2900000,0.484095818
TD3 fixedT baseline,Loss/BDR,3.3100000,0.501033574
TD3 fixedT baseline,Loss/BDR,3.3300000,0.471387094
TD3 fixedT baseline,Loss/BDR,3.3500000,0.485236496
TD3 fixedT baseline,Loss/BDR,3.3700000,0.43843177
TD3 fixedT baseline,Loss/BDR,3.3900000,0.406032223
TD3 fixedT baseline,Loss/BDR,3.4100000,0.374181265
TD3 fixedT baseline,Loss/BDR,3.4300000,0.392206055
TD3 fixedT baseline,Loss/BDR,3.4500000,0.387648618
TD3 fixedT baseline,Loss/BDR,3.4700000,0.406919187
TD3 fixedT baseline,Loss/BDR,3.4900000,0.406848776
TD3 fixedT baseline,Loss/BDR,3.5100000,0.445726693
TD3 fixedT baseline,Loss/BDR,3.5300000,0.460402316
TD3 fixedT baseline,Loss/BDR,3.5500000,0.433069688
TD3 fixedT baseline,Loss/BDR,3.5700000,0.430990613
TD3 fixedT baseline,Loss/BDR,3.5900000,0.44171859
TD3 fixedT baseline,Loss/BDR,3.6100000,0.422300851
TD3 fixedT baseline,Loss/BDR,3.6300000,0.412655258
TD3 fixedT baseline,Loss/BDR,3.6500000,0.423656344
TD3 fixedT baseline,Loss/BDR,3.6700000,0.452842116
TD3 fixedT baseline,Loss/BDR,3.6900000,0.437502599
TD3 fixedT baseline,Loss/BDR,3.7100000,0.448313046
TD3 fixedT baseline,Loss/BDR,3.7300000,0.406505889
TD3 fixedT baseline,Loss/BDR,3.7500000,0.410559738
TD3 fixedT baseline,Loss/BDR,3.7700000,0.38513034
TD3 fixedT baseline,Loss/BDR,3.7900000,0.371354508
TD3 fixedT baseline,Loss/BDR,3.8100000,0.358767545
TD3 fixedT baseline,Loss/BDR,3.8300000,0.383873355
TD3 fixedT baseline,Loss/BDR,3.8500000,0.409394741
TD3 fixedT baseline,Loss/BDR,3.8700000,0.420014077
TD3 fixedT baseline,Loss/BDR,3.8900000,0.469386166
TD3 fixedT baseline,Loss/BDR,3.9100000,0.463033837
TD3 fixedT baseline,Loss/BDR,3.9300000,0.47044273
TD3 fixedT baseline,Loss/BDR,3.9500000,0.433695513
TD3 fixedT baseline,Loss/BDR,3.9700000,0.452857345
TD3 fixedT baseline,Loss/BDR,3.9900000,0.428336835
TD3 fixedT baseline,Loss/BDR,4.0100000,0.429525888
TD3 fixedT baseline,Loss/BDR,4.0300000,0.44978506
TD3 fixedT baseline,Loss/BDR,4.0500000,0.473634923
TD3 fixedT baseline,Loss/BDR,4.0700000,0.464415634
TD3 fixedT baseline,Loss/BDR,4.0900000,0.46244207
TD3 fixedT baseline,Loss/BDR,4.1100000,0.474583954
TD3 fixedT baseline,Loss/BDR,4.1300000,0.454531717
TD3 fixedT baseline,Loss/BDR,4.1500000,0.458688748
TD3 fixedT baseline,Loss/BDR,4.1700000,0.458660281
TD3 fixedT baseline,Loss/BDR,4.1900000,0.44354043
TD3 fixedT baseline,Loss/BDR,4.2100000,0.429010391
TD3 fixedT baseline,Loss/BDR,4.2300000,0.432123494
TD3 fixedT baseline,Loss/BDR,4.2500000,0.423856759
TD3 fixedT baseline,Loss/BDR,4.2700000,0.41408689
TD3 fixedT baseline,Loss/BDR,4.2900000,0.429427946
TD3 fixedT baseline,Loss/BDR,4.3100000,0.423810816
TD3 fixedT baseline,Loss/BDR,4.3300000,0.425251561
TD3 fixedT baseline,Loss/BDR,4.3500000,0.424726987
TD3 fixedT baseline,Loss/BDR,4.3700000,0.456123567
TD3 fixedT baseline,Loss/BDR,4.3900000,0.449889928
TD3 fixedT baseline,Loss/BDR,4.4100000,0.463564998
TD3 fixedT baseline,Loss/BDR,4.4300000,0.481302649
TD3 fixedT baseline,Loss/BDR,4.4500000,0.483570528
TD3 fixedT baseline,Loss/BDR,4.4700000,0.430999035
TD3 fixedT baseline,Loss/BDR,4.4900000,0.449206012
TD3 fixedT baseline,Loss/BDR,4.5100000,0.476822168
TD3 fixedT baseline,Loss/BDR,4.5300000,0.46255272
TD3 fixedT baseline,Loss/BDR,4.5500000,0.474329627
TD3 fixedT baseline,Loss/BDR,4.5700000,0.486016351
TD3 fixedT baseline,Loss/BDR,4.5900000,0.482866043
TD3 fixedT baseline,Loss/BDR,4.6100000,0.455229205
TD3 fixedT baseline,Loss/BDR,4.6300000,0.44023335
TD3 fixedT baseline,Loss/BDR,4.6500000,0.445338416
TD3 fixedT baseline,Loss/BDR,4.6700000,0.478993666
TD3 fixedT baseline,Loss/BDR,4.6900000,0.462635154
TD3 fixedT baseline,Loss/BDR,4.7100000,0.471697956
TD3 fixedT baseline,Loss/BDR,4.7300000,0.477993959
TD3 fixedT baseline,Loss/BDR,4.7500000,0.473443884
TD3 fixedT baseline,Loss/BDR,4.7700000,0.441006857
TD3 fixedT baseline,Loss/BDR,4.7900000,0.471425599
TD3 fixedT baseline,Loss/BDR,4.8100000,0.493292278
TD3 fixedT baseline,Loss/BDR,4.8300000,0.50804317
TD3 fixedT baseline,Loss/BDR,4.8500000,0.513078636
TD3 fixedT baseline,Loss/BDR,4.8700000,0.533170182
TD3 fixedT baseline,Loss/BDR,4.8900000,0.487122744
TD3 fixedT baseline,Loss/BDR,4.9100000,0.474794501
TD3 fixedT baseline,Loss/BDR,4.9300000,0.44997707
TD3 fixedT baseline,Loss/BDR,4.9500000,0.454400635
TD3 fixedT baseline,Loss/BDR,4.9700000,0.45756855
TD3 fixedT baseline,Loss/BDR,4.9900000,0.512377369
TD3 fixedT baseline,Loss/BDR,5.0100000,0.496395063
TD3 fixedT baseline,Loss/BDR,5.0300000,0.493825221
TD3 fixedT baseline,Loss/BDR,5.0500000,0.451613349
TD3 fixedT baseline,Loss/BDR,5.0700000,0.431540519
TD3 fixedT baseline,Loss/BDR,5.0900000,0.396231204
TD3 fixedT baseline,Loss/BDR,5.1100000,0.372573358
TD3 fixedT baseline,Loss/BDR,5.1300000,0.405078775
TD3 fixedT baseline,Loss/BDR,5.1500000,0.425612062
TD3 fixedT baseline,Loss/BDR,5.1700000,0.412354672
TD3 fixedT baseline,Loss/BDR,5.1900000,0.447807848
TD3 fixedT baseline,Loss/BDR,5.2100000,0.495960295
TD3 fixedT baseline,Loss/BDR,5.2300000,0.509465706
TD3 fixedT baseline,Loss/BDR,5.2500000,0.535468048
TD3 fixedT baseline,Loss/BDR,5.2700000,0.56297152
TD3 fixedT baseline,Loss/BDR,5.2900000,0.553501236
TD3 fixedT baseline,Loss/BDR,5.3100000,0.53634907
TD3 fixedT baseline,Loss/BDR,5.3300000,0.521404159
TD3 fixedT baseline,Loss/BDR,5.3500000,0.496245444
TD3 fixedT baseline,Loss/BDR,5.3700000,0.494214606
TD3 fixedT baseline,Loss/BDR,5.3900000,0.472552818
TD3 fixedT baseline,Loss/BDR,5.4100000,0.45521763
TD3 fixedT baseline,Loss/BDR,5.4300000,0.458013767
TD3 fixedT baseline,Loss/BDR,5.4500000,0.469395429
TD3 fixedT baseline,Loss/BDR,5.4700000,0.451533806
TD3 fixedT baseline,Loss/BDR,5.4900000,0.443427926
TD3 fixedT baseline,Loss/BDR,5.5100000,0.466115242
TD3 fixedT baseline,Loss/BDR,5.5300000,0.485927135
TD3 fixedT baseline,Loss/BDR,5.5500000,0.477899593
TD3 fixedT baseline,Loss/BDR,5.5700000,0.468427801
TD3 fixedT baseline,Loss/BDR,5.5900000,0.474583519
TD3 fixedT baseline,Loss/BDR,5.6100000,0.437905431
TD3 fixedT baseline,Loss/BDR,5.6300000,0.427174032
TD3 fixedT baseline,Loss/BDR,5.6500000,0.434158361
TD3 fixedT baseline,Loss/BDR,5.6700000,0.446932828
TD3 fixedT baseline,Loss/BDR,5.6900000,0.482969785
TD3 fixedT baseline,Loss/BDR,5.7100000,0.498377991
TD3 fixedT baseline,Loss/BDR,5.7300000,0.493490243
TD3 fixedT baseline,Loss/BDR,5.7500000,0.520123172
TD3 fixedT baseline,Loss/BDR,5.7700000,0.530576831
TD3 fixedT baseline,Loss/BDR,5.7900000,0.506225663
TD3 fixedT baseline,Loss/BDR,5.8100000,0.537638861
TD3 fixedT baseline,Loss/BDR,5.8300000,0.54956252
TD3 fixedT baseline,Loss/BDR,5.8500000,0.534282213
TD3 fixedT baseline,Loss/BDR,5.8700000,0.532491034
TD3 fixedT baseline,Loss/BDR,5.8900000,0.516432619
TD3 fixedT baseline,Loss/BDR,5.9100000,0.506162953
TD3 fixedT baseline,Loss/BDR,5.9300000,0.473535413
TD3 fixedT baseline,Loss/BDR,5.9500000,0.4597211
TD3 fixedT baseline,Loss/BDR,5.9700000,0.453305894
TD3 fixedT baseline,Loss/BDR,5.9900000,0.454035527
TD3 fixedT baseline,Loss/BDR,6.0100000,0.44490245
TD3 fixedT baseline,Loss/BDR,6.0300000,0.476905024
TD3 fixedT baseline,Loss/BDR,6.0500000,0.482429117
TD3 fixedT baseline,Loss/BDR,6.0700000,0.491123551
TD3 fixedT baseline,Loss/BDR,6.0900000,0.497928894
TD3 fixedT baseline,Loss/BDR,6.1100000,0.493718779
TD3 fixedT baseline,Loss/BDR,6.1300000,0.460799891
TD3 fixedT baseline,Loss/BDR,6.1500000,0.46596877
TD3 fixedT baseline,Loss/BDR,6.1700000,0.45107888
TD3 fixedT baseline,Loss/BDR,6.1900000,0.457916903
TD3 fixedT baseline,Loss/BDR,6.2100000,0.467778671
TD3 fixedT baseline,Loss/BDR,6.2300000,0.47375322
TD3 fixedT baseline,Loss/BDR,6.2500000,0.474902326
TD3 fixedT baseline,Loss/BDR,6.2700000,0.507695985
TD3 fixedT baseline,Loss/BDR,6.2900000,0.485372764
TD3 fixedT baseline,Loss/BDR,6.3100000,0.479254085
TD3 fixedT baseline,Loss/BDR,6.3300000,0.478860408
TD3 fixedT baseline,Loss/BDR,6.3500000,0.484108895
TD3 fixedT baseline,Loss/BDR,6.3700000,0.453936958
TD3 fixedT baseline,Loss/BDR,6.3900000,0.453914618
TD3 fixedT baseline,Loss/BDR,6.4100000,0.476907408
TD3 fixedT baseline,Loss/BDR,6.4300000,0.490507686
TD3 fixedT baseline,Loss/BDR,6.4500000,0.493957436
TD3 fixedT baseline,Loss/BDR,6.4700000,0.505926234
TD3 fixedT baseline,Loss/BDR,6.4900000,0.532751334
TD3 fixedT baseline,Loss/BDR,6.5100000,0.503804916
TD3 fixedT baseline,Loss/BDR,6.5300000,0.506289524
TD3 fixedT baseline,Loss/BDR,6.5500000,0.485613543
TD3 fixedT baseline,Loss/BDR,6.5700000,0.464693153
TD3 fixedT baseline,Loss/BDR,6.5900000,0.466884363
TD3 fixedT baseline,Loss/BDR,6.6100000,0.477103668
TD3 fixedT baseline,Loss/BDR,6.6300000,0.476670128
TD3 fixedT baseline,Loss/BDR,6.6500000,0.483279127
TD3 fixedT baseline,Loss/BDR,6.6700000,0.508545959
TD3 fixedT baseline,Loss/BDR,6.6900000,0.503109026
TD3 fixedT baseline,Loss/BDR,6.7100000,0.521385705
TD3 fixedT baseline,Loss/BDR,6.7300000,0.5066423
TD3 fixedT baseline,Loss/BDR,6.7500000,0.522883028
TD3 fixedT baseline,Loss/BDR,6.7700000,0.518419701
TD3 fixedT baseline,Loss/BDR,6.7900000,0.507994252
TD3 fixedT baseline,Loss/BDR,6.8100000,0.489885241
TD3 fixedT baseline,Loss/BDR,6.8300000,0.474959099
TD3 fixedT baseline,Loss/BDR,6.8500000,0.489671361
TD3 fixedT baseline,Loss/BDR,6.8700000,0.533918285
TD3 fixedT baseline,Loss/BDR,6.8900000,0.558815944
TD3 fixedT baseline,Loss/BDR,6.9100000,0.541285908
TD3 fixedT baseline,Loss/BDR,6.9300000,0.547012615
TD3 fixedT baseline,Loss/BDR,6.9500000,0.53795495
TD3 fixedT baseline,Loss/BDR,6.9700000,0.495227885
TD3 fixedT baseline,Loss/BDR,6.9900000,0.469762784
TD3 fixedT baseline,Loss/BDR,7.0100000,0.507912356
TD3 fixedT baseline,Loss/BDR,7.0300000,0.518121237
TD3 fixedT baseline,Loss/BDR,7.0500000,0.519375736
TD3 fixedT baseline,Loss/BDR,7.0700000,0.538998061
TD3 fixedT baseline,Loss/BDR,7.0900000,0.555691957
TD3 fixedT baseline,Loss/BDR,7.1100000,0.525641268
TD3 fixedT baseline,Loss/BDR,7.1300000,0.558522207
TD3 fixedT baseline,Loss/BDR,7.1500000,0.528362352
TD3 fixedT baseline,Loss/BDR,7.1700000,0.507761556
TD3 fixedT baseline,Loss/BDR,7.1900000,0.488688511
TD3 fixedT baseline,Loss/BDR,7.2100000,0.500735903
TD3 fixedT baseline,Loss/BDR,7.2300000,0.489288509
TD3 fixedT baseline,Loss/BDR,7.2500000,0.479908752
TD3 fixedT baseline,Loss/BDR,7.2700000,0.483996797
TD3 fixedT baseline,Loss/BDR,7.2900000,0.483687532
TD3 fixedT baseline,Loss/BDR,7.3100000,0.479150879
TD3 fixedT baseline,Loss/BDR,7.3300000,0.46508553
TD3 fixedT baseline,Loss/BDR,7.3500000,0.477477741
TD3 fixedT baseline,Loss/BDR,7.3700000,0.484241307
TD3 fixedT baseline,Loss/BDR,7.3900000,0.496025109
TD3 fixedT baseline,Loss/BDR,7.4100000,0.507717919
TD3 fixedT baseline,Loss/BDR,7.4300000,0.514525473
TD3 fixedT baseline,Loss/BDR,7.4500000,0.515653861
TD3 fixedT baseline,Loss/BDR,7.4700000,0.501540715
TD3 fixedT baseline,Loss/BDR,7.4900000,0.500252897
TD3 fixedT baseline,Loss/BDR,7.5100000,0.49111225
TD3 fixedT baseline,Loss/BDR,7.5300000,0.494228297
TD3 fixedT baseline,Loss/BDR,7.5500000,0.485270584
TD3 fixedT baseline,Loss/BDR,7.5700000,0.498259932
TD3 fixedT baseline,Loss/BDR,7.5900000,0.518822283
TD3 fixedT baseline,Loss/BDR,7.6100000,0.511761314
TD3 fixedT baseline,Loss/BDR,7.6300000,0.50336948
TD3 fixedT baseline,Loss/BDR,7.6500000,0.503271961
TD3 fixedT baseline,Loss/BDR,7.6700000,0.494960809
TD3 fixedT baseline,Loss/BDR,7.6900000,0.467520177
TD3 fixedT baseline,Loss/BDR,7.7100000,0.45530237
TD3 fixedT baseline,Loss/BDR,7.7300000,0.481582236
TD3 fixedT baseline,Loss/BDR,7.7500000,0.503699827
TD3 fixedT baseline,Loss/BDR,7.7700000,0.498667496
TD3 fixedT baseline,Loss/BDR,7.7900000,0.482104474
TD3 fixedT baseline,Loss/BDR,7.8100000,0.490959477
TD3 fixedT baseline,Loss/BDR,7.8300000,0.452425504
TD3 fixedT baseline,Loss/BDR,7.8500000,0.441174722
TD3 fixedT baseline,Loss/BDR,7.8700000,0.421672863
TD3 fixedT baseline,Loss/BDR,7.8900000,0.445639718
TD3 fixedT baseline,Loss/BDR,7.9100000,0.451442987
TD3 fixedT baseline,Loss/BDR,7.9300000,0.467782682
TD3 fixedT baseline,Loss/BDR,7.9500000,0.467178494
TD3 fixedT baseline,Loss/BDR,7.9700000,0.50510605
TD3 fixedT baseline,Loss/BDR,7.9900000,0.51801523
TD3 fixedT baseline,Loss/BDR,8.0100000,0.501637089
TD3 fixedT baseline,Loss/BDR,8.0300000,0.495179516
TD3 fixedT baseline,Loss/BDR,8.0500000,0.513411826
TD3 fixedT baseline,Loss/BDR,8.0700000,0.510081989
TD3 fixedT baseline,Loss/BDR,8.0900000,0.492747957
TD3 fixedT baseline,Loss/BDR,8.1100000,0.504978925
TD3 fixedT baseline,Loss/BDR,8.1300000,0.495198226
TD3 fixedT baseline,Loss/BDR,8.1500000,0.472451222
TD3 fixedT baseline,Loss/BDR,8.1700000,0.45279187
TD3 fixedT baseline,Loss/BDR,8.1900000,0.436880064
TD3 fixedT baseline,Loss/BDR,8.2100000,0.438711321
TD3 fixedT baseline,Loss/BDR,8.2300000,0.460325897
TD3 fixedT baseline,Loss/BDR,8.2500000,0.478878927
TD3 fixedT baseline,Loss/BDR,8.2700000,0.492108488
TD3 fixedT baseline,Loss/BDR,8.2900000,0.496200305
TD3 fixedT baseline,Loss/BDR,8.3100000,0.482471168
TD3 fixedT baseline,Loss/BDR,8.3300000,0.468781483
TD3 fixedT baseline,Loss/BDR,8.3500000,0.445038384
TD3 fixedT baseline,Loss/BDR,8.3700000,0.432170701
TD3 fixedT baseline,Loss/BDR,8.3900000,0.459734482
TD3 fixedT baseline,Loss/BDR,8.4100000,0.473784214
TD3 fixedT baseline,Loss/BDR,8.4300000,0.460102516
TD3 fixedT baseline,Loss/BDR,8.4500000,0.480193543
TD3 fixedT baseline,Loss/BDR,8.4700000,0.476548409
TD3 fixedT baseline,Loss/BDR,8.4900000,0.455191809
TD3 fixedT baseline,Loss/BDR,8.5100000,0.483148038
TD3 fixedT baseline,Loss/BDR,8.5300000,0.517545879
TD3 fixedT baseline,Loss/BDR,8.5500000,0.487126249
TD3 fixedT baseline,Loss/BDR,8.5700000,0.463021326
TD3 fixedT baseline,Loss/BDR,8.5900000,0.516351122
TD3 fixedT baseline,Loss/BDR,8.6100000,0.496344441
TD3 fixedT baseline,Loss/BDR,8.6300000,0.490263647
TD3 fixedT baseline,Loss/BDR,8.6500000,0.547463596
TD3 fixedT baseline,Loss/BDR,8.6700000,0.571737224
TD3 fixedT baseline,Loss/BDR,8.6900000,0.512053448
TD3 fixedT baseline,Loss/BDR,8.7100000,0.500357091
TD3 fixedT baseline,Loss/BDR,8.7300000,0.493687606
TD3 fixedT baseline,Loss/BDR,8.7500000,0.474612057
TD3 fixedT baseline,Loss/BDR,8.7700000,0.476422966
TD3 fixedT baseline,Loss/BDR,8.7900000,0.535692608
TD3 fixedT baseline,Loss/BDR,8.8100000,0.530260998
TD3 fixedT baseline,Loss/BDR,8.8300000,0.52992745
TD3 fixedT baseline,Loss/BDR,8.8500000,0.503291768
TD3 fixedT baseline,Loss/BDR,8.8700000,0.524782383
TD3 fixedT baseline,Loss/BDR,8.8900000,0.457539588
TD3 fixedT baseline,Loss/BDR,8.9100000,0.461995316
TD3 fixedT baseline,Loss/BDR,8.9300000,0.453308523
TD3 fixedT baseline,Loss/BDR,8.9500000,0.454644436
TD3 fixedT baseline,Loss/BDR,8.9700000,0.468335229
TD3 fixedT baseline,Loss/BDR,8.9900000,0.508551013
TD3 fixedT baseline,Loss/BDR,9.0100000,0.541639298
TD3 fixedT baseline,Loss/BDR,9.0300000,0.537355465
TD3 fixedT baseline,Loss/BDR,9.0500000,0.544618189
TD3 fixedT baseline,Loss/BDR,9.0700000,0.536865342
TD3 fixedT baseline,Loss/BDR,9.0900000,0.548825884
TD3 fixedT baseline,Loss/BDR,9.1100000,0.525203252
TD3 fixedT baseline,Loss/BDR,9.1300000,0.516847014
TD3 fixedT baseline,Loss/BDR,9.1500000,0.515950882
TD3 fixedT baseline,Loss/BDR,9.1700000,0.51976074
TD3 fixedT baseline,Loss/BDR,9.1900000,0.511666799
TD3 fixedT baseline,Loss/BDR,9.2100000,0.502236414
TD3 fixedT baseline,Loss/BDR,9.2300000,0.509566939
TD3 fixedT baseline,Loss/BDR,9.2500000,0.492215765
TD3 fixedT baseline,Loss/BDR,9.2700000,0.459213132
TD3 fixedT baseline,Loss/BDR,9.2900000,0.420602602
TD3 fixedT baseline,Loss/BDR,9.3100000,0.431515741
TD3 fixedT baseline,Loss/BDR,9.3300000,0.448142147
TD3 fixedT baseline,Loss/BDR,9.3500000,0.492129123
TD3 fixedT baseline,Loss/BDR,9.3700000,0.502461368
TD3 fixedT baseline,Loss/BDR,9.3900000,0.540917355
TD3 fixedT baseline,Loss/BDR,9.4100000,0.561302447
TD3 fixedT baseline,Loss/BDR,9.4300000,0.521851349
TD3 fixedT baseline,Loss/BDR,9.4500000,0.532431531
TD3 fixedT baseline,Loss/BDR,9.4700000,0.529094458
TD3 fixedT baseline,Loss/BDR,9.4900000,0.531850755
TD3 fixedT baseline,Loss/BDR,9.5100000,0.511129594
TD3 fixedT baseline,Loss/BDR,9.5300000,0.544691765
TD3 fixedT baseline,Loss/BDR,9.5500000,0.520952773
TD3 fixedT baseline,Loss/BDR,9.5700000,0.529526305
TD3 fixedT baseline,Loss/BDR,9.5900000,0.538457
TD3 fixedT baseline,Loss/BDR,9.6100000,0.532326996
TD3 fixedT baseline,Loss/BDR,9.6300000,0.538235235
TD3 fixedT baseline,Loss/BDR,9.6500000,0.521797603
TD3 fixedT baseline,Loss/BDR,9.6700000,0.536436027
TD3 fixedT baseline,Loss/BDR,9.6900000,0.501293486
TD3 fixedT baseline,Loss/BDR,9.7100000,0.503978795
TD3 fixedT baseline,Loss/BDR,9.7300000,0.484092659
TD3 fixedT baseline,Loss/BDR,9.7500000,0.476021552
TD3 fixedT baseline,Loss/BDR,9.7700000,0.460112894
TD3 fixedT baseline,Loss/BDR,9.7900000,0.446899599
TD3 fixedT baseline,Loss/BDR,9.8100000,0.451831144
TD3 fixedT baseline,Loss/BDR,9.8300000,0.486798567
TD3 fixedT baseline,Loss/BDR,9.8500000,0.504915196
TD3 fixedT baseline,Loss/BDR,9.8700000,0.505796033
TD3 fixedT baseline,Loss/BDR,9.8900000,0.551766968
TD3 fixedT baseline,Loss/BDR,9.9100000,0.559255254
TD3 fixedT baseline,Loss/BDR,9.9300000,0.546509683
TD3 fixedT baseline,Loss/BDR,9.9500000,0.510139573
TD3 fixedT baseline,Loss/BDR,9.9700000,0.497983181
TD3 fixedT baseline,Loss/BDR,9.9900000,0.464886701
TD3 fixedT baseline,Loss/BDR,10.0100000,0.446741748
TD3 randT baseline,Loss/BDR,1.0100000,0.370022428
TD3 randT baseline,Loss/BDR,1.0300000,0.367275792
TD3 randT baseline,Loss/BDR,1.0500000,0.381473672
TD3 randT baseline,Loss/BDR,1.0700000,0.394761813
TD3 randT baseline,Loss/BDR,1.0900000,0.392808276
TD3 randT baseline,Loss/BDR,1.1100000,0.385978079
TD3 randT baseline,Loss/BDR,1.1300000,0.404303122
TD3 randT baseline,Loss/BDR,1.1500000,0.396560156
TD3 randT baseline,Loss/BDR,1.1700000,0.381988186
TD3 randT baseline,Loss/BDR,1.1900000,0.386372274
TD3 randT baseline,Loss/BDR,1.2100000,0.367958236
TD3 randT baseline,Loss/BDR,1.2300000,0.364869028
TD3 randT baseline,Loss/BDR,1.2500000,0.35962103
TD3 randT baseline,Loss/BDR,1.2700000,0.364780194
TD3 randT baseline,Loss/BDR,1.2900000,0.327385956
TD3 randT baseline,Loss/BDR,1.3100000,0.316050714
TD3 randT baseline,Loss/BDR,1.3300000,0.283949572
TD3 randT baseline,Loss/BDR,1.3500000,0.264482298
TD3 randT baseline,Loss/BDR,1.3700000,0.255471066
TD3 randT baseline,Loss/BDR,1.3900000,0.273383662
TD3 randT baseline,Loss/BDR,1.4100000,0.26472117
TD3 randT baseline,Loss/BDR,1.4300000,0.272787592
TD3 randT baseline,Loss/BDR,1.4500000,0.296008712
TD3 randT baseline,Loss/BDR,1.4700000,0.305256855
TD3 randT baseline,Loss/BDR,1.4900000,0.293981594
TD3 randT baseline,Loss/BDR,1.5100000,0.319428205
TD3 randT baseline,Loss/BDR,1.5300000,0.342298847
TD3 randT baseline,Loss/BDR,1.5500000,0.354432714
TD3 randT baseline,Loss/BDR,1.5700000,0.380194122
TD3 randT baseline,Loss/BDR,1.5900000,0.406518656
TD3 randT baseline,Loss/BDR,1.6100000,0.393101954
TD3 randT baseline,Loss/BDR,1.6300000,0.382330006
TD3 randT baseline,Loss/BDR,1.6500000,0.361074489
TD3 randT baseline,Loss/BDR,1.6700000,0.325474858
TD3 randT baseline,Loss/BDR,1.6900000,0.289312404
TD3 randT baseline,Loss/BDR,1.7100000,0.311645484
TD3 randT baseline,Loss/BDR,1.7300000,0.306566221
TD3 randT baseline,Loss/BDR,1.7500000,0.34414351
TD3 randT baseline,Loss/BDR,1.7700000,0.350105894
TD3 randT baseline,Loss/BDR,1.7900000,0.368109304
TD3 randT baseline,Loss/BDR,1.8100000,0.347600287
TD3 randT baseline,Loss/BDR,1.8300000,0.338158211
TD3 randT baseline,Loss/BDR,1.8500000,0.30388594
TD3 randT baseline,Loss/BDR,1.8700000,0.308630452
TD3 randT baseline,Loss/BDR,1.8900000,0.319437912
TD3 randT baseline,Loss/BDR,1.9100000,0.320644966
TD3 randT baseline,Loss/BDR,1.9300000,0.338414007
TD3 randT baseline,Loss/BDR,1.9500000,0.340930974
TD3 randT baseline,Loss/BDR,1.9700000,0.326258522
TD3 randT baseline,Loss/BDR,1.9900000,0.321110535
TD3 randT baseline,Loss/BDR,2.0100000,0.3194336
TD3 randT baseline,Loss/BDR,2.0300000,0.294624865
TD3 randT baseline,Loss/BDR,2.0500000,0.284235519
TD3 randT baseline,Loss/BDR,2.0700000,0.306764364
TD3 randT baseline,Loss/BDR,2.0900000,0.317349148
TD3 randT baseline,Loss/BDR,2.1100000,0.323682731
TD3 randT baseline,Loss/BDR,2.1300000,0.334725153
TD3 randT baseline,Loss/BDR,2.1500000,0.355665952
TD3 randT baseline,Loss/BDR,2.1700000,0.35764116
TD3 randT baseline,Loss/BDR,2.1900000,0.336017269
TD3 randT baseline,Loss/BDR,2.2100000,0.31429401
TD3 randT baseline,Loss/BDR,2.2300000,0.337693512
TD3 randT baseline,Loss/BDR,2.2500000,0.309921077
TD3 randT baseline,Loss/BDR,2.2700000,0.302813885
TD3 randT baseline,Loss/BDR,2.2900000,0.308268896
TD3 randT baseline,Loss/BDR,2.3100000,0.300436571
TD3 randT baseline,Loss/BDR,2.3300000,0.280238345
TD3 randT baseline,Loss/BDR,2.3500000,0.30765506
TD3 randT baseline,Loss/BDR,2.3700000,0.317170584
TD3 randT baseline,Loss/BDR,2.3900000,0.324187511
TD3 randT baseline,Loss/BDR,2.4100000,0.333342677
TD3 randT baseline,Loss/BDR,2.4300000,0.338140005
TD3 randT baseline,Loss/BDR,2.4500000,0.326262641
TD3 randT baseline,Loss/BDR,2.4700000,0.306293911
TD3 randT baseline,Loss/BDR,2.4900000,0.290574336
TD3 randT baseline,Loss/BDR,2.5100000,0.313330275
TD3 randT baseline,Loss/BDR,2.5300000,0.319363159
TD3 randT baseline,Loss/BDR,2.5500000,0.319645452
TD3 randT baseline,Loss/BDR,2.5700000,0.335606492
TD3 randT baseline,Loss/BDR,2.5900000,0.342890257
TD3 randT baseline,Loss/BDR,2.6100000,0.323600852
TD3 randT baseline,Loss/BDR,2.6300000,0.327294421
TD3 randT baseline,Loss/BDR,2.6500000,0.325366241
TD3 randT baseline,Loss/BDR,2.6700000,0.346245039
TD3 randT baseline,Loss/BDR,2.6900000,0.374421555
TD3 randT baseline,Loss/BDR,2.7100000,0.377017677
TD3 randT baseline,Loss/BDR,2.7300000,0.366461414
TD3 randT baseline,Loss/BDR,2.7500000,0.36057775
TD3 randT baseline,Loss/BDR,2.7700000,0.336385351
TD3 randT baseline,Loss/BDR,2.7900000,0.312243754
TD3 randT baseline,Loss/BDR,2.8100000,0.317605436
TD3 randT baseline,Loss/BDR,2.8300000,0.331413901
TD3 randT baseline,Loss/BDR,2.8500000,0.352560037
TD3 randT baseline,Loss/BDR,2.8700000,0.331176484
TD3 randT baseline,Loss/BDR,2.8900000,0.325576311
TD3 randT baseline,Loss/BDR,2.9100000,0.320928007
TD3 randT baseline,Loss/BDR,2.9300000,0.295553321
TD3 randT baseline,Loss/BDR,2.9500000,0.299816793
TD3 randT baseline,Loss/BDR,2.9700000,0.303732747
TD3 randT baseline,Loss/BDR,2.9900000,0.299018216
TD3 randT baseline,Loss/BDR,3.0100000,0.317823309
TD3 randT baseline,Loss/BDR,3.0300000,0.350531173
TD3 randT baseline,Loss/BDR,3.0500000,0.342620212
TD3 randT baseline,Loss/BDR,3.0700000,0.350256884
TD3 randT baseline,Loss/BDR,3.0900000,0.358535606
TD3 randT baseline,Loss/BDR,3.1100000,0.356124508
TD3 randT baseline,Loss/BDR,3.1300000,0.333967
TD3 randT baseline,Loss/BDR,3.1500000,0.347763687
TD3 randT baseline,Loss/BDR,3.1700000,0.348828912
TD3 randT baseline,Loss/BDR,3.1900000,0.356895673
TD3 randT baseline,Loss/BDR,3.2100000,0.333131766
TD3 randT baseline,Loss/BDR,3.2300000,0.326898587
TD3 randT baseline,Loss/BDR,3.2500000,0.312962192
TD3 randT baseline,Loss/BDR,3.2700000,0.308561122
TD3 randT baseline,Loss/BDR,3.2900000,0.296584171
TD3 randT baseline,Loss/BDR,3.3100000,0.312120795
TD3 randT baseline,Loss/BDR,3.3300000,0.335373777
TD3 randT baseline,Loss/BDR,3.3500000,0.330527735
TD3 randT baseline,Loss/BDR,3.3700000,0.375174361
TD3 randT baseline,Loss/BDR,3.3900000,0.381580001
TD3 randT baseline,Loss/BDR,3.4100000,0.381397581
TD3 randT baseline,Loss/BDR,3.4300000,0.382551569
TD3 randT baseline,Loss/BDR,3.4500000,0.379032558
TD3 randT baseline,Loss/BDR,3.4700000,0.344196916
TD3 randT baseline,Loss/BDR,3.4900000,0.361907756
TD3 randT baseline,Loss/BDR,3.5100000,0.357832754
TD3 randT baseline,Loss/BDR,3.5300000,0.338358927
TD3 randT baseline,Loss/BDR,3.5500000,0.341696328
TD3 randT baseline,Loss/BDR,3.5700000,0.327305663
TD3 randT baseline,Loss/BDR,3.5900000,0.297642809
TD3 randT baseline,Loss/BDR,3.6100000,0.295860845
TD3 randT baseline,Loss/BDR,3.6300000,0.284331459
TD3 randT baseline,Loss/BDR,3.6500000,0.276359141
TD3 randT baseline,Loss/BDR,3.6700000,0.301030815
TD3 randT baseline,Loss/BDR,3.6900000,0.32164405
TD3 randT baseline,Loss/BDR,3.7100000,0.315937805
TD3 randT baseline,Loss/BDR,3.7300000,0.348821884
TD3 randT baseline,Loss/BDR,3.7500000,0.365832031
TD3 randT baseline,Loss/BDR,3.7700000,0.359147662
TD3 randT baseline,Loss/BDR,3.7900000,0.338411367
TD3 randT baseline,Loss/BDR,3.8100000,0.365927827
TD3 randT baseline,Loss/BDR,3.8300000,0.358229727
TD3 randT baseline,Loss/BDR,3.8500000,0.351278681
TD3 randT baseline,Loss/BDR,3.8700000,0.337616259
TD3 randT baseline,Loss/BDR,3.8900000,0.34840197
TD3 randT baseline,Loss/BDR,3.9100000,0.331518334
TD3 randT baseline,Loss/BDR,3.9300000,0.323012394
TD3 randT baseline,Loss/BDR,3.9500000,0.341350603
TD3 randT baseline,Loss/BDR,3.9700000,0.350552416
TD3 randT baseline,Loss/BDR,3.9900000,0.35393694
TD3 randT baseline,Loss/BDR,4.0100000,0.355843288
TD3 randT baseline,Loss/BDR,4.0300000,0.362192935
TD3 randT baseline,Loss/BDR,4.0500000,0.335344386
TD3 randT baseline,Loss/BDR,4.0700000,0.347579253
TD3 randT baseline,Loss/BDR,4.0900000,0.339862233
TD3 randT baseline,Loss/BDR,4.1100000,0.332309318
TD3 randT baseline,Loss/BDR,4.1300000,0.335464722
TD3 randT baseline,Loss/BDR,4.1500000,0.32076472
TD3 randT baseline,Loss/BDR,4.1700000,0.309377635
TD3 randT baseline,Loss/BDR,4.1900000,0.303878933
TD3 randT baseline,Loss/BDR,4.2100000,0.300118715
TD3 randT baseline,Loss/BDR,4.2300000,0.300545478
TD3 randT baseline,Loss/BDR,4.2500000,0.340497321
TD3 randT baseline,Loss/BDR,4.2700000,0.329389262
TD3 randT baseline,Loss/BDR,4.2900000,0.341690874
TD3 randT baseline,Loss/BDR,4.3100000,0.34621104
TD3 randT baseline,Loss/BDR,4.3300000,0.347279978
TD3 randT baseline,Loss/BDR,4.3500000,0.321887612
TD3 randT baseline,Loss/BDR,4.3700000,0.343084794
TD3 randT baseline,Loss/BDR,4.3900000,0.319517887
TD3 randT baseline,Loss/BDR,4.4100000,0.316378677
TD3 randT baseline,Loss/BDR,4.4300000,0.326759166
TD3 randT baseline,Loss/BDR,4.4500000,0.322923303
TD3 randT baseline,Loss/BDR,4.4700000,0.30047403
TD3 randT baseline,Loss/BDR,4.4900000,0.308275741
TD3 randT baseline,Loss/BDR,4.5100000,0.307763433
TD3 randT baseline,Loss/BDR,4.5300000,0.271622172
TD3 randT baseline,Loss/BDR,4.5500000,0.282514998
TD3 randT baseline,Loss/BDR,4.5700000,0.28937929
TD3 randT baseline,Loss/BDR,4.5900000,0.319832024
TD3 randT baseline,Loss/BDR,4.6100000,0.320924446
TD3 randT baseline,Loss/BDR,4.6300000,0.33176133
TD3 randT baseline,Loss/BDR,4.6500000,0.314665318
TD3 randT baseline,Loss/BDR,4.6700000,0.343090099
TD3 randT baseline,Loss/BDR,4.6900000,0.336221337
TD3 randT baseline,Loss/BDR,4.7100000,0.349973243
TD3 randT baseline,Loss/BDR,4.7300000,0.372456425
TD3 randT baseline,Loss/BDR,4.7500000,0.375453019
TD3 randT baseline,Loss/BDR,4.7700000,0.352010518
TD3 randT baseline,Loss/BDR,4.7900000,0.353372467
TD3 randT baseline,Loss/BDR,4.8100000,0.332836872
TD3 randT baseline,Loss/BDR,4.8300000,0.325764817
TD3 randT baseline,Loss/BDR,4.8500000,0.333282948
TD3 randT baseline,Loss/BDR,4.8700000,0.332966959
TD3 randT baseline,Loss/BDR,4.8900000,0.325077522
TD3 randT baseline,Loss/BDR,4.9100000,0.339418364
TD3 randT baseline,Loss/BDR,4.9300000,0.330314702
TD3 randT baseline,Loss/BDR,4.9500000,0.33391307
TD3 randT baseline,Loss/BDR,4.9700000,0.312190813
TD3 randT baseline,Loss/BDR,4.9900000,0.333044267
TD3 randT baseline,Loss/BDR,5.0100000,0.314737651
TD3 randT baseline,Loss/BDR,5.0300000,0.33074331
TD3 randT baseline,Loss/BDR,5.0500000,0.320129672
TD3 randT baseline,Loss/BDR,5.0700000,0.340808877
TD3 randT baseline,Loss/BDR,5.0900000,0.310326877
TD3 randT baseline,Loss/BDR,5.1100000,0.324607092
TD3 randT baseline,Loss/BDR,5.1300000,0.317336607
TD3 randT baseline,Loss/BDR,5.1500000,0.348466426
TD3 randT baseline,Loss/BDR,5.1700000,0.346770394
TD3 randT baseline,Loss/BDR,5.1900000,0.35629167
TD3 randT baseline,Loss/BDR,5.2100000,0.365018731
TD3 randT baseline,Loss/BDR,5.2300000,0.366173285
TD3 randT baseline,Loss/BDR,5.2500000,0.35470975
TD3 randT baseline,Loss/BDR,5.2700000,0.362432903
TD3 randT baseline,Loss/BDR,5.2900000,0.366565877
TD3 randT baseline,Loss/BDR,5.3100000,0.343036178
TD3 randT baseline,Loss/BDR,5.3300000,0.335042951
TD3 randT baseline,Loss/BDR,5.3500000,0.343116704
TD3 randT baseline,Loss/BDR,5.3700000,0.335651216
TD3 randT baseline,Loss/BDR,5.3900000,0.318187997
TD3 randT baseline,Loss/BDR,5.4100000,0.350123972
TD3 randT baseline,Loss/BDR,5.4300000,0.365870124
TD3 randT baseline,Loss/BDR,5.4500000,0.34889465
TD3 randT baseline,Loss/BDR,5.4700000,0.349647766
TD3 randT baseline,Loss/BDR,5.4900000,0.363671142
TD3 randT baseline,Loss/BDR,5.5100000,0.344178867
TD3 randT baseline,Loss/BDR,5.5300000,0.339880782
TD3 randT baseline,Loss/BDR,5.5500000,0.343343902
TD3 randT baseline,Loss/BDR,5.5700000,0.318535286
TD3 randT baseline,Loss/BDR,5.5900000,0.306153911
TD3 randT baseline,Loss/BDR,5.6100000,0.306550658
TD3 randT baseline,Loss/BDR,5.6300000,0.287095451
TD3 randT baseline,Loss/BDR,5.6500000,0.272313476
TD3 randT baseline,Loss/BDR,5.6700000,0.301092809
TD3 randT baseline,Loss/BDR,5.6900000,0.291324043
TD3 randT baseline,Loss/BDR,5.7100000,0.315924919
TD3 randT baseline,Loss/BDR,5.7300000,0.33239041
TD3 randT baseline,Loss/BDR,5.7500000,0.377287799
TD3 randT baseline,Loss/BDR,5.7700000,0.375548893
TD3 randT baseline,Loss/BDR,5.7900000,0.39300347
TD3 randT baseline,Loss/BDR,5.8100000,0.372829026
TD3 randT baseline,Loss/BDR,5.8300000,0.369074607
TD3 randT baseline,Loss/BDR,5.8500000,0.332494849
TD3 randT baseline,Loss/BDR,5.8700000,0.321191382
TD3 randT baseline,Loss/BDR,5.8900000,0.314658213
TD3 randT baseline,Loss/BDR,5.9100000,0.332458383
TD3 randT baseline,Loss/BDR,5.9300000,0.327240193
TD3 randT baseline,Loss/BDR,5.9500000,0.316396332
TD3 randT baseline,Loss/BDR,5.9700000,0.314733231
TD3 randT baseline,Loss/BDR,5.9900000,0.321474349
TD3 randT baseline,Loss/BDR,6.0100000,0.280307248
TD3 randT baseline,Loss/BDR,6.0300000,0.279188588
TD3 randT baseline,Loss/BDR,6.0500000,0.286859611
TD3 randT baseline,Loss/BDR,6.0700000,0.300335005
TD3 randT baseline,Loss/BDR,6.0900000,0.316157725
TD3 randT baseline,Loss/BDR,6.1100000,0.344505298
TD3 randT baseline,Loss/BDR,6.1300000,0.343233299
TD3 randT baseline,Loss/BDR,6.1500000,0.351414931
TD3 randT baseline,Loss/BDR,6.1700000,0.328774643
TD3 randT baseline,Loss/BDR,6.1900000,0.328327048
TD3 randT baseline,Loss/BDR,6.2100000,0.326617652
TD3 randT baseline,Loss/BDR,6.2300000,0.317680675
TD3 randT baseline,Loss/BDR,6.2500000,0.310821003
TD3 randT baseline,Loss/BDR,6.2700000,0.33040821
TD3 randT baseline,Loss/BDR,6.2900000,0.304314971
TD3 randT baseline,Loss/BDR,6.3100000,0.28125203
TD3 randT baseline,Loss/BDR,6.3300000,0.300682423
TD3 randT baseline,Loss/BDR,6.3500000,0.318375871
TD3 randT baseline,Loss/BDR,6.3700000,0.350776139
TD3 randT baseline,Loss/BDR,6.3900000,0.358459291
TD3 randT baseline,Loss/BDR,6.4100000,0.369439876
TD3 randT baseline,Loss/BDR,6.4300000,0.362805218
TD3 randT baseline,Loss/BDR,6.4500000,0.347294825
TD3 randT baseline,Loss/BDR,6.4700000,0.320587206
TD3 randT baseline,Loss/BDR,6.4900000,0.312341315
TD3 randT baseline,Loss/BDR,6.5100000,0.314009213
TD3 randT baseline,Loss/BDR,6.5300000,0.325802052
TD3 randT baseline,Loss/BDR,6.5500000,0.334152699
TD3 randT baseline,Loss/BDR,6.5700000,0.345625293
TD3 randT baseline,Loss/BDR,6.5900000,0.351426297
TD3 randT baseline,Loss/BDR,6.6100000,0.376159823
TD3 randT baseline,Loss/BDR,6.6300000,0.376386255
TD3 randT baseline,Loss/BDR,6.6500000,0.358196819
TD3 randT baseline,Loss/BDR,6.6700000,0.348308086
TD3 randT baseline,Loss/BDR,6.6900000,0.366189623
TD3 randT baseline,Loss/BDR,6.7100000,0.347166324
TD3 randT baseline,Loss/BDR,6.7300000,0.341842091
TD3 randT baseline,Loss/BDR,6.7500000,0.381036776
TD3 randT baseline,Loss/BDR,6.7700000,0.374483877
TD3 randT baseline,Loss/BDR,6.7900000,0.370782232
TD3 randT baseline,Loss/BDR,6.8100000,0.37816534
TD3 randT baseline,Loss/BDR,6.8300000,0.365908456
TD3 randT baseline,Loss/BDR,6.8500000,0.338895446
TD3 randT baseline,Loss/BDR,6.8700000,0.345376098
TD3 randT baseline,Loss/BDR,6.8900000,0.359577906
TD3 randT baseline,Loss/BDR,6.9100000,0.341923726
TD3 randT baseline,Loss/BDR,6.9300000,0.339315933
TD3 randT baseline,Loss/BDR,6.9500000,0.309900588
TD3 randT baseline,Loss/BDR,6.9700000,0.319166952
TD3 randT baseline,Loss/BDR,6.9900000,0.302277404
TD3 randT baseline,Loss/BDR,7.0100000,0.317096114
TD3 randT baseline,Loss/BDR,7.0300000,0.316461182
TD3 randT baseline,Loss/BDR,7.0500000,0.356750774
TD3 randT baseline,Loss/BDR,7.0700000,0.330704129
TD3 randT baseline,Loss/BDR,7.0900000,0.310736084
TD3 randT baseline,Loss/BDR,7.1100000,0.2963893
TD3 randT baseline,Loss/BDR,7.1300000,0.281526825
TD3 randT baseline,Loss/BDR,7.1500000,0.264326414
TD3 randT baseline,Loss/BDR,7.1700000,0.268002614
TD3 randT baseline,Loss/BDR,7.1900000,0.278696236
TD3 randT baseline,Loss/BDR,7.2100000,0.27206783
TD3 randT baseline,Loss/BDR,7.2300000,0.293757749
TD3 randT baseline,Loss/BDR,7.2500000,0.295601165
TD3 randT baseline,Loss/BDR,7.2700000,0.298876476
TD3 randT baseline,Loss/BDR,7.2900000,0.296505582
TD3 randT baseline,Loss/BDR,7.3100000,0.324951625
TD3 randT baseline,Loss/BDR,7.3300000,0.322304839
TD3 randT baseline,Loss/BDR,7.3500000,0.325860769
TD3 randT baseline,Loss/BDR,7.3700000,0.343019575
TD3 randT baseline,Loss/BDR,7.3900000,0.329125759
TD3 randT baseline,Loss/BDR,7.4100000,0.324219057
TD3 randT baseline,Loss/BDR,7.4300000,0.32191352
TD3 randT baseline,Loss/BDR,7.4500000,0.331697288
TD3 randT baseline,Loss/BDR,7.4700000,0.32833707
TD3 randT baseline,Loss/BDR,7.4900000,0.343313861
TD3 randT baseline,Loss/BDR,7.5100000,0.344698745
TD3 randT baseline,Loss/BDR,7.5300000,0.353913128
TD3 randT baseline,Loss/BDR,7.5500000,0.353529257
TD3 randT baseline,Loss/BDR,7.5700000,0.33446961
TD3 randT baseline,Loss/BDR,7.5900000,0.339527559
TD3 randT baseline,Loss/BDR,7.6100000,0.329250962
TD3 randT baseline,Loss/BDR,7.6300000,0.33009854
TD3 randT baseline,Loss/BDR,7.6500000,0.323881161
TD3 randT baseline,Loss/BDR,7.6700000,0.353367537
TD3 randT baseline,Loss/BDR,7.6900000,0.343291229
TD3 randT baseline,Loss/BDR,7.7100000,0.343400443
TD3 randT baseline,Loss/BDR,7.7300000,0.319480199
TD3 randT baseline,Loss/BDR,7.7500000,0.299744198
TD3 randT baseline,Loss/BDR,7.7700000,0.274073026
TD3 randT baseline,Loss/BDR,7.7900000,0.293872383
TD3 randT baseline,Loss/BDR,7.8100000,0.303021029
TD3 randT baseline,Loss/BDR,7.8300000,0.332139328
TD3 randT baseline,Loss/BDR,7.8500000,0.339020884
TD3 randT baseline,Loss/BDR,7.8700000,0.359063339
TD3 randT baseline,Loss/BDR,7.8900000,0.351180786
TD3 randT baseline,Loss/BDR,7.9100000,0.364097142
TD3 randT baseline,Loss/BDR,7.9300000,0.344958264
TD3 randT baseline,Loss/BDR,7.9500000,0.347105289
TD3 randT baseline,Loss/BDR,7.9700000,0.334981996
TD3 randT baseline,Loss/BDR,7.9900000,0.335289878
TD3 randT baseline,Loss/BDR,8.0100000,0.323391187
TD3 randT baseline,Loss/BDR,8.0300000,0.317709219
TD3 randT baseline,Loss/BDR,8.0500000,0.333326882
TD3 randT baseline,Loss/BDR,8.0700000,0.322436404
TD3 randT baseline,Loss/BDR,8.0900000,0.319549012
TD3 randT baseline,Loss/BDR,8.1100000,0.29713313
TD3 randT baseline,Loss/BDR,8.1300000,0.346120006
TD3 randT baseline,Loss/BDR,8.1500000,0.33295691
TD3 randT baseline,Loss/BDR,8.1700000,0.327995825
TD3 randT baseline,Loss/BDR,8.1900000,0.338007313
TD3 randT baseline,Loss/BDR,8.2100000,0.366229701
TD3 randT baseline,Loss/BDR,8.2300000,0.33855322
TD3 randT baseline,Loss/BDR,8.2500000,0.354230011
TD3 randT baseline,Loss/BDR,8.2700000,0.372574878
TD3 randT baseline,Loss/BDR,8.2900000,0.365420049
TD3 randT baseline,Loss/BDR,8.3100000,0.355071628
TD3 randT baseline,Loss/BDR,8.3300000,0.353067911
TD3 randT baseline,Loss/BDR,8.3500000,0.349557978
TD3 randT baseline,Loss/BDR,8.3700000,0.337092239
TD3 randT baseline,Loss/BDR,8.3900000,0.322068095
TD3 randT baseline,Loss/BDR,8.4100000,0.33009342
TD3 randT baseline,Loss/BDR,8.4300000,0.334029472
TD3 randT baseline,Loss/BDR,8.4500000,0.319319564
TD3 randT baseline,Loss/BDR,8.4700000,0.328414208
TD3 randT baseline,Loss/BDR,8.4900000,0.348502064
TD3 randT baseline,Loss/BDR,8.5100000,0.35439924
TD3 randT baseline,Loss/BDR,8.5300000,0.354667604
TD3 randT baseline,Loss/BDR,8.5500000,0.366644174
TD3 randT baseline,Loss/BDR,8.5700000,0.366143513
TD3 randT baseline,Loss/BDR,8.5900000,0.344138184
TD3 randT baseline,Loss/BDR,8.6100000,0.332758346
TD3 randT baseline,Loss/BDR,8.6300000,0.346452203
TD3 randT baseline,Loss/BDR,8.6500000,0.334663722
TD3 randT baseline,Loss/BDR,8.6700000,0.343190786
TD3 randT baseline,Loss/BDR,8.6900000,0.382107997
TD3 randT baseline,Loss/BDR,8.7100000,0.37070871
TD3 randT baseline,Loss/BDR,8.7300000,0.335309154
TD3 randT baseline,Loss/BDR,8.7500000,0.328102556
TD3 randT baseline,Loss/BDR,8.7700000,0.291744071
TD3 randT baseline,Loss/BDR,8.7900000,0.271845394
TD3 randT baseline,Loss/BDR,8.8100000,0.278656363
TD3 randT baseline,Loss/BDR,8.8300000,0.296186018
TD3 randT baseline,Loss/BDR,8.8500000,0.306996307
TD3 randT baseline,Loss/BDR,8.8700000,0.348510724
TD3 randT baseline,Loss/BDR,8.8900000,0.352263182
TD3 randT baseline,Loss/BDR,8.9100000,0.360236555
TD3 randT baseline,Loss/BDR,8.9300000,0.346460116
TD3 randT baseline,Loss/BDR,8.9500000,0.376696372
TD3 randT baseline,Loss/BDR,8.9700000,0.340841654
TD3 randT baseline,Loss/BDR,8.9900000,0.346212676
TD3 randT baseline,Loss/BDR,9.0100000,0.35016872
TD3 randT baseline,Loss/BDR,9.0300000,0.352086434
TD3 randT baseline,Loss/BDR,9.0500000,0.334118584
TD3 randT baseline,Loss/BDR,9.0700000,0.354015929
TD3 randT baseline,Loss/BDR,9.0900000,0.32912184
TD3 randT baseline,Loss/BDR,9.1100000,0.30457899
TD3 randT baseline,Loss/BDR,9.1300000,0.316934651
TD3 randT baseline,Loss/BDR,9.1500000,0.314480197
TD3 randT baseline,Loss/BDR,9.1700000,0.332713133
TD3 randT baseline,Loss/BDR,9.1900000,0.348357463
TD3 randT baseline,Loss/BDR,9.2100000,0.346591353
TD3 randT baseline,Loss/BDR,9.2300000,0.355985105
TD3 randT baseline,Loss/BDR,9.2500000,0.345415038
TD3 randT baseline,Loss/BDR,9.2700000,0.331028438
TD3 randT baseline,Loss/BDR,9.2900000,0.329395199
TD3 randT baseline,Loss/BDR,9.3100000,0.337372053
TD3 randT baseline,Loss/BDR,9.3300000,0.323840517
TD3 randT baseline,Loss/BDR,9.3500000,0.338210785
TD3 randT baseline,Loss/BDR,9.3700000,0.363673657
TD3 randT baseline,Loss/BDR,9.3900000,0.38582167
TD3 randT baseline,Loss/BDR,9.4100000,0.382007849
TD3 randT baseline,Loss/BDR,9.4300000,0.378825581
TD3 randT baseline,Loss/BDR,9.4500000,0.35733186
TD3 randT baseline,Loss/BDR,9.4700000,0.306164387
TD3 randT baseline,Loss/BDR,9.4900000,0.291074958
TD3 randT baseline,Loss/BDR,9.5100000,0.316384056
TD3 randT baseline,Loss/BDR,9.5300000,0.320961878
TD3 randT baseline,Loss/BDR,9.5500000,0.361268243
TD3 randT baseline,Loss/BDR,9.5700000,0.373051608
TD3 randT baseline,Loss/BDR,9.5900000,0.392262405
TD3 randT baseline,Loss/BDR,9.6100000,0.379513937
TD3 randT baseline,Loss/BDR,9.6300000,0.378402662
TD3 randT baseline,Loss/BDR,9.6500000,0.344048911
TD3 randT baseline,Loss/BDR,9.6700000,0.348116124
TD3 randT baseline,Loss/BDR,9.6900000,0.333700711
TD3 randT baseline,Loss/BDR,9.7100000,0.332641649
TD3 randT baseline,Loss/BDR,9.7300000,0.321869498
TD3 randT baseline,Loss/BDR,9.7500000,0.354695469
TD3 randT baseline,Loss/BDR,9.7700000,0.355618572
TD3 randT baseline,Loss/BDR,9.7900000,0.346900749
TD3 randT baseline,Loss/BDR,9.8100000,0.352145368
TD3 randT baseline,Loss/BDR,9.8300000,0.356631726
TD3 randT baseline,Loss/BDR,9.8500000,0.301705003
TD3 randT baseline,Loss/BDR,9.8700000,0.319489086
TD3 randT baseline,Loss/BDR,9.8900000,0.303570181
TD3 randT baseline,Loss/BDR,9.9100000,0.301590884
TD3 randT baseline,Loss/BDR,9.9300000,0.306137317
TD3 randT baseline,Loss/BDR,9.9500000,0.330210358
TD3 randT baseline,Loss/BDR,9.9700000,0.321402758
TD3 randT baseline,Loss/BDR,9.9900000,0.337670583
TD3 randT baseline,Loss/BDR,10.0100000,0.337821198
PIRL lineage to mixedHJB 15M,Loss/RL,0.0100000,0.0123827239
PIRL lineage to mixedHJB 15M,Loss/RL,0.0300000,0.0123056756
PIRL lineage to mixedHJB 15M,Loss/RL,0.0500000,0.0128786137
PIRL lineage to mixedHJB 15M,Loss/RL,0.0700000,0.0124820245
PIRL lineage to mixedHJB 15M,Loss/RL,0.0900000,0.0108611336
PIRL lineage to mixedHJB 15M,Loss/RL,0.1100000,0.00900370518
PIRL lineage to mixedHJB 15M,Loss/RL,0.1300000,0.00729257322
PIRL lineage to mixedHJB 15M,Loss/RL,0.1500000,0.00506417446
PIRL lineage to mixedHJB 15M,Loss/RL,0.1700000,0.00743544691
PIRL lineage to mixedHJB 15M,Loss/RL,0.1900000,0.00593619992
PIRL lineage to mixedHJB 15M,Loss/RL,0.2100000,0.00626434586
PIRL lineage to mixedHJB 15M,Loss/RL,0.2300000,0.00637942366
PIRL lineage to mixedHJB 15M,Loss/RL,0.2500000,0.00851316038
PIRL lineage to mixedHJB 15M,Loss/RL,0.2700000,0.00672786697
PIRL lineage to mixedHJB 15M,Loss/RL,0.2900000,0.00870699841
PIRL lineage to mixedHJB 15M,Loss/RL,0.3100000,0.00895703412
PIRL lineage to mixedHJB 15M,Loss/RL,0.3300000,0.0100371851
PIRL lineage to mixedHJB 15M,Loss/RL,0.3500000,0.00810046368
PIRL lineage to mixedHJB 15M,Loss/RL,0.3700000,0.00759344646
PIRL lineage to mixedHJB 15M,Loss/RL,0.3900000,0.00513747159
PIRL lineage to mixedHJB 15M,Loss/RL,0.4100000,0.00605797177
PIRL lineage to mixedHJB 15M,Loss/RL,0.4300000,0.00578698727
PIRL lineage to mixedHJB 15M,Loss/RL,0.4500000,0.00517343326
PIRL lineage to mixedHJB 15M,Loss/RL,0.4700000,0.00370359864
PIRL lineage to mixedHJB 15M,Loss/RL,0.4900000,0.00366385379
PIRL lineage to mixedHJB 15M,Loss/RL,0.5100000,0.00324279708
PIRL lineage to mixedHJB 15M,Loss/RL,0.5300000,0.0025634035
PIRL lineage to mixedHJB 15M,Loss/RL,0.5500000,0.00264245756
PIRL lineage to mixedHJB 15M,Loss/RL,0.5700000,0.00260894066
PIRL lineage to mixedHJB 15M,Loss/RL,0.5900000,0.00411019656
PIRL lineage to mixedHJB 15M,Loss/RL,0.6100000,0.00474426518
PIRL lineage to mixedHJB 15M,Loss/RL,0.6300000,0.00428202087
PIRL lineage to mixedHJB 15M,Loss/RL,0.6500000,0.00735325967
PIRL lineage to mixedHJB 15M,Loss/RL,0.6700000,0.00828760606
PIRL lineage to mixedHJB 15M,Loss/RL,0.6900000,0.00799300107
PIRL lineage to mixedHJB 15M,Loss/RL,0.7100000,0.00719504165
PIRL lineage to mixedHJB 15M,Loss/RL,0.7300000,0.00904282788
PIRL lineage to mixedHJB 15M,Loss/RL,0.7500000,0.00667289197
PIRL lineage to mixedHJB 15M,Loss/RL,0.7700000,0.00709963031
PIRL lineage to mixedHJB 15M,Loss/RL,0.7900000,0.00732337227
PIRL lineage to mixedHJB 15M,Loss/RL,0.8100000,0.0071399753
PIRL lineage to mixedHJB 15M,Loss/RL,0.8300000,0.0063364883
PIRL lineage to mixedHJB 15M,Loss/RL,0.8500000,0.00624270225
PIRL lineage to mixedHJB 15M,Loss/RL,0.8700000,0.00566413654
PIRL lineage to mixedHJB 15M,Loss/RL,0.8900000,0.00506146988
PIRL lineage to mixedHJB 15M,Loss/RL,0.9100000,0.00562146837
PIRL lineage to mixedHJB 15M,Loss/RL,0.9300000,0.00520851472
PIRL lineage to mixedHJB 15M,Loss/RL,0.9500000,0.00519117266
PIRL lineage to mixedHJB 15M,Loss/RL,0.9700000,0.00507073738
PIRL lineage to mixedHJB 15M,Loss/RL,0.9900000,0.0048256191
PIRL lineage to mixedHJB 15M,Loss/RL,1.0100000,0.0041018534
PIRL lineage to mixedHJB 15M,Loss/RL,1.0300000,0.0039240493
PIRL lineage to mixedHJB 15M,Loss/RL,1.0500000,0.003855957
PIRL lineage to mixedHJB 15M,Loss/RL,1.0700000,0.00327678518
PIRL lineage to mixedHJB 15M,Loss/RL,1.0900000,0.00309885279
PIRL lineage to mixedHJB 15M,Loss/RL,1.1100000,0.00303662992
PIRL lineage to mixedHJB 15M,Loss/RL,1.1300000,0.00297085471
PIRL lineage to mixedHJB 15M,Loss/RL,1.1500000,0.00397007493
PIRL lineage to mixedHJB 15M,Loss/RL,1.1700000,0.00397788691
PIRL lineage to mixedHJB 15M,Loss/RL,1.1900000,0.00431501647
PIRL lineage to mixedHJB 15M,Loss/RL,1.2100000,0.00443743449
PIRL lineage to mixedHJB 15M,Loss/RL,1.2300000,0.00482318401
PIRL lineage to mixedHJB 15M,Loss/RL,1.2500000,0.00352283749
PIRL lineage to mixedHJB 15M,Loss/RL,1.2700000,0.00356277297
PIRL lineage to mixedHJB 15M,Loss/RL,1.2900000,0.00321254749
PIRL lineage to mixedHJB 15M,Loss/RL,1.3100000,0.00339974114
PIRL lineage to mixedHJB 15M,Loss/RL,1.3300000,0.00300244386
PIRL lineage to mixedHJB 15M,Loss/RL,1.3500000,0.00317933066
PIRL lineage to mixedHJB 15M,Loss/RL,1.3700000,0.00313917878
PIRL lineage to mixedHJB 15M,Loss/RL,1.3900000,0.00350614823
PIRL lineage to mixedHJB 15M,Loss/RL,1.4100000,0.00342975417
PIRL lineage to mixedHJB 15M,Loss/RL,1.4300000,0.00415760884
PIRL lineage to mixedHJB 15M,Loss/RL,1.4500000,0.00461847261
PIRL lineage to mixedHJB 15M,Loss/RL,1.4700000,0.00467030471
PIRL lineage to mixedHJB 15M,Loss/RL,1.4900000,0.00459087072
PIRL lineage to mixedHJB 15M,Loss/RL,1.5100000,0.00476260157
PIRL lineage to mixedHJB 15M,Loss/RL,1.5300000,0.00386846401
PIRL lineage to mixedHJB 15M,Loss/RL,1.5500000,0.00342563512
PIRL lineage to mixedHJB 15M,Loss/RL,1.5700000,0.00365552763
PIRL lineage to mixedHJB 15M,Loss/RL,1.5900000,0.00333747952
PIRL lineage to mixedHJB 15M,Loss/RL,1.6100000,0.00304177506
PIRL lineage to mixedHJB 15M,Loss/RL,1.6300000,0.00289403007
PIRL lineage to mixedHJB 15M,Loss/RL,1.6500000,0.00287202939
PIRL lineage to mixedHJB 15M,Loss/RL,1.6700000,0.00262562295
PIRL lineage to mixedHJB 15M,Loss/RL,1.6900000,0.00242290292
PIRL lineage to mixedHJB 15M,Loss/RL,1.7100000,0.00207474404
PIRL lineage to mixedHJB 15M,Loss/RL,1.7300000,0.00275367342
PIRL lineage to mixedHJB 15M,Loss/RL,1.7500000,0.00306419691
PIRL lineage to mixedHJB 15M,Loss/RL,1.7700000,0.00317171121
PIRL lineage to mixedHJB 15M,Loss/RL,1.7900000,0.00391659038
PIRL lineage to mixedHJB 15M,Loss/RL,1.8100000,0.0042699568
PIRL lineage to mixedHJB 15M,Loss/RL,1.8300000,0.00403674236
PIRL lineage to mixedHJB 15M,Loss/RL,1.8500000,0.00398419136
PIRL lineage to mixedHJB 15M,Loss/RL,1.8700000,0.00441856589
PIRL lineage to mixedHJB 15M,Loss/RL,1.8900000,0.0038976714
PIRL lineage to mixedHJB 15M,Loss/RL,1.9100000,0.00340964997
PIRL lineage to mixedHJB 15M,Loss/RL,1.9300000,0.00308128686
PIRL lineage to mixedHJB 15M,Loss/RL,1.9500000,0.00246687389
PIRL lineage to mixedHJB 15M,Loss/RL,1.9700000,0.00236819822
PIRL lineage to mixedHJB 15M,Loss/RL,1.9900000,0.00222314934
PIRL lineage to mixedHJB 15M,Loss/RL,2.0100000,0.00352591821
PIRL lineage to mixedHJB 15M,Loss/RL,2.0300000,0.00369960978
PIRL lineage to mixedHJB 15M,Loss/RL,2.0500000,0.00398883843
PIRL lineage to mixedHJB 15M,Loss/RL,2.0700000,0.0036030476
PIRL lineage to mixedHJB 15M,Loss/RL,2.0900000,0.00364360358
PIRL lineage to mixedHJB 15M,Loss/RL,2.1100000,0.0025690583
PIRL lineage to mixedHJB 15M,Loss/RL,2.1300000,0.00292195245
PIRL lineage to mixedHJB 15M,Loss/RL,2.1500000,0.00284182103
PIRL lineage to mixedHJB 15M,Loss/RL,2.1700000,0.00272907554
PIRL lineage to mixedHJB 15M,Loss/RL,2.1900000,0.00283339578
PIRL lineage to mixedHJB 15M,Loss/RL,2.2100000,0.00327841858
PIRL lineage to mixedHJB 15M,Loss/RL,2.2300000,0.00296996888
PIRL lineage to mixedHJB 15M,Loss/RL,2.2500000,0.00313089984
PIRL lineage to mixedHJB 15M,Loss/RL,2.2700000,0.00289956015
PIRL lineage to mixedHJB 15M,Loss/RL,2.2900000,0.00373936221
PIRL lineage to mixedHJB 15M,Loss/RL,2.3100000,0.00448361002
PIRL lineage to mixedHJB 15M,Loss/RL,2.3300000,0.0048844134
PIRL lineage to mixedHJB 15M,Loss/RL,2.3500000,0.00520610157
PIRL lineage to mixedHJB 15M,Loss/RL,2.3700000,0.00566373323
PIRL lineage to mixedHJB 15M,Loss/RL,2.3900000,0.00492877397
PIRL lineage to mixedHJB 15M,Loss/RL,2.4100000,0.00385114597
PIRL lineage to mixedHJB 15M,Loss/RL,2.4300000,0.00315162307
PIRL lineage to mixedHJB 15M,Loss/RL,2.4500000,0.00283126151
PIRL lineage to mixedHJB 15M,Loss/RL,2.4700000,0.00242171043
PIRL lineage to mixedHJB 15M,Loss/RL,2.4900000,0.00238802375
PIRL lineage to mixedHJB 15M,Loss/RL,2.5100000,0.00286189078
PIRL lineage to mixedHJB 15M,Loss/RL,2.5300000,0.00323354478
PIRL lineage to mixedHJB 15M,Loss/RL,2.5500000,0.00327419576
PIRL lineage to mixedHJB 15M,Loss/RL,2.5700000,0.00362242777
PIRL lineage to mixedHJB 15M,Loss/RL,2.5900000,0.00381759517
PIRL lineage to mixedHJB 15M,Loss/RL,2.6100000,0.00339593254
PIRL lineage to mixedHJB 15M,Loss/RL,2.6300000,0.00303763407
PIRL lineage to mixedHJB 15M,Loss/RL,2.6500000,0.00279454179
PIRL lineage to mixedHJB 15M,Loss/RL,2.6700000,0.00237769999
PIRL lineage to mixedHJB 15M,Loss/RL,2.6900000,0.0021871032
PIRL lineage to mixedHJB 15M,Loss/RL,2.7100000,0.00220781874
PIRL lineage to mixedHJB 15M,Loss/RL,2.7300000,0.00306706328
PIRL lineage to mixedHJB 15M,Loss/RL,2.7500000,0.00327402635
PIRL lineage to mixedHJB 15M,Loss/RL,2.7700000,0.00340847399
PIRL lineage to mixedHJB 15M,Loss/RL,2.7900000,0.00334672492
PIRL lineage to mixedHJB 15M,Loss/RL,2.8100000,0.00316486408
PIRL lineage to mixedHJB 15M,Loss/RL,2.8300000,0.00219507155
PIRL lineage to mixedHJB 15M,Loss/RL,2.8500000,0.00222879716
PIRL lineage to mixedHJB 15M,Loss/RL,2.8700000,0.00248047807
PIRL lineage to mixedHJB 15M,Loss/RL,2.8900000,0.0041722151
PIRL lineage to mixedHJB 15M,Loss/RL,2.9100000,0.00448689703
PIRL lineage to mixedHJB 15M,Loss/RL,2.9300000,0.00502493838
PIRL lineage to mixedHJB 15M,Loss/RL,2.9500000,0.00467123061
PIRL lineage to mixedHJB 15M,Loss/RL,2.9700000,0.00447705474
PIRL lineage to mixedHJB 15M,Loss/RL,2.9900000,0.00275899011
PIRL lineage to mixedHJB 15M,Loss/RL,3.0100000,0.00277824497
PIRL lineage to mixedHJB 15M,Loss/RL,3.0300000,0.00305814643
PIRL lineage to mixedHJB 15M,Loss/RL,3.0500000,0.0033062472
PIRL lineage to mixedHJB 15M,Loss/RL,3.0700000,0.00400460758
PIRL lineage to mixedHJB 15M,Loss/RL,3.0900000,0.00398662481
PIRL lineage to mixedHJB 15M,Loss/RL,3.1100000,0.00351660438
PIRL lineage to mixedHJB 15M,Loss/RL,3.1300000,0.00298355771
PIRL lineage to mixedHJB 15M,Loss/RL,3.1500000,0.00287109548
PIRL lineage to mixedHJB 15M,Loss/RL,3.1700000,0.00255454052
PIRL lineage to mixedHJB 15M,Loss/RL,3.1900000,0.00258741095
PIRL lineage to mixedHJB 15M,Loss/RL,3.2100000,0.00278573334
PIRL lineage to mixedHJB 15M,Loss/RL,3.2300000,0.00317159155
PIRL lineage to mixedHJB 15M,Loss/RL,3.2500000,0.00315508167
PIRL lineage to mixedHJB 15M,Loss/RL,3.2700000,0.00254747751
PIRL lineage to mixedHJB 15M,Loss/RL,3.2900000,0.0029557121
PIRL lineage to mixedHJB 15M,Loss/RL,3.3100000,0.00327658951
PIRL lineage to mixedHJB 15M,Loss/RL,3.3300000,0.00344452122
PIRL lineage to mixedHJB 15M,Loss/RL,3.3500000,0.00379138198
PIRL lineage to mixedHJB 15M,Loss/RL,3.3700000,0.0040751935
PIRL lineage to mixedHJB 15M,Loss/RL,3.3900000,0.00411361223
PIRL lineage to mixedHJB 15M,Loss/RL,3.4100000,0.00379218962
PIRL lineage to mixedHJB 15M,Loss/RL,3.4300000,0.00368301198
PIRL lineage to mixedHJB 15M,Loss/RL,3.4500000,0.00350526059
PIRL lineage to mixedHJB 15M,Loss/RL,3.4700000,0.00342191253
PIRL lineage to mixedHJB 15M,Loss/RL,3.4900000,0.00360052828
PIRL lineage to mixedHJB 15M,Loss/RL,3.5100000,0.00350159949
PIRL lineage to mixedHJB 15M,Loss/RL,3.5300000,0.00328396803
PIRL lineage to mixedHJB 15M,Loss/RL,3.5500000,0.0032427307
PIRL lineage to mixedHJB 15M,Loss/RL,3.5700000,0.00339544618
PIRL lineage to mixedHJB 15M,Loss/RL,3.5900000,0.00244837328
PIRL lineage to mixedHJB 15M,Loss/RL,3.6100000,0.00228777118
PIRL lineage to mixedHJB 15M,Loss/RL,3.6300000,0.00209129769
PIRL lineage to mixedHJB 15M,Loss/RL,3.6500000,0.00237019169
PIRL lineage to mixedHJB 15M,Loss/RL,3.6700000,0.00209503656
PIRL lineage to mixedHJB 15M,Loss/RL,3.6900000,0.00260137009
PIRL lineage to mixedHJB 15M,Loss/RL,3.7100000,0.00297218326
PIRL lineage to mixedHJB 15M,Loss/RL,3.7300000,0.00307951013
PIRL lineage to mixedHJB 15M,Loss/RL,3.7500000,0.00282489301
PIRL lineage to mixedHJB 15M,Loss/RL,3.7700000,0.00317630409
PIRL lineage to mixedHJB 15M,Loss/RL,3.7900000,0.00267116157
PIRL lineage to mixedHJB 15M,Loss/RL,3.8100000,0.00259918966
PIRL lineage to mixedHJB 15M,Loss/RL,3.8300000,0.00250605354
PIRL lineage to mixedHJB 15M,Loss/RL,3.8500000,0.00240122532
PIRL lineage to mixedHJB 15M,Loss/RL,3.8700000,0.00237243143
PIRL lineage to mixedHJB 15M,Loss/RL,3.8900000,0.00264333161
PIRL lineage to mixedHJB 15M,Loss/RL,3.9100000,0.00267552049
PIRL lineage to mixedHJB 15M,Loss/RL,3.9300000,0.00252230228
PIRL lineage to mixedHJB 15M,Loss/RL,3.9500000,0.00284309727
PIRL lineage to mixedHJB 15M,Loss/RL,3.9700000,0.00266789221
PIRL lineage to mixedHJB 15M,Loss/RL,3.9900000,0.00298831523
PIRL lineage to mixedHJB 15M,Loss/RL,4.0100000,0.00318635451
PIRL lineage to mixedHJB 15M,Loss/RL,4.0300000,0.00360868787
PIRL lineage to mixedHJB 15M,Loss/RL,4.0500000,0.00337321777
PIRL lineage to mixedHJB 15M,Loss/RL,4.0700000,0.00318522537
PIRL lineage to mixedHJB 15M,Loss/RL,4.0900000,0.00297748069
PIRL lineage to mixedHJB 15M,Loss/RL,4.1100000,0.00358705889
PIRL lineage to mixedHJB 15M,Loss/RL,4.1300000,0.0031333107
PIRL lineage to mixedHJB 15M,Loss/RL,4.1500000,0.00303138858
PIRL lineage to mixedHJB 15M,Loss/RL,4.1700000,0.00338199055
PIRL lineage to mixedHJB 15M,Loss/RL,4.1900000,0.00340798893
PIRL lineage to mixedHJB 15M,Loss/RL,4.2100000,0.00250587943
PIRL lineage to mixedHJB 15M,Loss/RL,4.2300000,0.00313874171
PIRL lineage to mixedHJB 15M,Loss/RL,4.2500000,0.00323808342
PIRL lineage to mixedHJB 15M,Loss/RL,4.2700000,0.00306148841
PIRL lineage to mixedHJB 15M,Loss/RL,4.2900000,0.0032220569
PIRL lineage to mixedHJB 15M,Loss/RL,4.3100000,0.00316964027
PIRL lineage to mixedHJB 15M,Loss/RL,4.3300000,0.00243462189
PIRL lineage to mixedHJB 15M,Loss/RL,4.3500000,0.0025322739
PIRL lineage to mixedHJB 15M,Loss/RL,4.3700000,0.00304303993
PIRL lineage to mixedHJB 15M,Loss/RL,4.3900000,0.00348531646
PIRL lineage to mixedHJB 15M,Loss/RL,4.4100000,0.00368300045
PIRL lineage to mixedHJB 15M,Loss/RL,4.4300000,0.0037664715
PIRL lineage to mixedHJB 15M,Loss/RL,4.4500000,0.00343488036
PIRL lineage to mixedHJB 15M,Loss/RL,4.4700000,0.00333601423
PIRL lineage to mixedHJB 15M,Loss/RL,4.4900000,0.00240953495
PIRL lineage to mixedHJB 15M,Loss/RL,4.5100000,0.00245372364
PIRL lineage to mixedHJB 15M,Loss/RL,4.5300000,0.0024807018
PIRL lineage to mixedHJB 15M,Loss/RL,4.5500000,0.00266278749
PIRL lineage to mixedHJB 15M,Loss/RL,4.5700000,0.00233980943
PIRL lineage to mixedHJB 15M,Loss/RL,4.5900000,0.00247988738
PIRL lineage to mixedHJB 15M,Loss/RL,4.6100000,0.00241122888
PIRL lineage to mixedHJB 15M,Loss/RL,4.6300000,0.00327373561
PIRL lineage to mixedHJB 15M,Loss/RL,4.6500000,0.00346634234
PIRL lineage to mixedHJB 15M,Loss/RL,4.6700000,0.00365447709
PIRL lineage to mixedHJB 15M,Loss/RL,4.6900000,0.00410274593
PIRL lineage to mixedHJB 15M,Loss/RL,4.7100000,0.00492094262
PIRL lineage to mixedHJB 15M,Loss/RL,4.7300000,0.00405665291
PIRL lineage to mixedHJB 15M,Loss/RL,4.7500000,0.00365644498
PIRL lineage to mixedHJB 15M,Loss/RL,4.7700000,0.00387457646
PIRL lineage to mixedHJB 15M,Loss/RL,4.7900000,0.00414959937
PIRL lineage to mixedHJB 15M,Loss/RL,4.8100000,0.00360694621
PIRL lineage to mixedHJB 15M,Loss/RL,4.8300000,0.00358171798
PIRL lineage to mixedHJB 15M,Loss/RL,4.8500000,0.00368027333
PIRL lineage to mixedHJB 15M,Loss/RL,4.8700000,0.00332731642
PIRL lineage to mixedHJB 15M,Loss/RL,4.8900000,0.00253864918
PIRL lineage to mixedHJB 15M,Loss/RL,4.9100000,0.00261372067
PIRL lineage to mixedHJB 15M,Loss/RL,4.9300000,0.00277970061
PIRL lineage to mixedHJB 15M,Loss/RL,4.9500000,0.00293926233
PIRL lineage to mixedHJB 15M,Loss/RL,4.9700000,0.00297001405
PIRL lineage to mixedHJB 15M,Loss/RL,4.9900000,0.00323156761
PIRL lineage to mixedHJB 15M,Loss/RL,5.0100000,0.00366912913
PIRL lineage to mixedHJB 15M,Loss/RL,5.0300000,0.00414701253
PIRL lineage to mixedHJB 15M,Loss/RL,5.0500000,0.00544390846
PIRL lineage to mixedHJB 15M,Loss/RL,5.0700000,0.00669677388
PIRL lineage to mixedHJB 15M,Loss/RL,5.0900000,0.00642082989
PIRL lineage to mixedHJB 15M,Loss/RL,5.1100000,0.00652123783
PIRL lineage to mixedHJB 15M,Loss/RL,5.1300000,0.00630563162
PIRL lineage to mixedHJB 15M,Loss/RL,5.1500000,0.00534795066
PIRL lineage to mixedHJB 15M,Loss/RL,5.1700000,0.00456546899
PIRL lineage to mixedHJB 15M,Loss/RL,5.1900000,0.00504726255
PIRL lineage to mixedHJB 15M,Loss/RL,5.2100000,0.00564139662
PIRL lineage to mixedHJB 15M,Loss/RL,5.2300000,0.00603858009
PIRL lineage to mixedHJB 15M,Loss/RL,5.2500000,0.00575451097
PIRL lineage to mixedHJB 15M,Loss/RL,5.2700000,0.00589474943
PIRL lineage to mixedHJB 15M,Loss/RL,5.2900000,0.00573408026
PIRL lineage to mixedHJB 15M,Loss/RL,5.3100000,0.0050618805
PIRL lineage to mixedHJB 15M,Loss/RL,5.3300000,0.00477229478
PIRL lineage to mixedHJB 15M,Loss/RL,5.3500000,0.00457054786
PIRL lineage to mixedHJB 15M,Loss/RL,5.3700000,0.00498713404
PIRL lineage to mixedHJB 15M,Loss/RL,5.3900000,0.00511926459
PIRL lineage to mixedHJB 15M,Loss/RL,5.4100000,0.0049106156
PIRL lineage to mixedHJB 15M,Loss/RL,5.4300000,0.00444193431
PIRL lineage to mixedHJB 15M,Loss/RL,5.4500000,0.00557038351
PIRL lineage to mixedHJB 15M,Loss/RL,5.4700000,0.00553701478
PIRL lineage to mixedHJB 15M,Loss/RL,5.4900000,0.00541578881
PIRL lineage to mixedHJB 15M,Loss/RL,5.5100000,0.00731476331
PIRL lineage to mixedHJB 15M,Loss/RL,5.5300000,0.00766074024
PIRL lineage to mixedHJB 15M,Loss/RL,5.5500000,0.00657215533
PIRL lineage to mixedHJB 15M,Loss/RL,5.5700000,0.00590440645
PIRL lineage to mixedHJB 15M,Loss/RL,5.5900000,0.00624702978
PIRL lineage to mixedHJB 15M,Loss/RL,5.6100000,0.00434481278
PIRL lineage to mixedHJB 15M,Loss/RL,5.6300000,0.00411416832
PIRL lineage to mixedHJB 15M,Loss/RL,5.6500000,0.00422635386
PIRL lineage to mixedHJB 15M,Loss/RL,5.6700000,0.00380575834
PIRL lineage to mixedHJB 15M,Loss/RL,5.6900000,0.0030745347
PIRL lineage to mixedHJB 15M,Loss/RL,5.7100000,0.0032730619
PIRL lineage to mixedHJB 15M,Loss/RL,5.7300000,0.00377864079
PIRL lineage to mixedHJB 15M,Loss/RL,5.7500000,0.00419771625
PIRL lineage to mixedHJB 15M,Loss/RL,5.7700000,0.00429953435
PIRL lineage to mixedHJB 15M,Loss/RL,5.7900000,0.00466059465
PIRL lineage to mixedHJB 15M,Loss/RL,5.8100000,0.00496705007
PIRL lineage to mixedHJB 15M,Loss/RL,5.8300000,0.00548510402
PIRL lineage to mixedHJB 15M,Loss/RL,5.8500000,0.0052825585
PIRL lineage to mixedHJB 15M,Loss/RL,5.8700000,0.00569493282
PIRL lineage to mixedHJB 15M,Loss/RL,5.8900000,0.00569005227
PIRL lineage to mixedHJB 15M,Loss/RL,5.9100000,0.0052359079
PIRL lineage to mixedHJB 15M,Loss/RL,5.9300000,0.00428143614
PIRL lineage to mixedHJB 15M,Loss/RL,5.9500000,0.00534158633
PIRL lineage to mixedHJB 15M,Loss/RL,5.9700000,0.00519318138
PIRL lineage to mixedHJB 15M,Loss/RL,5.9900000,0.005283023
PIRL lineage to mixedHJB 15M,Loss/RL,6.0100000,0.00707279625
PIRL lineage to mixedHJB 15M,Loss/RL,6.0300000,0.0070244411
PIRL lineage to mixedHJB 15M,Loss/RL,6.0500000,0.00666640494
PIRL lineage to mixedHJB 15M,Loss/RL,6.0700000,0.00663380008
PIRL lineage to mixedHJB 15M,Loss/RL,6.0900000,0.00693242233
PIRL lineage to mixedHJB 15M,Loss/RL,6.1100000,0.00561420117
PIRL lineage to mixedHJB 15M,Loss/RL,6.1300000,0.00568265272
PIRL lineage to mixedHJB 15M,Loss/RL,6.1500000,0.00669491095
PIRL lineage to mixedHJB 15M,Loss/RL,6.1700000,0.00647565289
PIRL lineage to mixedHJB 15M,Loss/RL,6.1900000,0.00602636426
PIRL lineage to mixedHJB 15M,Loss/RL,6.2100000,0.00574728497
PIRL lineage to mixedHJB 15M,Loss/RL,6.2300000,0.00604766882
PIRL lineage to mixedHJB 15M,Loss/RL,6.2500000,0.00388289946
PIRL lineage to mixedHJB 15M,Loss/RL,6.2700000,0.00409990447
PIRL lineage to mixedHJB 15M,Loss/RL,6.2900000,0.00448193587
PIRL lineage to mixedHJB 15M,Loss/RL,6.3100000,0.00456906669
PIRL lineage to mixedHJB 15M,Loss/RL,6.3300000,0.00415434008
PIRL lineage to mixedHJB 15M,Loss/RL,6.3500000,0.00558810281
PIRL lineage to mixedHJB 15M,Loss/RL,6.3700000,0.00549685555
PIRL lineage to mixedHJB 15M,Loss/RL,6.3900000,0.00523038581
PIRL lineage to mixedHJB 15M,Loss/RL,6.4100000,0.00481470507
PIRL lineage to mixedHJB 15M,Loss/RL,6.4300000,0.0054175524
PIRL lineage to mixedHJB 15M,Loss/RL,6.4500000,0.00505364649
PIRL lineage to mixedHJB 15M,Loss/RL,6.4700000,0.00480960775
PIRL lineage to mixedHJB 15M,Loss/RL,6.4900000,0.00528508723
PIRL lineage to mixedHJB 15M,Loss/RL,6.5100000,0.0060174535
PIRL lineage to mixedHJB 15M,Loss/RL,6.5300000,0.00547495689
PIRL lineage to mixedHJB 15M,Loss/RL,6.5500000,0.00490854606
PIRL lineage to mixedHJB 15M,Loss/RL,6.5700000,0.00519077778
PIRL lineage to mixedHJB 15M,Loss/RL,6.5900000,0.0050631851
PIRL lineage to mixedHJB 15M,Loss/RL,6.6100000,0.0043946885
PIRL lineage to mixedHJB 15M,Loss/RL,6.6300000,0.00425757957
PIRL lineage to mixedHJB 15M,Loss/RL,6.6500000,0.004399203
PIRL lineage to mixedHJB 15M,Loss/RL,6.6700000,0.00433413819
PIRL lineage to mixedHJB 15M,Loss/RL,6.6900000,0.00394861759
PIRL lineage to mixedHJB 15M,Loss/RL,6.7100000,0.00410336452
PIRL lineage to mixedHJB 15M,Loss/RL,6.7300000,0.00470133387
PIRL lineage to mixedHJB 15M,Loss/RL,6.7500000,0.00434192237
PIRL lineage to mixedHJB 15M,Loss/RL,6.7700000,0.00465541086
PIRL lineage to mixedHJB 15M,Loss/RL,6.7900000,0.00531153376
PIRL lineage to mixedHJB 15M,Loss/RL,6.8100000,0.00519627905
PIRL lineage to mixedHJB 15M,Loss/RL,6.8300000,0.00434764314
PIRL lineage to mixedHJB 15M,Loss/RL,6.8500000,0.00450609869
PIRL lineage to mixedHJB 15M,Loss/RL,6.8700000,0.00390021473
PIRL lineage to mixedHJB 15M,Loss/RL,6.8900000,0.00365524569
PIRL lineage to mixedHJB 15M,Loss/RL,6.9100000,0.00341731326
PIRL lineage to mixedHJB 15M,Loss/RL,6.9300000,0.00358179561
PIRL lineage to mixedHJB 15M,Loss/RL,6.9500000,0.00502528301
PIRL lineage to mixedHJB 15M,Loss/RL,6.9700000,0.005904264
PIRL lineage to mixedHJB 15M,Loss/RL,6.9900000,0.00550096128
PIRL lineage to mixedHJB 15M,Loss/RL,7.0100000,0.00571755692
PIRL lineage to mixedHJB 15M,Loss/RL,7.0300000,0.00664311871
PIRL lineage to mixedHJB 15M,Loss/RL,7.0500000,0.0051122196
PIRL lineage to mixedHJB 15M,Loss/RL,7.0700000,0.00429846086
PIRL lineage to mixedHJB 15M,Loss/RL,7.0900000,0.00434657559
PIRL lineage to mixedHJB 15M,Loss/RL,7.1100000,0.0044500676
PIRL lineage to mixedHJB 15M,Loss/RL,7.1300000,0.00394342206
PIRL lineage to mixedHJB 15M,Loss/RL,7.1500000,0.00364400921
PIRL lineage to mixedHJB 15M,Loss/RL,7.1700000,0.0036486065
PIRL lineage to mixedHJB 15M,Loss/RL,7.1900000,0.00407322422
PIRL lineage to mixedHJB 15M,Loss/RL,7.2100000,0.00424522776
PIRL lineage to mixedHJB 15M,Loss/RL,7.2300000,0.00401520152
PIRL lineage to mixedHJB 15M,Loss/RL,7.2500000,0.00405238173
PIRL lineage to mixedHJB 15M,Loss/RL,7.2700000,0.00467215287
PIRL lineage to mixedHJB 15M,Loss/RL,7.2900000,0.00443335869
PIRL lineage to mixedHJB 15M,Loss/RL,7.3100000,0.00423850021
PIRL lineage to mixedHJB 15M,Loss/RL,7.3300000,0.00422418281
PIRL lineage to mixedHJB 15M,Loss/RL,7.3500000,0.00443825629
PIRL lineage to mixedHJB 15M,Loss/RL,7.3700000,0.00394965801
PIRL lineage to mixedHJB 15M,Loss/RL,7.3900000,0.00458454099
PIRL lineage to mixedHJB 15M,Loss/RL,7.4100000,0.00445447951
PIRL lineage to mixedHJB 15M,Loss/RL,7.4300000,0.00435242248
PIRL lineage to mixedHJB 15M,Loss/RL,7.4500000,0.00406247401
PIRL lineage to mixedHJB 15M,Loss/RL,7.4700000,0.003991532
PIRL lineage to mixedHJB 15M,Loss/RL,7.4900000,0.0031231022
PIRL lineage to mixedHJB 15M,Loss/RL,7.5100000,0.00313748368
PIRL lineage to mixedHJB 15M,Loss/RL,7.5300000,0.0030218936
PIRL lineage to mixedHJB 15M,Loss/RL,7.5500000,0.00438519609
PIRL lineage to mixedHJB 15M,Loss/RL,7.5700000,0.00568759399
PIRL lineage to mixedHJB 15M,Loss/RL,7.5900000,0.00560104069
PIRL lineage to mixedHJB 15M,Loss/RL,7.6100000,0.00583707029
PIRL lineage to mixedHJB 15M,Loss/RL,7.6300000,0.00610566279
PIRL lineage to mixedHJB 15M,Loss/RL,7.6500000,0.00566502903
PIRL lineage to mixedHJB 15M,Loss/RL,7.6700000,0.00451256009
PIRL lineage to mixedHJB 15M,Loss/RL,7.6900000,0.00520108193
PIRL lineage to mixedHJB 15M,Loss/RL,7.7100000,0.0055867278
PIRL lineage to mixedHJB 15M,Loss/RL,7.7300000,0.00646798648
PIRL lineage to mixedHJB 15M,Loss/RL,7.7500000,0.0060504674
PIRL lineage to mixedHJB 15M,Loss/RL,7.7700000,0.00591720776
PIRL lineage to mixedHJB 15M,Loss/RL,7.7900000,0.00516956584
PIRL lineage to mixedHJB 15M,Loss/RL,7.8100000,0.00513863214
PIRL lineage to mixedHJB 15M,Loss/RL,7.8300000,0.00405814718
PIRL lineage to mixedHJB 15M,Loss/RL,7.8500000,0.00426955693
PIRL lineage to mixedHJB 15M,Loss/RL,7.8700000,0.0050376026
PIRL lineage to mixedHJB 15M,Loss/RL,7.8900000,0.00538590737
PIRL lineage to mixedHJB 15M,Loss/RL,7.9100000,0.00508961519
PIRL lineage to mixedHJB 15M,Loss/RL,7.9300000,0.00596648045
PIRL lineage to mixedHJB 15M,Loss/RL,7.9500000,0.00557831032
PIRL lineage to mixedHJB 15M,Loss/RL,7.9700000,0.004971362
PIRL lineage to mixedHJB 15M,Loss/RL,7.9900000,0.00494134203
PIRL lineage to mixedHJB 15M,Loss/RL,8.0100000,0.00457540909
PIRL lineage to mixedHJB 15M,Loss/RL,8.0300000,0.00368815665
PIRL lineage to mixedHJB 15M,Loss/RL,8.0500000,0.00388313155
PIRL lineage to mixedHJB 15M,Loss/RL,8.0700000,0.00403775913
PIRL lineage to mixedHJB 15M,Loss/RL,8.0900000,0.00425620764
PIRL lineage to mixedHJB 15M,Loss/RL,8.1100000,0.00467878054
PIRL lineage to mixedHJB 15M,Loss/RL,8.1300000,0.00469441339
PIRL lineage to mixedHJB 15M,Loss/RL,8.1500000,0.00410877578
PIRL lineage to mixedHJB 15M,Loss/RL,8.1700000,0.0042366582
PIRL lineage to mixedHJB 15M,Loss/RL,8.1900000,0.00380920232
PIRL lineage to mixedHJB 15M,Loss/RL,8.2100000,0.00360809457
PIRL lineage to mixedHJB 15M,Loss/RL,8.2300000,0.00379041615
PIRL lineage to mixedHJB 15M,Loss/RL,8.2500000,0.00526512028
PIRL lineage to mixedHJB 15M,Loss/RL,8.2700000,0.00470108516
PIRL lineage to mixedHJB 15M,Loss/RL,8.2900000,0.00476108501
PIRL lineage to mixedHJB 15M,Loss/RL,8.3100000,0.00504150195
PIRL lineage to mixedHJB 15M,Loss/RL,8.3300000,0.00481401556
PIRL lineage to mixedHJB 15M,Loss/RL,8.3500000,0.00401909114
PIRL lineage to mixedHJB 15M,Loss/RL,8.3700000,0.00434408258
PIRL lineage to mixedHJB 15M,Loss/RL,8.3900000,0.00429031695
PIRL lineage to mixedHJB 15M,Loss/RL,8.4100000,0.00400591786
PIRL lineage to mixedHJB 15M,Loss/RL,8.4300000,0.0043033761
PIRL lineage to mixedHJB 15M,Loss/RL,8.4500000,0.00469833231
PIRL lineage to mixedHJB 15M,Loss/RL,8.4700000,0.0046426733
PIRL lineage to mixedHJB 15M,Loss/RL,8.4900000,0.00454850686
PIRL lineage to mixedHJB 15M,Loss/RL,8.5100000,0.00473847673
PIRL lineage to mixedHJB 15M,Loss/RL,8.5300000,0.00547615574
PIRL lineage to mixedHJB 15M,Loss/RL,8.5500000,0.0057531713
PIRL lineage to mixedHJB 15M,Loss/RL,8.5700000,0.00623977748
PIRL lineage to mixedHJB 15M,Loss/RL,8.5900000,0.00622336557
PIRL lineage to mixedHJB 15M,Loss/RL,8.6100000,0.00700988946
PIRL lineage to mixedHJB 15M,Loss/RL,8.6300000,0.00615972076
PIRL lineage to mixedHJB 15M,Loss/RL,8.6500000,0.00512874257
PIRL lineage to mixedHJB 15M,Loss/RL,8.6700000,0.0047736438
PIRL lineage to mixedHJB 15M,Loss/RL,8.6900000,0.00608522864
PIRL lineage to mixedHJB 15M,Loss/RL,8.7100000,0.00538701518
PIRL lineage to mixedHJB 15M,Loss/RL,8.7300000,0.00582040679
PIRL lineage to mixedHJB 15M,Loss/RL,8.7500000,0.005776772
PIRL lineage to mixedHJB 15M,Loss/RL,8.7700000,0.00608218797
PIRL lineage to mixedHJB 15M,Loss/RL,8.7900000,0.00622171592
PIRL lineage to mixedHJB 15M,Loss/RL,8.8100000,0.00572580867
PIRL lineage to mixedHJB 15M,Loss/RL,8.8300000,0.00574903158
PIRL lineage to mixedHJB 15M,Loss/RL,8.8500000,0.00662232223
PIRL lineage to mixedHJB 15M,Loss/RL,8.8700000,0.00648319707
PIRL lineage to mixedHJB 15M,Loss/RL,8.8900000,0.00536667597
PIRL lineage to mixedHJB 15M,Loss/RL,8.9100000,0.00538445916
PIRL lineage to mixedHJB 15M,Loss/RL,8.9300000,0.00530173797
PIRL lineage to mixedHJB 15M,Loss/RL,8.9500000,0.00457311189
PIRL lineage to mixedHJB 15M,Loss/RL,8.9700000,0.00435995702
PIRL lineage to mixedHJB 15M,Loss/RL,8.9900000,0.004214672
PIRL lineage to mixedHJB 15M,Loss/RL,9.0100000,0.00536770839
PIRL lineage to mixedHJB 15M,Loss/RL,9.0300000,0.00499006235
PIRL lineage to mixedHJB 15M,Loss/RL,9.0500000,0.00507972348
PIRL lineage to mixedHJB 15M,Loss/RL,9.0700000,0.00488896365
PIRL lineage to mixedHJB 15M,Loss/RL,9.0900000,0.0054535869
PIRL lineage to mixedHJB 15M,Loss/RL,9.1100000,0.00409742715
PIRL lineage to mixedHJB 15M,Loss/RL,9.1300000,0.00502584022
PIRL lineage to mixedHJB 15M,Loss/RL,9.1500000,0.00581749124
PIRL lineage to mixedHJB 15M,Loss/RL,9.1700000,0.00660606301
PIRL lineage to mixedHJB 15M,Loss/RL,9.1900000,0.00596368327
PIRL lineage to mixedHJB 15M,Loss/RL,9.2100000,0.00626999009
PIRL lineage to mixedHJB 15M,Loss/RL,9.2300000,0.00567188328
PIRL lineage to mixedHJB 15M,Loss/RL,9.2500000,0.0047541515
PIRL lineage to mixedHJB 15M,Loss/RL,9.2700000,0.00409873379
PIRL lineage to mixedHJB 15M,Loss/RL,9.2900000,0.00417205822
PIRL lineage to mixedHJB 15M,Loss/RL,9.3100000,0.00468288865
PIRL lineage to mixedHJB 15M,Loss/RL,9.3300000,0.00558819035
PIRL lineage to mixedHJB 15M,Loss/RL,9.3500000,0.00552707384
PIRL lineage to mixedHJB 15M,Loss/RL,9.3700000,0.0058622926
PIRL lineage to mixedHJB 15M,Loss/RL,9.3900000,0.00612347391
PIRL lineage to mixedHJB 15M,Loss/RL,9.4100000,0.00602020216
PIRL lineage to mixedHJB 15M,Loss/RL,9.4300000,0.0062748835
PIRL lineage to mixedHJB 15M,Loss/RL,9.4500000,0.00623214412
PIRL lineage to mixedHJB 15M,Loss/RL,9.4700000,0.00570475729
PIRL lineage to mixedHJB 15M,Loss/RL,9.4900000,0.00523565039
PIRL lineage to mixedHJB 15M,Loss/RL,9.5100000,0.00558769833
PIRL lineage to mixedHJB 15M,Loss/RL,9.5300000,0.00482866187
PIRL lineage to mixedHJB 15M,Loss/RL,9.5500000,0.00507720867
PIRL lineage to mixedHJB 15M,Loss/RL,9.5700000,0.00625157151
PIRL lineage to mixedHJB 15M,Loss/RL,9.5900000,0.00686484501
PIRL lineage to mixedHJB 15M,Loss/RL,9.6100000,0.00685379524
PIRL lineage to mixedHJB 15M,Loss/RL,9.6300000,0.00690944698
PIRL lineage to mixedHJB 15M,Loss/RL,9.6500000,0.00722289626
PIRL lineage to mixedHJB 15M,Loss/RL,9.6700000,0.00602789768
PIRL lineage to mixedHJB 15M,Loss/RL,9.6900000,0.00576704876
PIRL lineage to mixedHJB 15M,Loss/RL,9.7100000,0.00501141208
PIRL lineage to mixedHJB 15M,Loss/RL,9.7300000,0.00478733354
PIRL lineage to mixedHJB 15M,Loss/RL,9.7500000,0.00598997525
PIRL lineage to mixedHJB 15M,Loss/RL,9.7700000,0.00628514839
PIRL lineage to mixedHJB 15M,Loss/RL,9.7900000,0.00637835376
PIRL lineage to mixedHJB 15M,Loss/RL,9.8100000,0.00668597957
PIRL lineage to mixedHJB 15M,Loss/RL,9.8300000,0.00671296129
PIRL lineage to mixedHJB 15M,Loss/RL,9.8500000,0.00611919323
PIRL lineage to mixedHJB 15M,Loss/RL,9.8700000,0.00664600329
PIRL lineage to mixedHJB 15M,Loss/RL,9.8900000,0.00627117576
PIRL lineage to mixedHJB 15M,Loss/RL,9.9100000,0.00596415
PIRL lineage to mixedHJB 15M,Loss/RL,9.9300000,0.00618739538
PIRL lineage to mixedHJB 15M,Loss/RL,9.9500000,0.00506529817
PIRL lineage to mixedHJB 15M,Loss/RL,9.9700000,0.00436574891
PIRL lineage to mixedHJB 15M,Loss/RL,9.9900000,0.00442271652
PIRL lineage to mixedHJB 15M,Loss/RL,10.0100000,0.00568333939
PIRL lineage to mixedHJB 15M,Loss/RL,10.0300000,0.00645227637
PIRL lineage to mixedHJB 15M,Loss/RL,10.0500000,0.0061162224
PIRL lineage to mixedHJB 15M,Loss/RL,10.0700000,0.0078439761
PIRL lineage to mixedHJB 15M,Loss/RL,10.0900000,0.00761174876
PIRL lineage to mixedHJB 15M,Loss/RL,10.1100000,0.00639179833
PIRL lineage to mixedHJB 15M,Loss/RL,10.1300000,0.00589843122
PIRL lineage to mixedHJB 15M,Loss/RL,10.1500000,0.00673981784
PIRL lineage to mixedHJB 15M,Loss/RL,10.1700000,0.00496386718
PIRL lineage to mixedHJB 15M,Loss/RL,10.1900000,0.00505698398
PIRL lineage to mixedHJB 15M,Loss/RL,10.2100000,0.00631914511
PIRL lineage to mixedHJB 15M,Loss/RL,10.2300000,0.00644435911
PIRL lineage to mixedHJB 15M,Loss/RL,10.2500000,0.00548143252
PIRL lineage to mixedHJB 15M,Loss/RL,10.2700000,0.0078726253
PIRL lineage to mixedHJB 15M,Loss/RL,10.2900000,0.00924881906
PIRL lineage to mixedHJB 15M,Loss/RL,10.3100000,0.00820347634
PIRL lineage to mixedHJB 15M,Loss/RL,10.3300000,0.00749492864
PIRL lineage to mixedHJB 15M,Loss/RL,10.3500000,0.00760686928
PIRL lineage to mixedHJB 15M,Loss/RL,10.3700000,0.00553641319
PIRL lineage to mixedHJB 15M,Loss/RL,10.3900000,0.00411318019
PIRL lineage to mixedHJB 15M,Loss/RL,10.4100000,0.00498741381
PIRL lineage to mixedHJB 15M,Loss/RL,10.4300000,0.0057017562
PIRL lineage to mixedHJB 15M,Loss/RL,10.4500000,0.0068101299
PIRL lineage to mixedHJB 15M,Loss/RL,10.4700000,0.00623098202
PIRL lineage to mixedHJB 15M,Loss/RL,10.4900000,0.00677720858
PIRL lineage to mixedHJB 15M,Loss/RL,10.5100000,0.006348617
PIRL lineage to mixedHJB 15M,Loss/RL,10.5300000,0.00550345276
PIRL lineage to mixedHJB 15M,Loss/RL,10.5500000,0.00432019578
PIRL lineage to mixedHJB 15M,Loss/RL,10.5700000,0.00484825717
PIRL lineage to mixedHJB 15M,Loss/RL,10.5900000,0.00469629169
PIRL lineage to mixedHJB 15M,Loss/RL,10.6100000,0.00458775936
PIRL lineage to mixedHJB 15M,Loss/RL,10.6300000,0.00539783677
PIRL lineage to mixedHJB 15M,Loss/RL,10.6500000,0.0059211595
PIRL lineage to mixedHJB 15M,Loss/RL,10.6700000,0.00509388966
PIRL lineage to mixedHJB 15M,Loss/RL,10.6900000,0.00519535129
PIRL lineage to mixedHJB 15M,Loss/RL,10.7100000,0.00457219684
PIRL lineage to mixedHJB 15M,Loss/RL,10.7300000,0.00522016732
PIRL lineage to mixedHJB 15M,Loss/RL,10.7500000,0.00551032133
PIRL lineage to mixedHJB 15M,Loss/RL,10.7700000,0.00630669519
PIRL lineage to mixedHJB 15M,Loss/RL,10.7900000,0.00593060171
PIRL lineage to mixedHJB 15M,Loss/RL,10.8100000,0.00583921392
PIRL lineage to mixedHJB 15M,Loss/RL,10.8300000,0.00478150863
PIRL lineage to mixedHJB 15M,Loss/RL,10.8500000,0.00430751238
PIRL lineage to mixedHJB 15M,Loss/RL,10.8700000,0.00459001726
PIRL lineage to mixedHJB 15M,Loss/RL,10.8900000,0.0047453681
PIRL lineage to mixedHJB 15M,Loss/RL,10.9100000,0.00504361996
PIRL lineage to mixedHJB 15M,Loss/RL,10.9300000,0.00515895048
PIRL lineage to mixedHJB 15M,Loss/RL,10.9500000,0.00481823296
PIRL lineage to mixedHJB 15M,Loss/RL,10.9700000,0.0039555138
PIRL lineage to mixedHJB 15M,Loss/RL,10.9900000,0.00356388404
PIRL lineage to mixedHJB 15M,Loss/RL,11.0100000,0.00318982247
PIRL lineage to mixedHJB 15M,Loss/RL,11.0300000,0.00344582601
PIRL lineage to mixedHJB 15M,Loss/RL,11.0500000,0.0035045566
PIRL lineage to mixedHJB 15M,Loss/RL,11.0700000,0.00537574203
PIRL lineage to mixedHJB 15M,Loss/RL,11.0900000,0.00547337048
PIRL lineage to mixedHJB 15M,Loss/RL,11.1100000,0.00571370288
PIRL lineage to mixedHJB 15M,Loss/RL,11.1300000,0.00507275346
PIRL lineage to mixedHJB 15M,Loss/RL,11.1500000,0.00551185943
PIRL lineage to mixedHJB 15M,Loss/RL,11.1700000,0.00388598032
PIRL lineage to mixedHJB 15M,Loss/RL,11.1900000,0.00363251837
PIRL lineage to mixedHJB 15M,Loss/RL,11.2100000,0.00416377736
PIRL lineage to mixedHJB 15M,Loss/RL,11.2300000,0.00443768501
PIRL lineage to mixedHJB 15M,Loss/RL,11.2500000,0.0043051105
PIRL lineage to mixedHJB 15M,Loss/RL,11.2700000,0.00443070233
PIRL lineage to mixedHJB 15M,Loss/RL,11.2900000,0.00452033337
PIRL lineage to mixedHJB 15M,Loss/RL,11.3100000,0.00390020804
PIRL lineage to mixedHJB 15M,Loss/RL,11.3300000,0.00383597761
PIRL lineage to mixedHJB 15M,Loss/RL,11.3500000,0.00388865769
PIRL lineage to mixedHJB 15M,Loss/RL,11.3700000,0.00412655529
PIRL lineage to mixedHJB 15M,Loss/RL,11.3900000,0.00545099787
PIRL lineage to mixedHJB 15M,Loss/RL,11.4100000,0.00628466569
PIRL lineage to mixedHJB 15M,Loss/RL,11.4300000,0.0066752404
PIRL lineage to mixedHJB 15M,Loss/RL,11.4500000,0.00731585007
PIRL lineage to mixedHJB 15M,Loss/RL,11.4700000,0.00671062749
PIRL lineage to mixedHJB 15M,Loss/RL,11.4900000,0.00655909311
PIRL lineage to mixedHJB 15M,Loss/RL,11.5100000,0.00594825144
PIRL lineage to mixedHJB 15M,Loss/RL,11.5300000,0.0060511041
PIRL lineage to mixedHJB 15M,Loss/RL,11.5500000,0.00506082284
PIRL lineage to mixedHJB 15M,Loss/RL,11.5700000,0.00540995556
PIRL lineage to mixedHJB 15M,Loss/RL,11.5900000,0.00493486584
PIRL lineage to mixedHJB 15M,Loss/RL,11.6100000,0.00544436285
PIRL lineage to mixedHJB 15M,Loss/RL,11.6300000,0.00482218368
PIRL lineage to mixedHJB 15M,Loss/RL,11.6500000,0.00471286634
PIRL lineage to mixedHJB 15M,Loss/RL,11.6700000,0.00553601617
PIRL lineage to mixedHJB 15M,Loss/RL,11.6900000,0.00504543036
PIRL lineage to mixedHJB 15M,Loss/RL,11.7100000,0.00512205623
PIRL lineage to mixedHJB 15M,Loss/RL,11.7300000,0.00494555132
PIRL lineage to mixedHJB 15M,Loss/RL,11.7500000,0.00531494431
PIRL lineage to mixedHJB 15M,Loss/RL,11.7700000,0.00432384796
PIRL lineage to mixedHJB 15M,Loss/RL,11.7900000,0.0040042215
PIRL lineage to mixedHJB 15M,Loss/RL,11.8100000,0.00365107693
PIRL lineage to mixedHJB 15M,Loss/RL,11.8300000,0.00445247404
PIRL lineage to mixedHJB 15M,Loss/RL,11.8500000,0.00571180871
PIRL lineage to mixedHJB 15M,Loss/RL,11.8700000,0.00586339645
PIRL lineage to mixedHJB 15M,Loss/RL,11.8900000,0.00658081761
PIRL lineage to mixedHJB 15M,Loss/RL,11.9100000,0.00707629053
PIRL lineage to mixedHJB 15M,Loss/RL,11.9300000,0.00709121879
PIRL lineage to mixedHJB 15M,Loss/RL,11.9500000,0.00684507992
PIRL lineage to mixedHJB 15M,Loss/RL,11.9700000,0.00698831277
PIRL lineage to mixedHJB 15M,Loss/RL,11.9900000,0.00629460807
PIRL lineage to mixedHJB 15M,Loss/RL,12.0100000,0.00609673145
PIRL lineage to mixedHJB 15M,Loss/RL,12.0300000,0.00536560044
PIRL lineage to mixedHJB 15M,Loss/RL,12.0500000,0.00402504699
PIRL lineage to mixedHJB 15M,Loss/RL,12.0700000,0.00338103923
PIRL lineage to mixedHJB 15M,Loss/RL,12.0900000,0.00414674531
PIRL lineage to mixedHJB 15M,Loss/RL,12.1100000,0.00353030458
PIRL lineage to mixedHJB 15M,Loss/RL,12.1300000,0.003758257
PIRL lineage to mixedHJB 15M,Loss/RL,12.1500000,0.00390991413
PIRL lineage to mixedHJB 15M,Loss/RL,12.1700000,0.00480807889
PIRL lineage to mixedHJB 15M,Loss/RL,12.1900000,0.00437216805
PIRL lineage to mixedHJB 15M,Loss/RL,12.2100000,0.00527908178
PIRL lineage to mixedHJB 15M,Loss/RL,12.2300000,0.00665923478
PIRL lineage to mixedHJB 15M,Loss/RL,12.2500000,0.00737976823
PIRL lineage to mixedHJB 15M,Loss/RL,12.2700000,0.00717288796
PIRL lineage to mixedHJB 15M,Loss/RL,12.2900000,0.0079428358
PIRL lineage to mixedHJB 15M,Loss/RL,12.3100000,0.00728285778
PIRL lineage to mixedHJB 15M,Loss/RL,12.3300000,0.00603471706
PIRL lineage to mixedHJB 15M,Loss/RL,12.3500000,0.00566126918
PIRL lineage to mixedHJB 15M,Loss/RL,12.3700000,0.00644978462
PIRL lineage to mixedHJB 15M,Loss/RL,12.3900000,0.00540346974
PIRL lineage to mixedHJB 15M,Loss/RL,12.4100000,0.00525045865
PIRL lineage to mixedHJB 15M,Loss/RL,12.4300000,0.00462664522
PIRL lineage to mixedHJB 15M,Loss/RL,12.4500000,0.00423592885
PIRL lineage to mixedHJB 15M,Loss/RL,12.4700000,0.00330173697
PIRL lineage to mixedHJB 15M,Loss/RL,12.4900000,0.0039658583
PIRL lineage to mixedHJB 15M,Loss/RL,12.5100000,0.00545433809
PIRL lineage to mixedHJB 15M,Loss/RL,12.5300000,0.00581339835
PIRL lineage to mixedHJB 15M,Loss/RL,12.5500000,0.00699905534
PIRL lineage to mixedHJB 15M,Loss/RL,12.5700000,0.00663063326
PIRL lineage to mixedHJB 15M,Loss/RL,12.5900000,0.00615914897
PIRL lineage to mixedHJB 15M,Loss/RL,12.6100000,0.00469598765
PIRL lineage to mixedHJB 15M,Loss/RL,12.6300000,0.00585304461
PIRL lineage to mixedHJB 15M,Loss/RL,12.6500000,0.00512462556
PIRL lineage to mixedHJB 15M,Loss/RL,12.6700000,0.0054949726
PIRL lineage to mixedHJB 15M,Loss/RL,12.6900000,0.00576354126
PIRL lineage to mixedHJB 15M,Loss/RL,12.7100000,0.00548223192
PIRL lineage to mixedHJB 15M,Loss/RL,12.7300000,0.00426542712
PIRL lineage to mixedHJB 15M,Loss/RL,12.7500000,0.00400875313
PIRL lineage to mixedHJB 15M,Loss/RL,12.7700000,0.00480687125
PIRL lineage to mixedHJB 15M,Loss/RL,12.7900000,0.00469127297
PIRL lineage to mixedHJB 15M,Loss/RL,12.8100000,0.00493666437
PIRL lineage to mixedHJB 15M,Loss/RL,12.8300000,0.00513620833
PIRL lineage to mixedHJB 15M,Loss/RL,12.8500000,0.00500968914
PIRL lineage to mixedHJB 15M,Loss/RL,12.8700000,0.00394640714
PIRL lineage to mixedHJB 15M,Loss/RL,12.8900000,0.00397256995
PIRL lineage to mixedHJB 15M,Loss/RL,12.9100000,0.00407741051
PIRL lineage to mixedHJB 15M,Loss/RL,12.9300000,0.00411108304
PIRL lineage to mixedHJB 15M,Loss/RL,12.9500000,0.00432461039
PIRL lineage to mixedHJB 15M,Loss/RL,12.9700000,0.00428199545
PIRL lineage to mixedHJB 15M,Loss/RL,12.9900000,0.00468505723
PIRL lineage to mixedHJB 15M,Loss/RL,13.0100000,0.00530173602
PIRL lineage to mixedHJB 15M,Loss/RL,13.0300000,0.00513728308
PIRL lineage to mixedHJB 15M,Loss/RL,13.0500000,0.00533240102
PIRL lineage to mixedHJB 15M,Loss/RL,13.0700000,0.00673212167
PIRL lineage to mixedHJB 15M,Loss/RL,13.0900000,0.00672296118
PIRL lineage to mixedHJB 15M,Loss/RL,13.1100000,0.00601507807
PIRL lineage to mixedHJB 15M,Loss/RL,13.1300000,0.00598799316
PIRL lineage to mixedHJB 15M,Loss/RL,13.1500000,0.00532072345
PIRL lineage to mixedHJB 15M,Loss/RL,13.1700000,0.0041811361
PIRL lineage to mixedHJB 15M,Loss/RL,13.1900000,0.00454049073
PIRL lineage to mixedHJB 15M,Loss/RL,13.2100000,0.00508906376
PIRL lineage to mixedHJB 15M,Loss/RL,13.2300000,0.00486994945
PIRL lineage to mixedHJB 15M,Loss/RL,13.2500000,0.00543553503
PIRL lineage to mixedHJB 15M,Loss/RL,13.2700000,0.00554827964
PIRL lineage to mixedHJB 15M,Loss/RL,13.2900000,0.00487622106
PIRL lineage to mixedHJB 15M,Loss/RL,13.3100000,0.00414354037
PIRL lineage to mixedHJB 15M,Loss/RL,13.3300000,0.00485664224
PIRL lineage to mixedHJB 15M,Loss/RL,13.3500000,0.00473013381
PIRL lineage to mixedHJB 15M,Loss/RL,13.3700000,0.00434823856
PIRL lineage to mixedHJB 15M,Loss/RL,13.3900000,0.00380634265
PIRL lineage to mixedHJB 15M,Loss/RL,13.4100000,0.00401801215
PIRL lineage to mixedHJB 15M,Loss/RL,13.4300000,0.00355275031
PIRL lineage to mixedHJB 15M,Loss/RL,13.4500000,0.00549848145
PIRL lineage to mixedHJB 15M,Loss/RL,13.4700000,0.00694374777
PIRL lineage to mixedHJB 15M,Loss/RL,13.4900000,0.00930734677
PIRL lineage to mixedHJB 15M,Loss/RL,13.5100000,0.00931559103
PIRL lineage to mixedHJB 15M,Loss/RL,13.5300000,0.009462809
PIRL lineage to mixedHJB 15M,Loss/RL,13.5500000,0.00820029546
PIRL lineage to mixedHJB 15M,Loss/RL,13.5700000,0.00770938154
PIRL lineage to mixedHJB 15M,Loss/RL,13.5900000,0.00583367143
PIRL lineage to mixedHJB 15M,Loss/RL,13.6100000,0.00614316342
PIRL lineage to mixedHJB 15M,Loss/RL,13.6300000,0.00557282963
PIRL lineage to mixedHJB 15M,Loss/RL,13.6500000,0.00468433476
PIRL lineage to mixedHJB 15M,Loss/RL,13.6700000,0.00390219516
PIRL lineage to mixedHJB 15M,Loss/RL,13.6900000,0.00330839674
PIRL lineage to mixedHJB 15M,Loss/RL,13.7100000,0.00280080386
PIRL lineage to mixedHJB 15M,Loss/RL,13.7300000,0.00315773385
PIRL lineage to mixedHJB 15M,Loss/RL,13.7500000,0.00314184981
PIRL lineage to mixedHJB 15M,Loss/RL,13.7700000,0.0031943033
PIRL lineage to mixedHJB 15M,Loss/RL,13.7900000,0.00353394123
PIRL lineage to mixedHJB 15M,Loss/RL,13.8100000,0.00355016817
PIRL lineage to mixedHJB 15M,Loss/RL,13.8300000,0.00383606232
PIRL lineage to mixedHJB 15M,Loss/RL,13.8500000,0.00452813022
PIRL lineage to mixedHJB 15M,Loss/RL,13.8700000,0.00560148777
PIRL lineage to mixedHJB 15M,Loss/RL,13.8900000,0.00542637208
PIRL lineage to mixedHJB 15M,Loss/RL,13.9100000,0.00573819699
PIRL lineage to mixedHJB 15M,Loss/RL,13.9300000,0.0056324536
PIRL lineage to mixedHJB 15M,Loss/RL,13.9500000,0.00561217684
PIRL lineage to mixedHJB 15M,Loss/RL,13.9700000,0.00397210927
PIRL lineage to mixedHJB 15M,Loss/RL,13.9900000,0.00457473123
PIRL lineage to mixedHJB 15M,Loss/RL,14.0100000,0.00461719795
PIRL lineage to mixedHJB 15M,Loss/RL,14.0300000,0.00418964396
PIRL lineage to mixedHJB 15M,Loss/RL,14.0500000,0.00345299398
PIRL lineage to mixedHJB 15M,Loss/RL,14.0700000,0.0039641622
PIRL lineage to mixedHJB 15M,Loss/RL,14.0900000,0.0032783296
PIRL lineage to mixedHJB 15M,Loss/RL,14.1100000,0.00339057315
PIRL lineage to mixedHJB 15M,Loss/RL,14.1300000,0.0035683617
PIRL lineage to mixedHJB 15M,Loss/RL,14.1500000,0.00380878439
PIRL lineage to mixedHJB 15M,Loss/RL,14.1700000,0.00436580325
PIRL lineage to mixedHJB 15M,Loss/RL,14.1900000,0.00527549656
PIRL lineage to mixedHJB 15M,Loss/RL,14.2100000,0.0053633621
PIRL lineage to mixedHJB 15M,Loss/RL,14.2300000,0.00603488507
PIRL lineage to mixedHJB 15M,Loss/RL,14.2500000,0.00714665493
PIRL lineage to mixedHJB 15M,Loss/RL,14.2700000,0.00674011363
PIRL lineage to mixedHJB 15M,Loss/RL,14.2900000,0.00585773615
PIRL lineage to mixedHJB 15M,Loss/RL,14.3100000,0.00550678903
PIRL lineage to mixedHJB 15M,Loss/RL,14.3300000,0.00520264488
PIRL lineage to mixedHJB 15M,Loss/RL,14.3500000,0.00414048145
PIRL lineage to mixedHJB 15M,Loss/RL,14.3700000,0.00375417378
PIRL lineage to mixedHJB 15M,Loss/RL,14.3900000,0.00396906082
PIRL lineage to mixedHJB 15M,Loss/RL,14.4100000,0.00354352244
PIRL lineage to mixedHJB 15M,Loss/RL,14.4300000,0.00302783013
PIRL lineage to mixedHJB 15M,Loss/RL,14.4500000,0.00248993249
PIRL lineage to mixedHJB 15M,Loss/RL,14.4700000,0.00296131396
PIRL lineage to mixedHJB 15M,Loss/RL,14.4900000,0.00288004228
PIRL lineage to mixedHJB 15M,Loss/RL,14.5100000,0.00364252627
PIRL lineage to mixedHJB 15M,Loss/RL,14.5300000,0.00386792291
PIRL lineage to mixedHJB 15M,Loss/RL,14.5500000,0.00448463513
PIRL lineage to mixedHJB 15M,Loss/RL,14.5700000,0.00402125595
PIRL lineage to mixedHJB 15M,Loss/RL,14.5900000,0.00382072618
PIRL lineage to mixedHJB 15M,Loss/RL,14.6100000,0.00480512893
PIRL lineage to mixedHJB 15M,Loss/RL,14.6300000,0.00455390234
PIRL lineage to mixedHJB 15M,Loss/RL,14.6500000,0.00427421853
PIRL lineage to mixedHJB 15M,Loss/RL,14.6700000,0.0044843467
PIRL lineage to mixedHJB 15M,Loss/RL,14.6900000,0.00500361277
PIRL lineage to mixedHJB 15M,Loss/RL,14.7100000,0.00410300931
PIRL lineage to mixedHJB 15M,Loss/RL,14.7300000,0.00468294788
PIRL lineage to mixedHJB 15M,Loss/RL,14.7500000,0.00567697641
PIRL lineage to mixedHJB 15M,Loss/RL,14.7700000,0.00576428361
PIRL lineage to mixedHJB 15M,Loss/RL,14.7900000,0.00537267458
PIRL lineage to mixedHJB 15M,Loss/RL,14.8100000,0.00528247859
PIRL lineage to mixedHJB 15M,Loss/RL,14.8300000,0.00467013991
PIRL lineage to mixedHJB 15M,Loss/RL,14.8500000,0.00341999792
PIRL lineage to mixedHJB 15M,Loss/RL,14.8700000,0.00318306908
PIRL lineage to mixedHJB 15M,Loss/RL,14.8900000,0.00361130703
PIRL lineage to mixedHJB 15M,Loss/RL,14.9100000,0.00406241547
PIRL lineage to mixedHJB 15M,Loss/RL,14.9300000,0.00457940684
PIRL lineage to mixedHJB 15M,Loss/RL,14.9500000,0.00509126987
PIRL lineage to mixedHJB 15M,Loss/RL,14.9700000,0.00541344276
PIRL lineage to mixedHJB 15M,Loss/RL,14.9900000,0.00533437002
TD3 fixedT baseline,Loss/RL,0.0100000,0.0123827239
TD3 fixedT baseline,Loss/RL,0.0300000,0.0123056756
TD3 fixedT baseline,Loss/RL,0.0500000,0.0128786137
TD3 fixedT baseline,Loss/RL,0.0700000,0.0124820245
TD3 fixedT baseline,Loss/RL,0.0900000,0.0108611336
TD3 fixedT baseline,Loss/RL,0.1100000,0.00900370518
TD3 fixedT baseline,Loss/RL,0.1300000,0.00729257322
TD3 fixedT baseline,Loss/RL,0.1500000,0.00506417446
TD3 fixedT baseline,Loss/RL,0.1700000,0.00743544691
TD3 fixedT baseline,Loss/RL,0.1900000,0.00593619992
TD3 fixedT baseline,Loss/RL,0.2100000,0.00626434586
TD3 fixedT baseline,Loss/RL,0.2300000,0.00637942366
TD3 fixedT baseline,Loss/RL,0.2500000,0.00851316038
TD3 fixedT baseline,Loss/RL,0.2700000,0.00672786697
TD3 fixedT baseline,Loss/RL,0.2900000,0.00870699841
TD3 fixedT baseline,Loss/RL,0.3100000,0.00895703412
TD3 fixedT baseline,Loss/RL,0.3300000,0.0100371851
TD3 fixedT baseline,Loss/RL,0.3500000,0.00810046368
TD3 fixedT baseline,Loss/RL,0.3700000,0.00759344646
TD3 fixedT baseline,Loss/RL,0.3900000,0.00513747159
TD3 fixedT baseline,Loss/RL,0.4100000,0.00605797177
TD3 fixedT baseline,Loss/RL,0.4300000,0.00578698727
TD3 fixedT baseline,Loss/RL,0.4500000,0.00517343326
TD3 fixedT baseline,Loss/RL,0.4700000,0.00370359864
TD3 fixedT baseline,Loss/RL,0.4900000,0.00366385379
TD3 fixedT baseline,Loss/RL,0.5100000,0.00324279708
TD3 fixedT baseline,Loss/RL,0.5300000,0.0025634035
TD3 fixedT baseline,Loss/RL,0.5500000,0.00264245756
TD3 fixedT baseline,Loss/RL,0.5700000,0.00260894066
TD3 fixedT baseline,Loss/RL,0.5900000,0.00411019656
TD3 fixedT baseline,Loss/RL,0.6100000,0.00474426518
TD3 fixedT baseline,Loss/RL,0.6300000,0.00428202087
TD3 fixedT baseline,Loss/RL,0.6500000,0.00735325967
TD3 fixedT baseline,Loss/RL,0.6700000,0.00828760606
TD3 fixedT baseline,Loss/RL,0.6900000,0.00799300107
TD3 fixedT baseline,Loss/RL,0.7100000,0.00719504165
TD3 fixedT baseline,Loss/RL,0.7300000,0.00904282788
TD3 fixedT baseline,Loss/RL,0.7500000,0.00667289197
TD3 fixedT baseline,Loss/RL,0.7700000,0.00709963031
TD3 fixedT baseline,Loss/RL,0.7900000,0.00732337227
TD3 fixedT baseline,Loss/RL,0.8100000,0.0071399753
TD3 fixedT baseline,Loss/RL,0.8300000,0.0063364883
TD3 fixedT baseline,Loss/RL,0.8500000,0.00624270225
TD3 fixedT baseline,Loss/RL,0.8700000,0.00566413654
TD3 fixedT baseline,Loss/RL,0.8900000,0.00506146988
TD3 fixedT baseline,Loss/RL,0.9100000,0.00562146837
TD3 fixedT baseline,Loss/RL,0.9300000,0.00520851472
TD3 fixedT baseline,Loss/RL,0.9500000,0.00519117266
TD3 fixedT baseline,Loss/RL,0.9700000,0.00507073738
TD3 fixedT baseline,Loss/RL,0.9900000,0.0048256191
TD3 fixedT baseline,Loss/RL,1.0100000,0.0041018534
TD3 fixedT baseline,Loss/RL,1.0300000,0.0039240493
TD3 fixedT baseline,Loss/RL,1.0500000,0.003855957
TD3 fixedT baseline,Loss/RL,1.0700000,0.00327678518
TD3 fixedT baseline,Loss/RL,1.0900000,0.00309885279
TD3 fixedT baseline,Loss/RL,1.1100000,0.00303662992
TD3 fixedT baseline,Loss/RL,1.1300000,0.00297085471
TD3 fixedT baseline,Loss/RL,1.1500000,0.00397007493
TD3 fixedT baseline,Loss/RL,1.1700000,0.00397788691
TD3 fixedT baseline,Loss/RL,1.1900000,0.00431501647
TD3 fixedT baseline,Loss/RL,1.2100000,0.00443743449
TD3 fixedT baseline,Loss/RL,1.2300000,0.00482318401
TD3 fixedT baseline,Loss/RL,1.2500000,0.00352283749
TD3 fixedT baseline,Loss/RL,1.2700000,0.00356277297
TD3 fixedT baseline,Loss/RL,1.2900000,0.00321254749
TD3 fixedT baseline,Loss/RL,1.3100000,0.00339974114
TD3 fixedT baseline,Loss/RL,1.3300000,0.00300244386
TD3 fixedT baseline,Loss/RL,1.3500000,0.00317933066
TD3 fixedT baseline,Loss/RL,1.3700000,0.00313917878
TD3 fixedT baseline,Loss/RL,1.3900000,0.00350614823
TD3 fixedT baseline,Loss/RL,1.4100000,0.00342975417
TD3 fixedT baseline,Loss/RL,1.4300000,0.00415760884
TD3 fixedT baseline,Loss/RL,1.4500000,0.00461847261
TD3 fixedT baseline,Loss/RL,1.4700000,0.00467030471
TD3 fixedT baseline,Loss/RL,1.4900000,0.00459087072
TD3 fixedT baseline,Loss/RL,1.5100000,0.00476260157
TD3 fixedT baseline,Loss/RL,1.5300000,0.00386846401
TD3 fixedT baseline,Loss/RL,1.5500000,0.00342563512
TD3 fixedT baseline,Loss/RL,1.5700000,0.00365552763
TD3 fixedT baseline,Loss/RL,1.5900000,0.00333747952
TD3 fixedT baseline,Loss/RL,1.6100000,0.00304177506
TD3 fixedT baseline,Loss/RL,1.6300000,0.00289403007
TD3 fixedT baseline,Loss/RL,1.6500000,0.00287202939
TD3 fixedT baseline,Loss/RL,1.6700000,0.00262562295
TD3 fixedT baseline,Loss/RL,1.6900000,0.00242290292
TD3 fixedT baseline,Loss/RL,1.7100000,0.00207474404
TD3 fixedT baseline,Loss/RL,1.7300000,0.00275367342
TD3 fixedT baseline,Loss/RL,1.7500000,0.00306419691
TD3 fixedT baseline,Loss/RL,1.7700000,0.00317171121
TD3 fixedT baseline,Loss/RL,1.7900000,0.00391659038
TD3 fixedT baseline,Loss/RL,1.8100000,0.0042699568
TD3 fixedT baseline,Loss/RL,1.8300000,0.00403674236
TD3 fixedT baseline,Loss/RL,1.8500000,0.00398419136
TD3 fixedT baseline,Loss/RL,1.8700000,0.00441856589
TD3 fixedT baseline,Loss/RL,1.8900000,0.0038976714
TD3 fixedT baseline,Loss/RL,1.9100000,0.00340964997
TD3 fixedT baseline,Loss/RL,1.9300000,0.00308128686
TD3 fixedT baseline,Loss/RL,1.9500000,0.00246687389
TD3 fixedT baseline,Loss/RL,1.9700000,0.00236819822
TD3 fixedT baseline,Loss/RL,1.9900000,0.00222314934
TD3 fixedT baseline,Loss/RL,2.0100000,0.00352591821
TD3 fixedT baseline,Loss/RL,2.0300000,0.00369960978
TD3 fixedT baseline,Loss/RL,2.0500000,0.00398883843
TD3 fixedT baseline,Loss/RL,2.0700000,0.0036030476
TD3 fixedT baseline,Loss/RL,2.0900000,0.00364360358
TD3 fixedT baseline,Loss/RL,2.1100000,0.0025690583
TD3 fixedT baseline,Loss/RL,2.1300000,0.00292195245
TD3 fixedT baseline,Loss/RL,2.1500000,0.00284182103
TD3 fixedT baseline,Loss/RL,2.1700000,0.00272907554
TD3 fixedT baseline,Loss/RL,2.1900000,0.00283339578
TD3 fixedT baseline,Loss/RL,2.2100000,0.00327841858
TD3 fixedT baseline,Loss/RL,2.2300000,0.00296996888
TD3 fixedT baseline,Loss/RL,2.2500000,0.00313089984
TD3 fixedT baseline,Loss/RL,2.2700000,0.00289956015
TD3 fixedT baseline,Loss/RL,2.2900000,0.00373936221
TD3 fixedT baseline,Loss/RL,2.3100000,0.00448361002
TD3 fixedT baseline,Loss/RL,2.3300000,0.0048844134
TD3 fixedT baseline,Loss/RL,2.3500000,0.00520610157
TD3 fixedT baseline,Loss/RL,2.3700000,0.00566373323
TD3 fixedT baseline,Loss/RL,2.3900000,0.00492877397
TD3 fixedT baseline,Loss/RL,2.4100000,0.00385114597
TD3 fixedT baseline,Loss/RL,2.4300000,0.00315162307
TD3 fixedT baseline,Loss/RL,2.4500000,0.00283126151
TD3 fixedT baseline,Loss/RL,2.4700000,0.00242171043
TD3 fixedT baseline,Loss/RL,2.4900000,0.00238802375
TD3 fixedT baseline,Loss/RL,2.5100000,0.00286189078
TD3 fixedT baseline,Loss/RL,2.5300000,0.00323354478
TD3 fixedT baseline,Loss/RL,2.5500000,0.00327419576
TD3 fixedT baseline,Loss/RL,2.5700000,0.00362242777
TD3 fixedT baseline,Loss/RL,2.5900000,0.00381759517
TD3 fixedT baseline,Loss/RL,2.6100000,0.00339593254
TD3 fixedT baseline,Loss/RL,2.6300000,0.00303763407
TD3 fixedT baseline,Loss/RL,2.6500000,0.00279454179
TD3 fixedT baseline,Loss/RL,2.6700000,0.00237769999
TD3 fixedT baseline,Loss/RL,2.6900000,0.0021871032
TD3 fixedT baseline,Loss/RL,2.7100000,0.00220781874
TD3 fixedT baseline,Loss/RL,2.7300000,0.00306706328
TD3 fixedT baseline,Loss/RL,2.7500000,0.00327402635
TD3 fixedT baseline,Loss/RL,2.7700000,0.00340847399
TD3 fixedT baseline,Loss/RL,2.7900000,0.00334672492
TD3 fixedT baseline,Loss/RL,2.8100000,0.00316486408
TD3 fixedT baseline,Loss/RL,2.8300000,0.00219507155
TD3 fixedT baseline,Loss/RL,2.8500000,0.00222879716
TD3 fixedT baseline,Loss/RL,2.8700000,0.00248047807
TD3 fixedT baseline,Loss/RL,2.8900000,0.0041722151
TD3 fixedT baseline,Loss/RL,2.9100000,0.00448689703
TD3 fixedT baseline,Loss/RL,2.9300000,0.00502493838
TD3 fixedT baseline,Loss/RL,2.9500000,0.00467123061
TD3 fixedT baseline,Loss/RL,2.9700000,0.00447705474
TD3 fixedT baseline,Loss/RL,2.9900000,0.00275899011
TD3 fixedT baseline,Loss/RL,3.0100000,0.00277824497
TD3 fixedT baseline,Loss/RL,3.0300000,0.00305814643
TD3 fixedT baseline,Loss/RL,3.0500000,0.0033062472
TD3 fixedT baseline,Loss/RL,3.0700000,0.00400460758
TD3 fixedT baseline,Loss/RL,3.0900000,0.00398662481
TD3 fixedT baseline,Loss/RL,3.1100000,0.00351660438
TD3 fixedT baseline,Loss/RL,3.1300000,0.00298355771
TD3 fixedT baseline,Loss/RL,3.1500000,0.00287109548
TD3 fixedT baseline,Loss/RL,3.1700000,0.00255454052
TD3 fixedT baseline,Loss/RL,3.1900000,0.00258741095
TD3 fixedT baseline,Loss/RL,3.2100000,0.00278573334
TD3 fixedT baseline,Loss/RL,3.2300000,0.00317159155
TD3 fixedT baseline,Loss/RL,3.2500000,0.00315508167
TD3 fixedT baseline,Loss/RL,3.2700000,0.00254747751
TD3 fixedT baseline,Loss/RL,3.2900000,0.0029557121
TD3 fixedT baseline,Loss/RL,3.3100000,0.00327658951
TD3 fixedT baseline,Loss/RL,3.3300000,0.00344452122
TD3 fixedT baseline,Loss/RL,3.3500000,0.00379138198
TD3 fixedT baseline,Loss/RL,3.3700000,0.0040751935
TD3 fixedT baseline,Loss/RL,3.3900000,0.00411361223
TD3 fixedT baseline,Loss/RL,3.4100000,0.00379218962
TD3 fixedT baseline,Loss/RL,3.4300000,0.00368301198
TD3 fixedT baseline,Loss/RL,3.4500000,0.00350526059
TD3 fixedT baseline,Loss/RL,3.4700000,0.00342191253
TD3 fixedT baseline,Loss/RL,3.4900000,0.00360052828
TD3 fixedT baseline,Loss/RL,3.5100000,0.00350159949
TD3 fixedT baseline,Loss/RL,3.5300000,0.00328396803
TD3 fixedT baseline,Loss/RL,3.5500000,0.0032427307
TD3 fixedT baseline,Loss/RL,3.5700000,0.00339544618
TD3 fixedT baseline,Loss/RL,3.5900000,0.00244837328
TD3 fixedT baseline,Loss/RL,3.6100000,0.00228777118
TD3 fixedT baseline,Loss/RL,3.6300000,0.00209129769
TD3 fixedT baseline,Loss/RL,3.6500000,0.00237019169
TD3 fixedT baseline,Loss/RL,3.6700000,0.00209503656
TD3 fixedT baseline,Loss/RL,3.6900000,0.00260137009
TD3 fixedT baseline,Loss/RL,3.7100000,0.00297218326
TD3 fixedT baseline,Loss/RL,3.7300000,0.00307951013
TD3 fixedT baseline,Loss/RL,3.7500000,0.00282489301
TD3 fixedT baseline,Loss/RL,3.7700000,0.00317630409
TD3 fixedT baseline,Loss/RL,3.7900000,0.00267116157
TD3 fixedT baseline,Loss/RL,3.8100000,0.00259918966
TD3 fixedT baseline,Loss/RL,3.8300000,0.00250605354
TD3 fixedT baseline,Loss/RL,3.8500000,0.00240122532
TD3 fixedT baseline,Loss/RL,3.8700000,0.00237243143
TD3 fixedT baseline,Loss/RL,3.8900000,0.00264333161
TD3 fixedT baseline,Loss/RL,3.9100000,0.00267552049
TD3 fixedT baseline,Loss/RL,3.9300000,0.00252230228
TD3 fixedT baseline,Loss/RL,3.9500000,0.00284309727
TD3 fixedT baseline,Loss/RL,3.9700000,0.00266789221
TD3 fixedT baseline,Loss/RL,3.9900000,0.00298831523
TD3 fixedT baseline,Loss/RL,4.0100000,0.00318635451
TD3 fixedT baseline,Loss/RL,4.0300000,0.00360868787
TD3 fixedT baseline,Loss/RL,4.0500000,0.00337321777
TD3 fixedT baseline,Loss/RL,4.0700000,0.00318522537
TD3 fixedT baseline,Loss/RL,4.0900000,0.00297748069
TD3 fixedT baseline,Loss/RL,4.1100000,0.00358705889
TD3 fixedT baseline,Loss/RL,4.1300000,0.0031333107
TD3 fixedT baseline,Loss/RL,4.1500000,0.00303138858
TD3 fixedT baseline,Loss/RL,4.1700000,0.00338199055
TD3 fixedT baseline,Loss/RL,4.1900000,0.00340798893
TD3 fixedT baseline,Loss/RL,4.2100000,0.00250587943
TD3 fixedT baseline,Loss/RL,4.2300000,0.00313874171
TD3 fixedT baseline,Loss/RL,4.2500000,0.00323808342
TD3 fixedT baseline,Loss/RL,4.2700000,0.00306148841
TD3 fixedT baseline,Loss/RL,4.2900000,0.0032220569
TD3 fixedT baseline,Loss/RL,4.3100000,0.00316964027
TD3 fixedT baseline,Loss/RL,4.3300000,0.00243462189
TD3 fixedT baseline,Loss/RL,4.3500000,0.0025322739
TD3 fixedT baseline,Loss/RL,4.3700000,0.00304303993
TD3 fixedT baseline,Loss/RL,4.3900000,0.00348531646
TD3 fixedT baseline,Loss/RL,4.4100000,0.00368300045
TD3 fixedT baseline,Loss/RL,4.4300000,0.0037664715
TD3 fixedT baseline,Loss/RL,4.4500000,0.00343488036
TD3 fixedT baseline,Loss/RL,4.4700000,0.00333601423
TD3 fixedT baseline,Loss/RL,4.4900000,0.00240953495
TD3 fixedT baseline,Loss/RL,4.5100000,0.00245372364
TD3 fixedT baseline,Loss/RL,4.5300000,0.0024807018
TD3 fixedT baseline,Loss/RL,4.5500000,0.00266278749
TD3 fixedT baseline,Loss/RL,4.5700000,0.00233980943
TD3 fixedT baseline,Loss/RL,4.5900000,0.00247988738
TD3 fixedT baseline,Loss/RL,4.6100000,0.00241122888
TD3 fixedT baseline,Loss/RL,4.6300000,0.00327373561
TD3 fixedT baseline,Loss/RL,4.6500000,0.00346634234
TD3 fixedT baseline,Loss/RL,4.6700000,0.00365447709
TD3 fixedT baseline,Loss/RL,4.6900000,0.00410274593
TD3 fixedT baseline,Loss/RL,4.7100000,0.00492094262
TD3 fixedT baseline,Loss/RL,4.7300000,0.00405665291
TD3 fixedT baseline,Loss/RL,4.7500000,0.00365644498
TD3 fixedT baseline,Loss/RL,4.7700000,0.00387457646
TD3 fixedT baseline,Loss/RL,4.7900000,0.00414959937
TD3 fixedT baseline,Loss/RL,4.8100000,0.00360694621
TD3 fixedT baseline,Loss/RL,4.8300000,0.00358171798
TD3 fixedT baseline,Loss/RL,4.8500000,0.00368027333
TD3 fixedT baseline,Loss/RL,4.8700000,0.00332731642
TD3 fixedT baseline,Loss/RL,4.8900000,0.00253864918
TD3 fixedT baseline,Loss/RL,4.9100000,0.00261372067
TD3 fixedT baseline,Loss/RL,4.9300000,0.00277970061
TD3 fixedT baseline,Loss/RL,4.9500000,0.00293926233
TD3 fixedT baseline,Loss/RL,4.9700000,0.00327566145
TD3 fixedT baseline,Loss/RL,4.9900000,0.00358354589
TD3 fixedT baseline,Loss/RL,5.0100000,0.00352520188
TD3 fixedT baseline,Loss/RL,5.0300000,0.00353569281
TD3 fixedT baseline,Loss/RL,5.0500000,0.00319381277
TD3 fixedT baseline,Loss/RL,5.0700000,0.00298017222
TD3 fixedT baseline,Loss/RL,5.0900000,0.00289887595
TD3 fixedT baseline,Loss/RL,5.1100000,0.00268454566
TD3 fixedT baseline,Loss/RL,5.1300000,0.00291490378
TD3 fixedT baseline,Loss/RL,5.1500000,0.00328723928
TD3 fixedT baseline,Loss/RL,5.1700000,0.00290336781
TD3 fixedT baseline,Loss/RL,5.1900000,0.00316602201
TD3 fixedT baseline,Loss/RL,5.2100000,0.00357687795
TD3 fixedT baseline,Loss/RL,5.2300000,0.00314071211
TD3 fixedT baseline,Loss/RL,5.2500000,0.0028814496
TD3 fixedT baseline,Loss/RL,5.2700000,0.00395934591
TD3 fixedT baseline,Loss/RL,5.2900000,0.00345646306
TD3 fixedT baseline,Loss/RL,5.3100000,0.00313661643
TD3 fixedT baseline,Loss/RL,5.3300000,0.0035657153
TD3 fixedT baseline,Loss/RL,5.3500000,0.00386847877
TD3 fixedT baseline,Loss/RL,5.3700000,0.00296624815
TD3 fixedT baseline,Loss/RL,5.3900000,0.00310469219
TD3 fixedT baseline,Loss/RL,5.4100000,0.00278331502
TD3 fixedT baseline,Loss/RL,5.4300000,0.00297035775
TD3 fixedT baseline,Loss/RL,5.4500000,0.00272103194
TD3 fixedT baseline,Loss/RL,5.4700000,0.00251886591
TD3 fixedT baseline,Loss/RL,5.4900000,0.00286909163
TD3 fixedT baseline,Loss/RL,5.5100000,0.00310111113
TD3 fixedT baseline,Loss/RL,5.5300000,0.00258276707
TD3 fixedT baseline,Loss/RL,5.5500000,0.00243476147
TD3 fixedT baseline,Loss/RL,5.5700000,0.00279677901
TD3 fixedT baseline,Loss/RL,5.5900000,0.00248512821
TD3 fixedT baseline,Loss/RL,5.6100000,0.00246454454
TD3 fixedT baseline,Loss/RL,5.6300000,0.00256451941
TD3 fixedT baseline,Loss/RL,5.6500000,0.00293230768
TD3 fixedT baseline,Loss/RL,5.6700000,0.00306422589
TD3 fixedT baseline,Loss/RL,5.6900000,0.00325122825
TD3 fixedT baseline,Loss/RL,5.7100000,0.00286029973
TD3 fixedT baseline,Loss/RL,5.7300000,0.00267755778
TD3 fixedT baseline,Loss/RL,5.7500000,0.00242022322
TD3 fixedT baseline,Loss/RL,5.7700000,0.00226598987
TD3 fixedT baseline,Loss/RL,5.7900000,0.00232223277
TD3 fixedT baseline,Loss/RL,5.8100000,0.00254264572
TD3 fixedT baseline,Loss/RL,5.8300000,0.00298619375
TD3 fixedT baseline,Loss/RL,5.8500000,0.00301997531
TD3 fixedT baseline,Loss/RL,5.8700000,0.00299717104
TD3 fixedT baseline,Loss/RL,5.8900000,0.00279675615
TD3 fixedT baseline,Loss/RL,5.9100000,0.00290700118
TD3 fixedT baseline,Loss/RL,5.9300000,0.00350869582
TD3 fixedT baseline,Loss/RL,5.9500000,0.00444081114
TD3 fixedT baseline,Loss/RL,5.9700000,0.00398263403
TD3 fixedT baseline,Loss/RL,5.9900000,0.00432633234
TD3 fixedT baseline,Loss/RL,6.0100000,0.00443448147
TD3 fixedT baseline,Loss/RL,6.0300000,0.00348551546
TD3 fixedT baseline,Loss/RL,6.0500000,0.00279290916
TD3 fixedT baseline,Loss/RL,6.0700000,0.00299754115
TD3 fixedT baseline,Loss/RL,6.0900000,0.00293812696
TD3 fixedT baseline,Loss/RL,6.1100000,0.00277762571
TD3 fixedT baseline,Loss/RL,6.1300000,0.00257128461
TD3 fixedT baseline,Loss/RL,6.1500000,0.00255473035
TD3 fixedT baseline,Loss/RL,6.1700000,0.00252359409
TD3 fixedT baseline,Loss/RL,6.1900000,0.002097285
TD3 fixedT baseline,Loss/RL,6.2100000,0.00192942859
TD3 fixedT baseline,Loss/RL,6.2300000,0.00214843941
TD3 fixedT baseline,Loss/RL,6.2500000,0.0019991023
TD3 fixedT baseline,Loss/RL,6.2700000,0.00302250893
TD3 fixedT baseline,Loss/RL,6.2900000,0.00287889291
TD3 fixedT baseline,Loss/RL,6.3100000,0.00268466498
TD3 fixedT baseline,Loss/RL,6.3300000,0.00267321824
TD3 fixedT baseline,Loss/RL,6.3500000,0.00255587657
TD3 fixedT baseline,Loss/RL,6.3700000,0.00169940654
TD3 fixedT baseline,Loss/RL,6.3900000,0.0023619717
TD3 fixedT baseline,Loss/RL,6.4100000,0.00269675539
TD3 fixedT baseline,Loss/RL,6.4300000,0.00250595759
TD3 fixedT baseline,Loss/RL,6.4500000,0.00284741821
TD3 fixedT baseline,Loss/RL,6.4700000,0.00271465166
TD3 fixedT baseline,Loss/RL,6.4900000,0.00312364281
TD3 fixedT baseline,Loss/RL,6.5100000,0.0032728838
TD3 fixedT baseline,Loss/RL,6.5300000,0.00376366172
TD3 fixedT baseline,Loss/RL,6.5500000,0.00353550245
TD3 fixedT baseline,Loss/RL,6.5700000,0.00345304282
TD3 fixedT baseline,Loss/RL,6.5900000,0.00246020425
TD3 fixedT baseline,Loss/RL,6.6100000,0.00219079994
TD3 fixedT baseline,Loss/RL,6.6300000,0.00200262934
TD3 fixedT baseline,Loss/RL,6.6500000,0.00210023557
TD3 fixedT baseline,Loss/RL,6.6700000,0.00234624033
TD3 fixedT baseline,Loss/RL,6.6900000,0.00283520452
TD3 fixedT baseline,Loss/RL,6.7100000,0.00298847626
TD3 fixedT baseline,Loss/RL,6.7300000,0.00288494052
TD3 fixedT baseline,Loss/RL,6.7500000,0.00253629531
TD3 fixedT baseline,Loss/RL,6.7700000,0.00230581565
TD3 fixedT baseline,Loss/RL,6.7900000,0.00169752827
TD3 fixedT baseline,Loss/RL,6.8100000,0.00137274703
TD3 fixedT baseline,Loss/RL,6.8300000,0.00157996751
TD3 fixedT baseline,Loss/RL,6.8500000,0.00193718751
TD3 fixedT baseline,Loss/RL,6.8700000,0.00186005961
TD3 fixedT baseline,Loss/RL,6.8900000,0.00198555754
TD3 fixedT baseline,Loss/RL,6.9100000,0.00260286869
TD3 fixedT baseline,Loss/RL,6.9300000,0.00301006178
TD3 fixedT baseline,Loss/RL,6.9500000,0.00316147457
TD3 fixedT baseline,Loss/RL,6.9700000,0.00319398802
TD3 fixedT baseline,Loss/RL,6.9900000,0.00359886731
TD3 fixedT baseline,Loss/RL,7.0100000,0.00322364462
TD3 fixedT baseline,Loss/RL,7.0300000,0.00233108721
TD3 fixedT baseline,Loss/RL,7.0500000,0.00226606926
TD3 fixedT baseline,Loss/RL,7.0700000,0.00251463208
TD3 fixedT baseline,Loss/RL,7.0900000,0.00196864329
TD3 fixedT baseline,Loss/RL,7.1100000,0.00214453422
TD3 fixedT baseline,Loss/RL,7.1300000,0.00259191613
TD3 fixedT baseline,Loss/RL,7.1500000,0.00249887882
TD3 fixedT baseline,Loss/RL,7.1700000,0.00235519712
TD3 fixedT baseline,Loss/RL,7.1900000,0.00336052109
TD3 fixedT baseline,Loss/RL,7.2100000,0.00378251839
TD3 fixedT baseline,Loss/RL,7.2300000,0.00354893925
TD3 fixedT baseline,Loss/RL,7.2500000,0.00331931179
TD3 fixedT baseline,Loss/RL,7.2700000,0.00349583318
TD3 fixedT baseline,Loss/RL,7.2900000,0.00272099818
TD3 fixedT baseline,Loss/RL,7.3100000,0.00297235181
TD3 fixedT baseline,Loss/RL,7.3300000,0.00299750492
TD3 fixedT baseline,Loss/RL,7.3500000,0.00312686823
TD3 fixedT baseline,Loss/RL,7.3700000,0.00291171295
TD3 fixedT baseline,Loss/RL,7.3900000,0.00269901038
TD3 fixedT baseline,Loss/RL,7.4100000,0.00197658141
TD3 fixedT baseline,Loss/RL,7.4300000,0.00178381118
TD3 fixedT baseline,Loss/RL,7.4500000,0.00176267445
TD3 fixedT baseline,Loss/RL,7.4700000,0.00193347861
TD3 fixedT baseline,Loss/RL,7.4900000,0.00184872309
TD3 fixedT baseline,Loss/RL,7.5100000,0.00192164001
TD3 fixedT baseline,Loss/RL,7.5300000,0.00221512332
TD3 fixedT baseline,Loss/RL,7.5500000,0.00222575073
TD3 fixedT baseline,Loss/RL,7.5700000,0.00346769947
TD3 fixedT baseline,Loss/RL,7.5900000,0.00387598965
TD3 fixedT baseline,Loss/RL,7.6100000,0.00363584114
TD3 fixedT baseline,Loss/RL,7.6300000,0.00389555986
TD3 fixedT baseline,Loss/RL,7.6500000,0.00404307991
TD3 fixedT baseline,Loss/RL,7.6700000,0.00254855072
TD3 fixedT baseline,Loss/RL,7.6900000,0.00302031236
TD3 fixedT baseline,Loss/RL,7.7100000,0.00292288908
TD3 fixedT baseline,Loss/RL,7.7300000,0.00255504185
TD3 fixedT baseline,Loss/RL,7.7500000,0.0024554377
TD3 fixedT baseline,Loss/RL,7.7700000,0.00270074224
TD3 fixedT baseline,Loss/RL,7.7900000,0.00238066465
TD3 fixedT baseline,Loss/RL,7.8100000,0.00249729319
TD3 fixedT baseline,Loss/RL,7.8300000,0.00253252354
TD3 fixedT baseline,Loss/RL,7.8500000,0.00244833296
TD3 fixedT baseline,Loss/RL,7.8700000,0.00223582357
TD3 fixedT baseline,Loss/RL,7.8900000,0.00218113039
TD3 fixedT baseline,Loss/RL,7.9100000,0.0020682734
TD3 fixedT baseline,Loss/RL,7.9300000,0.00233280687
TD3 fixedT baseline,Loss/RL,7.9500000,0.00217153588
TD3 fixedT baseline,Loss/RL,7.9700000,0.00220761625
TD3 fixedT baseline,Loss/RL,7.9900000,0.00186792286
TD3 fixedT baseline,Loss/RL,8.0100000,0.00185674971
TD3 fixedT baseline,Loss/RL,8.0300000,0.0018718574
TD3 fixedT baseline,Loss/RL,8.0500000,0.0023154407
TD3 fixedT baseline,Loss/RL,8.0700000,0.00241830312
TD3 fixedT baseline,Loss/RL,8.0900000,0.002982273
TD3 fixedT baseline,Loss/RL,8.1100000,0.00296339956
TD3 fixedT baseline,Loss/RL,8.1300000,0.0024458563
TD3 fixedT baseline,Loss/RL,8.1500000,0.00220300625
TD3 fixedT baseline,Loss/RL,8.1700000,0.00240831776
TD3 fixedT baseline,Loss/RL,8.1900000,0.00211862759
TD3 fixedT baseline,Loss/RL,8.2100000,0.00239157774
TD3 fixedT baseline,Loss/RL,8.2300000,0.00295412643
TD3 fixedT baseline,Loss/RL,8.2500000,0.00274787215
TD3 fixedT baseline,Loss/RL,8.2700000,0.00238903086
TD3 fixedT baseline,Loss/RL,8.2900000,0.0026843884
TD3 fixedT baseline,Loss/RL,8.3100000,0.00304285428
TD3 fixedT baseline,Loss/RL,8.3300000,0.00261862604
TD3 fixedT baseline,Loss/RL,8.3500000,0.003175666
TD3 fixedT baseline,Loss/RL,8.3700000,0.00388472662
TD3 fixedT baseline,Loss/RL,8.3900000,0.00329042049
TD3 fixedT baseline,Loss/RL,8.4100000,0.00311975628
TD3 fixedT baseline,Loss/RL,8.4300000,0.00350216394
TD3 fixedT baseline,Loss/RL,8.4500000,0.00317297992
TD3 fixedT baseline,Loss/RL,8.4700000,0.00249938187
TD3 fixedT baseline,Loss/RL,8.4900000,0.0031184962
TD3 fixedT baseline,Loss/RL,8.5100000,0.0034557879
TD3 fixedT baseline,Loss/RL,8.5300000,0.00311477273
TD3 fixedT baseline,Loss/RL,8.5500000,0.0028917951
TD3 fixedT baseline,Loss/RL,8.5700000,0.00313671422
TD3 fixedT baseline,Loss/RL,8.5900000,0.00309621324
TD3 fixedT baseline,Loss/RL,8.6100000,0.00265461672
TD3 fixedT baseline,Loss/RL,8.6300000,0.00274641584
TD3 fixedT baseline,Loss/RL,8.6500000,0.002840617
TD3 fixedT baseline,Loss/RL,8.6700000,0.00313517645
TD3 fixedT baseline,Loss/RL,8.6900000,0.0027325466
TD3 fixedT baseline,Loss/RL,8.7100000,0.00273704843
TD3 fixedT baseline,Loss/RL,8.7300000,0.00242659979
TD3 fixedT baseline,Loss/RL,8.7500000,0.00293815323
TD3 fixedT baseline,Loss/RL,8.7700000,0.00334516458
TD3 fixedT baseline,Loss/RL,8.7900000,0.00426606751
TD3 fixedT baseline,Loss/RL,8.8100000,0.00420934247
TD3 fixedT baseline,Loss/RL,8.8300000,0.00441207448
TD3 fixedT baseline,Loss/RL,8.8500000,0.00410266495
TD3 fixedT baseline,Loss/RL,8.8700000,0.00345199755
TD3 fixedT baseline,Loss/RL,8.8900000,0.00256085978
TD3 fixedT baseline,Loss/RL,8.9100000,0.00222487568
TD3 fixedT baseline,Loss/RL,8.9300000,0.00244192106
TD3 fixedT baseline,Loss/RL,8.9500000,0.00247827626
TD3 fixedT baseline,Loss/RL,8.9700000,0.00217291184
TD3 fixedT baseline,Loss/RL,8.9900000,0.00207627572
TD3 fixedT baseline,Loss/RL,9.0100000,0.00224593435
TD3 fixedT baseline,Loss/RL,9.0300000,0.00194455036
TD3 fixedT baseline,Loss/RL,9.0500000,0.0018674938
TD3 fixedT baseline,Loss/RL,9.0700000,0.00188624449
TD3 fixedT baseline,Loss/RL,9.0900000,0.00235372954
TD3 fixedT baseline,Loss/RL,9.1100000,0.00240333467
TD3 fixedT baseline,Loss/RL,9.1300000,0.00286015952
TD3 fixedT baseline,Loss/RL,9.1500000,0.00272056507
TD3 fixedT baseline,Loss/RL,9.1700000,0.00270649593
TD3 fixedT baseline,Loss/RL,9.1900000,0.00244185587
TD3 fixedT baseline,Loss/RL,9.2100000,0.00300653742
TD3 fixedT baseline,Loss/RL,9.2300000,0.00268985743
TD3 fixedT baseline,Loss/RL,9.2500000,0.00337784973
TD3 fixedT baseline,Loss/RL,9.2700000,0.00360204419
TD3 fixedT baseline,Loss/RL,9.2900000,0.00374204009
TD3 fixedT baseline,Loss/RL,9.3100000,0.00330930431
TD3 fixedT baseline,Loss/RL,9.3300000,0.00312808657
TD3 fixedT baseline,Loss/RL,9.3500000,0.00248381279
TD3 fixedT baseline,Loss/RL,9.3700000,0.00248186316
TD3 fixedT baseline,Loss/RL,9.3900000,0.00244092301
TD3 fixedT baseline,Loss/RL,9.4100000,0.00204623955
TD3 fixedT baseline,Loss/RL,9.4300000,0.00203018378
TD3 fixedT baseline,Loss/RL,9.4500000,0.00261534931
TD3 fixedT baseline,Loss/RL,9.4700000,0.00233720754
TD3 fixedT baseline,Loss/RL,9.4900000,0.0019158481
TD3 fixedT baseline,Loss/RL,9.5100000,0.00204054664
TD3 fixedT baseline,Loss/RL,9.5300000,0.00259013241
TD3 fixedT baseline,Loss/RL,9.5500000,0.00205936776
TD3 fixedT baseline,Loss/RL,9.5700000,0.0022478112
TD3 fixedT baseline,Loss/RL,9.5900000,0.00261317482
TD3 fixedT baseline,Loss/RL,9.6100000,0.00265731416
TD3 fixedT baseline,Loss/RL,9.6300000,0.00213056479
TD3 fixedT baseline,Loss/RL,9.6500000,0.0026360879
TD3 fixedT baseline,Loss/RL,9.6700000,0.00259834793
TD3 fixedT baseline,Loss/RL,9.6900000,0.0023736625
TD3 fixedT baseline,Loss/RL,9.7100000,0.0024172808
TD3 fixedT baseline,Loss/RL,9.7300000,0.00295047101
TD3 fixedT baseline,Loss/RL,9.7500000,0.00247510907
TD3 fixedT baseline,Loss/RL,9.7700000,0.0026174827
TD3 fixedT baseline,Loss/RL,9.7900000,0.00255592451
TD3 fixedT baseline,Loss/RL,9.8100000,0.00360136293
TD3 fixedT baseline,Loss/RL,9.8300000,0.0044714408
TD3 fixedT baseline,Loss/RL,9.8500000,0.00448251506
TD3 fixedT baseline,Loss/RL,9.8700000,0.00501237772
TD3 fixedT baseline,Loss/RL,9.8900000,0.00508443415
TD3 fixedT baseline,Loss/RL,9.9100000,0.00425905623
TD3 fixedT baseline,Loss/RL,9.9300000,0.00281555692
TD3 fixedT baseline,Loss/RL,9.9500000,0.00297072276
TD3 fixedT baseline,Loss/RL,9.9700000,0.00242607936
TD3 fixedT baseline,Loss/RL,9.9900000,0.00250065576
TD3 fixedT baseline,Loss/RL,10.0100000,0.00238702304
TD3 randT baseline,Loss/RL,1.0100000,0.00607254431
TD3 randT baseline,Loss/RL,1.0300000,0.0054741486
TD3 randT baseline,Loss/RL,1.0500000,0.00540221194
TD3 randT baseline,Loss/RL,1.0700000,0.00464832941
TD3 randT baseline,Loss/RL,1.0900000,0.00518865902
TD3 randT baseline,Loss/RL,1.1100000,0.00711328443
TD3 randT baseline,Loss/RL,1.1300000,0.00740333376
TD3 randT baseline,Loss/RL,1.1500000,0.00893057054
TD3 randT baseline,Loss/RL,1.1700000,0.00881303977
TD3 randT baseline,Loss/RL,1.1900000,0.00822491655
TD3 randT baseline,Loss/RL,1.2100000,0.00729533592
TD3 randT baseline,Loss/RL,1.2300000,0.00675991462
TD3 randT baseline,Loss/RL,1.2500000,0.00529079703
TD3 randT baseline,Loss/RL,1.2700000,0.00631263307
TD3 randT baseline,Loss/RL,1.2900000,0.00611578478
TD3 randT baseline,Loss/RL,1.3100000,0.00569459526
TD3 randT baseline,Loss/RL,1.3300000,0.00579455844
TD3 randT baseline,Loss/RL,1.3500000,0.00727696954
TD3 randT baseline,Loss/RL,1.3700000,0.00828321776
TD3 randT baseline,Loss/RL,1.3900000,0.00892126691
TD3 randT baseline,Loss/RL,1.4100000,0.00817672238
TD3 randT baseline,Loss/RL,1.4300000,0.00859976392
TD3 randT baseline,Loss/RL,1.4500000,0.00651052203
TD3 randT baseline,Loss/RL,1.4700000,0.00558139272
TD3 randT baseline,Loss/RL,1.4900000,0.00539722946
TD3 randT baseline,Loss/RL,1.5100000,0.00631483905
TD3 randT baseline,Loss/RL,1.5300000,0.0063877644
TD3 randT baseline,Loss/RL,1.5500000,0.00689471662
TD3 randT baseline,Loss/RL,1.5700000,0.00638818331
TD3 randT baseline,Loss/RL,1.5900000,0.00711848959
TD3 randT baseline,Loss/RL,1.6100000,0.00639897613
TD3 randT baseline,Loss/RL,1.6300000,0.00593131818
TD3 randT baseline,Loss/RL,1.6500000,0.00558407288
TD3 randT baseline,Loss/RL,1.6700000,0.00571456114
TD3 randT baseline,Loss/RL,1.6900000,0.00463315281
TD3 randT baseline,Loss/RL,1.7100000,0.00516098323
TD3 randT baseline,Loss/RL,1.7300000,0.00565192043
TD3 randT baseline,Loss/RL,1.7500000,0.00557283997
TD3 randT baseline,Loss/RL,1.7700000,0.00537183066
TD3 randT baseline,Loss/RL,1.7900000,0.00554072149
TD3 randT baseline,Loss/RL,1.8100000,0.00554167656
TD3 randT baseline,Loss/RL,1.8300000,0.00520773577
TD3 randT baseline,Loss/RL,1.8500000,0.00534475809
TD3 randT baseline,Loss/RL,1.8700000,0.00565843228
TD3 randT baseline,Loss/RL,1.8900000,0.00555113843
TD3 randT baseline,Loss/RL,1.9100000,0.00550165381
TD3 randT baseline,Loss/RL,1.9300000,0.00538244024
TD3 randT baseline,Loss/RL,1.9500000,0.00515392199
TD3 randT baseline,Loss/RL,1.9700000,0.00474358173
TD3 randT baseline,Loss/RL,1.9900000,0.00527188778
TD3 randT baseline,Loss/RL,2.0100000,0.00488071479
TD3 randT baseline,Loss/RL,2.0300000,0.0050416369
TD3 randT baseline,Loss/RL,2.0500000,0.00483067143
TD3 randT baseline,Loss/RL,2.0700000,0.00455408315
TD3 randT baseline,Loss/RL,2.0900000,0.00441780374
TD3 randT baseline,Loss/RL,2.1100000,0.00432089069
TD3 randT baseline,Loss/RL,2.1300000,0.00418080143
TD3 randT baseline,Loss/RL,2.1500000,0.00427921191
TD3 randT baseline,Loss/RL,2.1700000,0.00392432734
TD3 randT baseline,Loss/RL,2.1900000,0.0037886492
TD3 randT baseline,Loss/RL,2.2100000,0.004007411
TD3 randT baseline,Loss/RL,2.2300000,0.00413171723
TD3 randT baseline,Loss/RL,2.2500000,0.00455110688
TD3 randT baseline,Loss/RL,2.2700000,0.00588882659
TD3 randT baseline,Loss/RL,2.2900000,0.00691983439
TD3 randT baseline,Loss/RL,2.3100000,0.0075457966
TD3 randT baseline,Loss/RL,2.3300000,0.00772414412
TD3 randT baseline,Loss/RL,2.3500000,0.00706042219
TD3 randT baseline,Loss/RL,2.3700000,0.00614494188
TD3 randT baseline,Loss/RL,2.3900000,0.00592543939
TD3 randT baseline,Loss/RL,2.4100000,0.00567567972
TD3 randT baseline,Loss/RL,2.4300000,0.00793244401
TD3 randT baseline,Loss/RL,2.4500000,0.00850981697
TD3 randT baseline,Loss/RL,2.4700000,0.0083168216
TD3 randT baseline,Loss/RL,2.4900000,0.00751060899
TD3 randT baseline,Loss/RL,2.5100000,0.00668813311
TD3 randT baseline,Loss/RL,2.5300000,0.00420438391
TD3 randT baseline,Loss/RL,2.5500000,0.00421529799
TD3 randT baseline,Loss/RL,2.5700000,0.00421629795
TD3 randT baseline,Loss/RL,2.5900000,0.00393263428
TD3 randT baseline,Loss/RL,2.6100000,0.00461040237
TD3 randT baseline,Loss/RL,2.6300000,0.00455566277
TD3 randT baseline,Loss/RL,2.6500000,0.00423714635
TD3 randT baseline,Loss/RL,2.6700000,0.00503542512
TD3 randT baseline,Loss/RL,2.6900000,0.00503513198
TD3 randT baseline,Loss/RL,2.7100000,0.00498323608
TD3 randT baseline,Loss/RL,2.7300000,0.00518248705
TD3 randT baseline,Loss/RL,2.7500000,0.00594706768
TD3 randT baseline,Loss/RL,2.7700000,0.00517775319
TD3 randT baseline,Loss/RL,2.7900000,0.00666656629
TD3 randT baseline,Loss/RL,2.8100000,0.00690444768
TD3 randT baseline,Loss/RL,2.8300000,0.00687208916
TD3 randT baseline,Loss/RL,2.8500000,0.0058302945
TD3 randT baseline,Loss/RL,2.8700000,0.00575360982
TD3 randT baseline,Loss/RL,2.8900000,0.00487447502
TD3 randT baseline,Loss/RL,2.9100000,0.00428435961
TD3 randT baseline,Loss/RL,2.9300000,0.00503780125
TD3 randT baseline,Loss/RL,2.9500000,0.00526037728
TD3 randT baseline,Loss/RL,2.9700000,0.00730047775
TD3 randT baseline,Loss/RL,2.9900000,0.0065492243
TD3 randT baseline,Loss/RL,3.0100000,0.00800949582
TD3 randT baseline,Loss/RL,3.0300000,0.00689455098
TD3 randT baseline,Loss/RL,3.0500000,0.00847066813
TD3 randT baseline,Loss/RL,3.0700000,0.0069197508
TD3 randT baseline,Loss/RL,3.0900000,0.0076686563
TD3 randT baseline,Loss/RL,3.1100000,0.00626996281
TD3 randT baseline,Loss/RL,3.1300000,0.00621708627
TD3 randT baseline,Loss/RL,3.1500000,0.00433422741
TD3 randT baseline,Loss/RL,3.1700000,0.00397358243
TD3 randT baseline,Loss/RL,3.1900000,0.00337146656
TD3 randT baseline,Loss/RL,3.2100000,0.00359763424
TD3 randT baseline,Loss/RL,3.2300000,0.00393079612
TD3 randT baseline,Loss/RL,3.2500000,0.00577591443
TD3 randT baseline,Loss/RL,3.2700000,0.00589816105
TD3 randT baseline,Loss/RL,3.2900000,0.00678473124
TD3 randT baseline,Loss/RL,3.3100000,0.00638724859
TD3 randT baseline,Loss/RL,3.3300000,0.00637176842
TD3 randT baseline,Loss/RL,3.3500000,0.00563386944
TD3 randT baseline,Loss/RL,3.3700000,0.00519920303
TD3 randT baseline,Loss/RL,3.3900000,0.00454576644
TD3 randT baseline,Loss/RL,3.4100000,0.00459728795
TD3 randT baseline,Loss/RL,3.4300000,0.0049147597
TD3 randT baseline,Loss/RL,3.4500000,0.00420905524
TD3 randT baseline,Loss/RL,3.4700000,0.00431014416
TD3 randT baseline,Loss/RL,3.4900000,0.00467305048
TD3 randT baseline,Loss/RL,3.5100000,0.0047556025
TD3 randT baseline,Loss/RL,3.5300000,0.00423912229
TD3 randT baseline,Loss/RL,3.5500000,0.00421446068
TD3 randT baseline,Loss/RL,3.5700000,0.00542599754
TD3 randT baseline,Loss/RL,3.5900000,0.00551227517
TD3 randT baseline,Loss/RL,3.6100000,0.00632149223
TD3 randT baseline,Loss/RL,3.6300000,0.00628166678
TD3 randT baseline,Loss/RL,3.6500000,0.00605855412
TD3 randT baseline,Loss/RL,3.6700000,0.00527207865
TD3 randT baseline,Loss/RL,3.6900000,0.00455963928
TD3 randT baseline,Loss/RL,3.7100000,0.00406355802
TD3 randT baseline,Loss/RL,3.7300000,0.00494587016
TD3 randT baseline,Loss/RL,3.7500000,0.00495761363
TD3 randT baseline,Loss/RL,3.7700000,0.00587316612
TD3 randT baseline,Loss/RL,3.7900000,0.00626535141
TD3 randT baseline,Loss/RL,3.8100000,0.00730640613
TD3 randT baseline,Loss/RL,3.8300000,0.00682995222
TD3 randT baseline,Loss/RL,3.8500000,0.00710530952
TD3 randT baseline,Loss/RL,3.8700000,0.00673802728
TD3 randT baseline,Loss/RL,3.8900000,0.00643270547
TD3 randT baseline,Loss/RL,3.9100000,0.00482443757
TD3 randT baseline,Loss/RL,3.9300000,0.00429260409
TD3 randT baseline,Loss/RL,3.9500000,0.0049795181
TD3 randT baseline,Loss/RL,3.9700000,0.00414277553
TD3 randT baseline,Loss/RL,3.9900000,0.00451067411
TD3 randT baseline,Loss/RL,4.0100000,0.00610863636
TD3 randT baseline,Loss/RL,4.0300000,0.00728862444
TD3 randT baseline,Loss/RL,4.0500000,0.00624243794
TD3 randT baseline,Loss/RL,4.0700000,0.00623676139
TD3 randT baseline,Loss/RL,4.0900000,0.00610127621
TD3 randT baseline,Loss/RL,4.1100000,0.00456009214
TD3 randT baseline,Loss/RL,4.1300000,0.00332740457
TD3 randT baseline,Loss/RL,4.1500000,0.00353299109
TD3 randT baseline,Loss/RL,4.1700000,0.00431549964
TD3 randT baseline,Loss/RL,4.1900000,0.00440658708
TD3 randT baseline,Loss/RL,4.2100000,0.00413022828
TD3 randT baseline,Loss/RL,4.2300000,0.00427548662
TD3 randT baseline,Loss/RL,4.2500000,0.00442133746
TD3 randT baseline,Loss/RL,4.2700000,0.00397755555
TD3 randT baseline,Loss/RL,4.2900000,0.00386461965
TD3 randT baseline,Loss/RL,4.3100000,0.00401051128
TD3 randT baseline,Loss/RL,4.3300000,0.00453980998
TD3 randT baseline,Loss/RL,4.3500000,0.00509397113
TD3 randT baseline,Loss/RL,4.3700000,0.00535188415
TD3 randT baseline,Loss/RL,4.3900000,0.00498377378
TD3 randT baseline,Loss/RL,4.4100000,0.00512107238
TD3 randT baseline,Loss/RL,4.4300000,0.00497877924
TD3 randT baseline,Loss/RL,4.4500000,0.00428252649
TD3 randT baseline,Loss/RL,4.4700000,0.00367767145
TD3 randT baseline,Loss/RL,4.4900000,0.00367558869
TD3 randT baseline,Loss/RL,4.5100000,0.0037550082
TD3 randT baseline,Loss/RL,4.5300000,0.00443416866
TD3 randT baseline,Loss/RL,4.5500000,0.00523186293
TD3 randT baseline,Loss/RL,4.5700000,0.00507953288
TD3 randT baseline,Loss/RL,4.5900000,0.00566589576
TD3 randT baseline,Loss/RL,4.6100000,0.00585547872
TD3 randT baseline,Loss/RL,4.6300000,0.00521908551
TD3 randT baseline,Loss/RL,4.6500000,0.00416704351
TD3 randT baseline,Loss/RL,4.6700000,0.00544215944
TD3 randT baseline,Loss/RL,4.6900000,0.00495192399
TD3 randT baseline,Loss/RL,4.7100000,0.00511157904
TD3 randT baseline,Loss/RL,4.7300000,0.00459627607
TD3 randT baseline,Loss/RL,4.7500000,0.00468478864
TD3 randT baseline,Loss/RL,4.7700000,0.00376621345
TD3 randT baseline,Loss/RL,4.7900000,0.00382208168
TD3 randT baseline,Loss/RL,4.8100000,0.00379020707
TD3 randT baseline,Loss/RL,4.8300000,0.00398169998
TD3 randT baseline,Loss/RL,4.8500000,0.0041417676
TD3 randT baseline,Loss/RL,4.8700000,0.00381838088
TD3 randT baseline,Loss/RL,4.8900000,0.00457599638
TD3 randT baseline,Loss/RL,4.9100000,0.00450023105
TD3 randT baseline,Loss/RL,4.9300000,0.00457261512
TD3 randT baseline,Loss/RL,4.9500000,0.00445765257
TD3 randT baseline,Loss/RL,4.9700000,0.00447923695
TD3 randT baseline,Loss/RL,4.9900000,0.00495712343
TD3 randT baseline,Loss/RL,5.0100000,0.00512667815
TD3 randT baseline,Loss/RL,5.0300000,0.00513648088
TD3 randT baseline,Loss/RL,5.0500000,0.00542385429
TD3 randT baseline,Loss/RL,5.0700000,0.0059308311
TD3 randT baseline,Loss/RL,5.0900000,0.00468964679
TD3 randT baseline,Loss/RL,5.1100000,0.00411843695
TD3 randT baseline,Loss/RL,5.1300000,0.00456676856
TD3 randT baseline,Loss/RL,5.1500000,0.00561303124
TD3 randT baseline,Loss/RL,5.1700000,0.00560520636
TD3 randT baseline,Loss/RL,5.1900000,0.00595202893
TD3 randT baseline,Loss/RL,5.2100000,0.00632485626
TD3 randT baseline,Loss/RL,5.2300000,0.00657250257
TD3 randT baseline,Loss/RL,5.2500000,0.00537398905
TD3 randT baseline,Loss/RL,5.2700000,0.00604508156
TD3 randT baseline,Loss/RL,5.2900000,0.00583846057
TD3 randT baseline,Loss/RL,5.3100000,0.00548296901
TD3 randT baseline,Loss/RL,5.3300000,0.00501313261
TD3 randT baseline,Loss/RL,5.3500000,0.00540641206
TD3 randT baseline,Loss/RL,5.3700000,0.00526573653
TD3 randT baseline,Loss/RL,5.3900000,0.00527183996
TD3 randT baseline,Loss/RL,5.4100000,0.00539873214
TD3 randT baseline,Loss/RL,5.4300000,0.00604584729
TD3 randT baseline,Loss/RL,5.4500000,0.00664684698
TD3 randT baseline,Loss/RL,5.4700000,0.00595919099
TD3 randT baseline,Loss/RL,5.4900000,0.00579713006
TD3 randT baseline,Loss/RL,5.5100000,0.00741890585
TD3 randT baseline,Loss/RL,5.5300000,0.00672088349
TD3 randT baseline,Loss/RL,5.5500000,0.00558337374
TD3 randT baseline,Loss/RL,5.5700000,0.00522096381
TD3 randT baseline,Loss/RL,5.5900000,0.00498423632
TD3 randT baseline,Loss/RL,5.6100000,0.00330702746
TD3 randT baseline,Loss/RL,5.6300000,0.00326900603
TD3 randT baseline,Loss/RL,5.6500000,0.00310363844
TD3 randT baseline,Loss/RL,5.6700000,0.00458723763
TD3 randT baseline,Loss/RL,5.6900000,0.00553995837
TD3 randT baseline,Loss/RL,5.7100000,0.0066081631
TD3 randT baseline,Loss/RL,5.7300000,0.0067362682
TD3 randT baseline,Loss/RL,5.7500000,0.00835747663
TD3 randT baseline,Loss/RL,5.7700000,0.00694182301
TD3 randT baseline,Loss/RL,5.7900000,0.00665053725
TD3 randT baseline,Loss/RL,5.8100000,0.00647164835
TD3 randT baseline,Loss/RL,5.8300000,0.00662808977
TD3 randT baseline,Loss/RL,5.8500000,0.00541399512
TD3 randT baseline,Loss/RL,5.8700000,0.00549633503
TD3 randT baseline,Loss/RL,5.8900000,0.00512951789
TD3 randT baseline,Loss/RL,5.9100000,0.00440319311
TD3 randT baseline,Loss/RL,5.9300000,0.00395957148
TD3 randT baseline,Loss/RL,5.9500000,0.00382316178
TD3 randT baseline,Loss/RL,5.9700000,0.00414103083
TD3 randT baseline,Loss/RL,5.9900000,0.00483327787
TD3 randT baseline,Loss/RL,6.0100000,0.00541480221
TD3 randT baseline,Loss/RL,6.0300000,0.00548081538
TD3 randT baseline,Loss/RL,6.0500000,0.00641963622
TD3 randT baseline,Loss/RL,6.0700000,0.00722692246
TD3 randT baseline,Loss/RL,6.0900000,0.0078562188
TD3 randT baseline,Loss/RL,6.1100000,0.00741874436
TD3 randT baseline,Loss/RL,6.1300000,0.00706139742
TD3 randT baseline,Loss/RL,6.1500000,0.00676031946
TD3 randT baseline,Loss/RL,6.1700000,0.00622508959
TD3 randT baseline,Loss/RL,6.1900000,0.00524944752
TD3 randT baseline,Loss/RL,6.2100000,0.0047709709
TD3 randT baseline,Loss/RL,6.2300000,0.00510588014
TD3 randT baseline,Loss/RL,6.2500000,0.00443125553
TD3 randT baseline,Loss/RL,6.2700000,0.00406494131
TD3 randT baseline,Loss/RL,6.2900000,0.00386846066
TD3 randT baseline,Loss/RL,6.3100000,0.00381986941
TD3 randT baseline,Loss/RL,6.3300000,0.00375096663
TD3 randT baseline,Loss/RL,6.3500000,0.00405632155
TD3 randT baseline,Loss/RL,6.3700000,0.00418763543
TD3 randT baseline,Loss/RL,6.3900000,0.00393939596
TD3 randT baseline,Loss/RL,6.4100000,0.00551795028
TD3 randT baseline,Loss/RL,6.4300000,0.00561045334
TD3 randT baseline,Loss/RL,6.4500000,0.00845955433
TD3 randT baseline,Loss/RL,6.4700000,0.00775717967
TD3 randT baseline,Loss/RL,6.4900000,0.00819954532
TD3 randT baseline,Loss/RL,6.5100000,0.00949667017
TD3 randT baseline,Loss/RL,6.5300000,0.00921655209
TD3 randT baseline,Loss/RL,6.5500000,0.00593497544
TD3 randT baseline,Loss/RL,6.5700000,0.00627909703
TD3 randT baseline,Loss/RL,6.5900000,0.00675828457
TD3 randT baseline,Loss/RL,6.6100000,0.0043902481
TD3 randT baseline,Loss/RL,6.6300000,0.00507861208
TD3 randT baseline,Loss/RL,6.6500000,0.00502654212
TD3 randT baseline,Loss/RL,6.6700000,0.0060366476
TD3 randT baseline,Loss/RL,6.6900000,0.00556506738
TD3 randT baseline,Loss/RL,6.7100000,0.00608269535
TD3 randT baseline,Loss/RL,6.7300000,0.00596669717
TD3 randT baseline,Loss/RL,6.7500000,0.00658785822
TD3 randT baseline,Loss/RL,6.7700000,0.00565863755
TD3 randT baseline,Loss/RL,6.7900000,0.00518418066
TD3 randT baseline,Loss/RL,6.8100000,0.0044681468
TD3 randT baseline,Loss/RL,6.8300000,0.00493401242
TD3 randT baseline,Loss/RL,6.8500000,0.00482309824
TD3 randT baseline,Loss/RL,6.8700000,0.00496220123
TD3 randT baseline,Loss/RL,6.8900000,0.005301587
TD3 randT baseline,Loss/RL,6.9100000,0.00552818757
TD3 randT baseline,Loss/RL,6.9300000,0.00524335699
TD3 randT baseline,Loss/RL,6.9500000,0.00500152614
TD3 randT baseline,Loss/RL,6.9700000,0.00516740028
TD3 randT baseline,Loss/RL,6.9900000,0.005047011
TD3 randT baseline,Loss/RL,7.0100000,0.00471359789
TD3 randT baseline,Loss/RL,7.0300000,0.00410420178
TD3 randT baseline,Loss/RL,7.0500000,0.00547502246
TD3 randT baseline,Loss/RL,7.0700000,0.00500077801
TD3 randT baseline,Loss/RL,7.0900000,0.00495938491
TD3 randT baseline,Loss/RL,7.1100000,0.00480323867
TD3 randT baseline,Loss/RL,7.1300000,0.00482554291
TD3 randT baseline,Loss/RL,7.1500000,0.0040944478
TD3 randT baseline,Loss/RL,7.1700000,0.00402001436
TD3 randT baseline,Loss/RL,7.1900000,0.00395962945
TD3 randT baseline,Loss/RL,7.2100000,0.00489181168
TD3 randT baseline,Loss/RL,7.2300000,0.00513565931
TD3 randT baseline,Loss/RL,7.2500000,0.00473374175
TD3 randT baseline,Loss/RL,7.2700000,0.00472939964
TD3 randT baseline,Loss/RL,7.2900000,0.00512366043
TD3 randT baseline,Loss/RL,7.3100000,0.00591920353
TD3 randT baseline,Loss/RL,7.3300000,0.00534407278
TD3 randT baseline,Loss/RL,7.3500000,0.0053195016
TD3 randT baseline,Loss/RL,7.3700000,0.00539858863
TD3 randT baseline,Loss/RL,7.3900000,0.00518489582
TD3 randT baseline,Loss/RL,7.4100000,0.00555629293
TD3 randT baseline,Loss/RL,7.4300000,0.00579837589
TD3 randT baseline,Loss/RL,7.4500000,0.00539845666
TD3 randT baseline,Loss/RL,7.4700000,0.00684721074
TD3 randT baseline,Loss/RL,7.4900000,0.00672499309
TD3 randT baseline,Loss/RL,7.5100000,0.00536516937
TD3 randT baseline,Loss/RL,7.5300000,0.00525556114
TD3 randT baseline,Loss/RL,7.5500000,0.00606852071
TD3 randT baseline,Loss/RL,7.5700000,0.00463988669
TD3 randT baseline,Loss/RL,7.5900000,0.00462573594
TD3 randT baseline,Loss/RL,7.6100000,0.00407673395
TD3 randT baseline,Loss/RL,7.6300000,0.00416124328
TD3 randT baseline,Loss/RL,7.6500000,0.00387097499
TD3 randT baseline,Loss/RL,7.6700000,0.00487068114
TD3 randT baseline,Loss/RL,7.6900000,0.00558364727
TD3 randT baseline,Loss/RL,7.7100000,0.00551711358
TD3 randT baseline,Loss/RL,7.7300000,0.00540637565
TD3 randT baseline,Loss/RL,7.7500000,0.00482937284
TD3 randT baseline,Loss/RL,7.7700000,0.00378390378
TD3 randT baseline,Loss/RL,7.7900000,0.00312975408
TD3 randT baseline,Loss/RL,7.8100000,0.00314173191
TD3 randT baseline,Loss/RL,7.8300000,0.00459833797
TD3 randT baseline,Loss/RL,7.8500000,0.00530574205
TD3 randT baseline,Loss/RL,7.8700000,0.00591977062
TD3 randT baseline,Loss/RL,7.8900000,0.00695086829
TD3 randT baseline,Loss/RL,7.9100000,0.00773265744
TD3 randT baseline,Loss/RL,7.9300000,0.00650670538
TD3 randT baseline,Loss/RL,7.9500000,0.00689140437
TD3 randT baseline,Loss/RL,7.9700000,0.00615705219
TD3 randT baseline,Loss/RL,7.9900000,0.00522901914
TD3 randT baseline,Loss/RL,8.0100000,0.0048331955
TD3 randT baseline,Loss/RL,8.0300000,0.00498968209
TD3 randT baseline,Loss/RL,8.0500000,0.00490272813
TD3 randT baseline,Loss/RL,8.0700000,0.00612334758
TD3 randT baseline,Loss/RL,8.0900000,0.00633234167
TD3 randT baseline,Loss/RL,8.1100000,0.00658901008
TD3 randT baseline,Loss/RL,8.1300000,0.00624232637
TD3 randT baseline,Loss/RL,8.1500000,0.00629670043
TD3 randT baseline,Loss/RL,8.1700000,0.00545912702
TD3 randT baseline,Loss/RL,8.1900000,0.00535425991
TD3 randT baseline,Loss/RL,8.2100000,0.00576565042
TD3 randT baseline,Loss/RL,8.2300000,0.00615859572
TD3 randT baseline,Loss/RL,8.2500000,0.00525406245
TD3 randT baseline,Loss/RL,8.2700000,0.00516034588
TD3 randT baseline,Loss/RL,8.2900000,0.00515740775
TD3 randT baseline,Loss/RL,8.3100000,0.00398200816
TD3 randT baseline,Loss/RL,8.3300000,0.00453978954
TD3 randT baseline,Loss/RL,8.3500000,0.00479801157
TD3 randT baseline,Loss/RL,8.3700000,0.00556210084
TD3 randT baseline,Loss/RL,8.3900000,0.00571629666
TD3 randT baseline,Loss/RL,8.4100000,0.00581375295
TD3 randT baseline,Loss/RL,8.4300000,0.00503852358
TD3 randT baseline,Loss/RL,8.4500000,0.00515582087
TD3 randT baseline,Loss/RL,8.4700000,0.00499632386
TD3 randT baseline,Loss/RL,8.4900000,0.00484638996
TD3 randT baseline,Loss/RL,8.5100000,0.00544873485
TD3 randT baseline,Loss/RL,8.5300000,0.00571778929
TD3 randT baseline,Loss/RL,8.5500000,0.00568721751
TD3 randT baseline,Loss/RL,8.5700000,0.00496551166
TD3 randT baseline,Loss/RL,8.5900000,0.00495889946
TD3 randT baseline,Loss/RL,8.6100000,0.00461194995
TD3 randT baseline,Loss/RL,8.6300000,0.00398514927
TD3 randT baseline,Loss/RL,8.6500000,0.00395126459
TD3 randT baseline,Loss/RL,8.6700000,0.00438188463
TD3 randT baseline,Loss/RL,8.6900000,0.00452053407
TD3 randT baseline,Loss/RL,8.7100000,0.00507026361
TD3 randT baseline,Loss/RL,8.7300000,0.00682341475
TD3 randT baseline,Loss/RL,8.7500000,0.00641251272
TD3 randT baseline,Loss/RL,8.7700000,0.00692960406
TD3 randT baseline,Loss/RL,8.7900000,0.00650836267
TD3 randT baseline,Loss/RL,8.8100000,0.00701765278
TD3 randT baseline,Loss/RL,8.8300000,0.00590322083
TD3 randT baseline,Loss/RL,8.8500000,0.00652458873
TD3 randT baseline,Loss/RL,8.8700000,0.00624020211
TD3 randT baseline,Loss/RL,8.8900000,0.0062847266
TD3 randT baseline,Loss/RL,8.9100000,0.00562296249
TD3 randT baseline,Loss/RL,8.9300000,0.0057704024
TD3 randT baseline,Loss/RL,8.9500000,0.00670894198
TD3 randT baseline,Loss/RL,8.9700000,0.00621834882
TD3 randT baseline,Loss/RL,8.9900000,0.00597466892
TD3 randT baseline,Loss/RL,9.0100000,0.0054897022
TD3 randT baseline,Loss/RL,9.0300000,0.00640027397
TD3 randT baseline,Loss/RL,9.0500000,0.00542180431
TD3 randT baseline,Loss/RL,9.0700000,0.00630993121
TD3 randT baseline,Loss/RL,9.0900000,0.00697390013
TD3 randT baseline,Loss/RL,9.1100000,0.00691141486
TD3 randT baseline,Loss/RL,9.1300000,0.00530012171
TD3 randT baseline,Loss/RL,9.1500000,0.00490222229
TD3 randT baseline,Loss/RL,9.1700000,0.00492242733
TD3 randT baseline,Loss/RL,9.1900000,0.00466000792
TD3 randT baseline,Loss/RL,9.2100000,0.00438381606
TD3 randT baseline,Loss/RL,9.2300000,0.00464477027
TD3 randT baseline,Loss/RL,9.2500000,0.00432621236
TD3 randT baseline,Loss/RL,9.2700000,0.00378905139
TD3 randT baseline,Loss/RL,9.2900000,0.00348173063
TD3 randT baseline,Loss/RL,9.3100000,0.00389981247
TD3 randT baseline,Loss/RL,9.3300000,0.0040822702
TD3 randT baseline,Loss/RL,9.3500000,0.00478016301
TD3 randT baseline,Loss/RL,9.3700000,0.00395911541
TD3 randT baseline,Loss/RL,9.3900000,0.0055740058
TD3 randT baseline,Loss/RL,9.4100000,0.00546284006
TD3 randT baseline,Loss/RL,9.4300000,0.00652654762
TD3 randT baseline,Loss/RL,9.4500000,0.00620291498
TD3 randT baseline,Loss/RL,9.4700000,0.00776761547
TD3 randT baseline,Loss/RL,9.4900000,0.00624779589
TD3 randT baseline,Loss/RL,9.5100000,0.00675366665
TD3 randT baseline,Loss/RL,9.5300000,0.0058192235
TD3 randT baseline,Loss/RL,9.5500000,0.00620529302
TD3 randT baseline,Loss/RL,9.5700000,0.00639179968
TD3 randT baseline,Loss/RL,9.5900000,0.00618744818
TD3 randT baseline,Loss/RL,9.6100000,0.0053415956
TD3 randT baseline,Loss/RL,9.6300000,0.0061994507
TD3 randT baseline,Loss/RL,9.6500000,0.00598868877
TD3 randT baseline,Loss/RL,9.6700000,0.00593827888
TD3 randT baseline,Loss/RL,9.6900000,0.00618893648
TD3 randT baseline,Loss/RL,9.7100000,0.00654592463
TD3 randT baseline,Loss/RL,9.7300000,0.00553937503
TD3 randT baseline,Loss/RL,9.7500000,0.00524383471
TD3 randT baseline,Loss/RL,9.7700000,0.00370464502
TD3 randT baseline,Loss/RL,9.7900000,0.00355986506
TD3 randT baseline,Loss/RL,9.8100000,0.00390392803
TD3 randT baseline,Loss/RL,9.8300000,0.0045379417
TD3 randT baseline,Loss/RL,9.8500000,0.00488462783
TD3 randT baseline,Loss/RL,9.8700000,0.00668026353
TD3 randT baseline,Loss/RL,9.8900000,0.0067930928
TD3 randT baseline,Loss/RL,9.9100000,0.00638075033
TD3 randT baseline,Loss/RL,9.9300000,0.00609480282
TD3 randT baseline,Loss/RL,9.9500000,0.00610656003
TD3 randT baseline,Loss/RL,9.9700000,0.00451912256
TD3 randT baseline,Loss/RL,9.9900000,0.00453434023
TD3 randT baseline,Loss/RL,10.0100000,0.00462210523
PIRL lineage to mixedHJB 15M,RL/Average Reward,0.0100000,0.0640000008
PIRL lineage to mixedHJB 15M,RL/Average Reward,0.0300000,0.0760000005
PIRL lineage to mixedHJB 15M,RL/Average Reward,0.0500000,0.0899999999
PIRL lineage to mixedHJB 15M,RL/Average Reward,0.0700000,0.0980000004
PIRL lineage to mixedHJB 15M,RL/Average Reward,0.0900000,0.1
PIRL lineage to mixedHJB 15M,RL/Average Reward,0.1100000,0.108
PIRL lineage to mixedHJB 15M,RL/Average Reward,0.1300000,0.0939999998
PIRL lineage to mixedHJB 15M,RL/Average Reward,0.1500000,0.0800000004
PIRL lineage to mixedHJB 15M,RL/Average Reward,0.1700000,0.0859999992
PIRL lineage to mixedHJB 15M,RL/Average Reward,0.1900000,0.100000001
PIRL lineage to mixedHJB 15M,RL/Average Reward,0.2100000,0.0980000012
PIRL lineage to mixedHJB 15M,RL/Average Reward,0.2300000,0.116
PIRL lineage to mixedHJB 15M,RL/Average Reward,0.2500000,0.131999999
PIRL lineage to mixedHJB 15M,RL/Average Reward,0.2700000,0.126000001
PIRL lineage to mixedHJB 15M,RL/Average Reward,0.2900000,0.115999998
PIRL lineage to mixedHJB 15M,RL/Average Reward,0.3100000,0.125999999
PIRL lineage to mixedHJB 15M,RL/Average Reward,0.3300000,0.123999999
PIRL lineage to mixedHJB 15M,RL/Average Reward,0.3500000,0.12
PIRL lineage to mixedHJB 15M,RL/Average Reward,0.3700000,0.13
PIRL lineage to mixedHJB 15M,RL/Average Reward,0.3900000,0.118000001
PIRL lineage to mixedHJB 15M,RL/Average Reward,0.4100000,0.108
PIRL lineage to mixedHJB 15M,RL/Average Reward,0.4300000,0.116
PIRL lineage to mixedHJB 15M,RL/Average Reward,0.4500000,0.122
PIRL lineage to mixedHJB 15M,RL/Average Reward,0.4700000,0.122
PIRL lineage to mixedHJB 15M,RL/Average Reward,0.4900000,0.138000001
PIRL lineage to mixedHJB 15M,RL/Average Reward,0.5100000,0.142
PIRL lineage to mixedHJB 15M,RL/Average Reward,0.5300000,0.146000002
PIRL lineage to mixedHJB 15M,RL/Average Reward,0.5500000,0.152000003
PIRL lineage to mixedHJB 15M,RL/Average Reward,0.5700000,0.144000003
PIRL lineage to mixedHJB 15M,RL/Average Reward,0.5900000,0.146000001
PIRL lineage to mixedHJB 15M,RL/Average Reward,0.6100000,0.158000003
PIRL lineage to mixedHJB 15M,RL/Average Reward,0.6300000,0.152000003
PIRL lineage to mixedHJB 15M,RL/Average Reward,0.6500000,0.174000002
PIRL lineage to mixedHJB 15M,RL/Average Reward,0.6700000,0.204000002
PIRL lineage to mixedHJB 15M,RL/Average Reward,0.6900000,0.214000002
PIRL lineage to mixedHJB 15M,RL/Average Reward,0.7100000,0.270000002
PIRL lineage to mixedHJB 15M,RL/Average Reward,0.7300000,0.364000002
PIRL lineage to mixedHJB 15M,RL/Average Reward,0.7500000,0.459999999
PIRL lineage to mixedHJB 15M,RL/Average Reward,0.7700000,0.556000003
PIRL lineage to mixedHJB 15M,RL/Average Reward,0.7900000,0.676000005
PIRL lineage to mixedHJB 15M,RL/Average Reward,0.8100000,0.744000006
PIRL lineage to mixedHJB 15M,RL/Average Reward,0.8300000,0.784000003
PIRL lineage to mixedHJB 15M,RL/Average Reward,0.8500000,0.786000001
PIRL lineage to mixedHJB 15M,RL/Average Reward,0.8700000,0.810000002
PIRL lineage to mixedHJB 15M,RL/Average Reward,0.8900000,0.815999997
PIRL lineage to mixedHJB 15M,RL/Average Reward,0.9100000,0.829999995
PIRL lineage to mixedHJB 15M,RL/Average Reward,0.9300000,0.827999997
PIRL lineage to mixedHJB 15M,RL/Average Reward,0.9500000,0.838
PIRL lineage to mixedHJB 15M,RL/Average Reward,0.9700000,0.727999997
PIRL lineage to mixedHJB 15M,RL/Average Reward,0.9900000,0.596000004
PIRL lineage to mixedHJB 15M,RL/Average Reward,1.0100000,0.490000004
PIRL lineage to mixedHJB 15M,RL/Average Reward,1.0300000,0.360000002
PIRL lineage to mixedHJB 15M,RL/Average Reward,1.0500000,0.246000004
PIRL lineage to mixedHJB 15M,RL/Average Reward,1.0700000,0.244
PIRL lineage to mixedHJB 15M,RL/Average Reward,1.0900000,0.259999996
PIRL lineage to mixedHJB 15M,RL/Average Reward,1.1100000,0.241999996
PIRL lineage to mixedHJB 15M,RL/Average Reward,1.1300000,0.265999997
PIRL lineage to mixedHJB 15M,RL/Average Reward,1.1500000,0.283999997
PIRL lineage to mixedHJB 15M,RL/Average Reward,1.1700000,0.286000001
PIRL lineage to mixedHJB 15M,RL/Average Reward,1.1900000,0.294000006
PIRL lineage to mixedHJB 15M,RL/Average Reward,1.2100000,0.300000006
PIRL lineage to mixedHJB 15M,RL/Average Reward,1.2300000,0.294000006
PIRL lineage to mixedHJB 15M,RL/Average Reward,1.2500000,0.280000007
PIRL lineage to mixedHJB 15M,RL/Average Reward,1.2700000,0.280000007
PIRL lineage to mixedHJB 15M,RL/Average Reward,1.2900000,0.274000007
PIRL lineage to mixedHJB 15M,RL/Average Reward,1.3100000,0.284000009
PIRL lineage to mixedHJB 15M,RL/Average Reward,1.3300000,0.30200001
PIRL lineage to mixedHJB 15M,RL/Average Reward,1.3500000,0.30200001
PIRL lineage to mixedHJB 15M,RL/Average Reward,1.3700000,0.304000008
PIRL lineage to mixedHJB 15M,RL/Average Reward,1.3900000,0.284000006
PIRL lineage to mixedHJB 15M,RL/Average Reward,1.4100000,0.288000003
PIRL lineage to mixedHJB 15M,RL/Average Reward,1.4300000,0.286000004
PIRL lineage to mixedHJB 15M,RL/Average Reward,1.4500000,0.282000002
PIRL lineage to mixedHJB 15M,RL/Average Reward,1.4700000,0.270000002
PIRL lineage to mixedHJB 15M,RL/Average Reward,1.4900000,0.312
PIRL lineage to mixedHJB 15M,RL/Average Reward,1.5100000,0.312
PIRL lineage to mixedHJB 15M,RL/Average Reward,1.5300000,0.297999996
PIRL lineage to mixedHJB 15M,RL/Average Reward,1.5500000,0.293999997
PIRL lineage to mixedHJB 15M,RL/Average Reward,1.5700000,0.295999995
PIRL lineage to mixedHJB 15M,RL/Average Reward,1.5900000,0.269999996
PIRL lineage to mixedHJB 15M,RL/Average Reward,1.6100000,0.275999996
PIRL lineage to mixedHJB 15M,RL/Average Reward,1.6300000,0.267999998
PIRL lineage to mixedHJB 15M,RL/Average Reward,1.6500000,0.281999999
PIRL lineage to mixedHJB 15M,RL/Average Reward,1.6700000,0.304000002
PIRL lineage to mixedHJB 15M,RL/Average Reward,1.6900000,0.310000002
PIRL lineage to mixedHJB 15M,RL/Average Reward,1.7100000,0.306000006
PIRL lineage to mixedHJB 15M,RL/Average Reward,1.7300000,0.320000005
PIRL lineage to mixedHJB 15M,RL/Average Reward,1.7500000,0.322000003
PIRL lineage to mixedHJB 15M,RL/Average Reward,1.7700000,0.310000002
PIRL lineage to mixedHJB 15M,RL/Average Reward,1.7900000,0.320000005
PIRL lineage to mixedHJB 15M,RL/Average Reward,1.8100000,0.312
PIRL lineage to mixedHJB 15M,RL/Average Reward,1.8300000,0.324000001
PIRL lineage to mixedHJB 15M,RL/Average Reward,1.8500000,0.313999999
PIRL lineage to mixedHJB 15M,RL/Average Reward,1.8700000,0.321999997
PIRL lineage to mixedHJB 15M,RL/Average Reward,1.8900000,0.303999993
PIRL lineage to mixedHJB 15M,RL/Average Reward,1.9100000,0.287999994
PIRL lineage to mixedHJB 15M,RL/Average Reward,1.9300000,0.271999997
PIRL lineage to mixedHJB 15M,RL/Average Reward,1.9500000,0.269999999
PIRL lineage to mixedHJB 15M,RL/Average Reward,1.9700000,0.262
PIRL lineage to mixedHJB 15M,RL/Average Reward,1.9900000,0.272
PIRL lineage to mixedHJB 15M,RL/Average Reward,2.0100000,0.280000001
PIRL lineage to mixedHJB 15M,RL/Average Reward,2.0300000,0.294
PIRL lineage to mixedHJB 15M,RL/Average Reward,2.0500000,0.319999999
PIRL lineage to mixedHJB 15M,RL/Average Reward,2.0700000,0.312
PIRL lineage to mixedHJB 15M,RL/Average Reward,2.0900000,0.310000002
PIRL lineage to mixedHJB 15M,RL/Average Reward,2.1100000,0.304000002
PIRL lineage to mixedHJB 15M,RL/Average Reward,2.1300000,0.319999999
PIRL lineage to mixedHJB 15M,RL/Average Reward,2.1500000,0.321999997
PIRL lineage to mixedHJB 15M,RL/Average Reward,2.1700000,0.327999997
PIRL lineage to mixedHJB 15M,RL/Average Reward,2.1900000,0.338
PIRL lineage to mixedHJB 15M,RL/Average Reward,2.2100000,0.365999997
PIRL lineage to mixedHJB 15M,RL/Average Reward,2.2300000,0.359999996
PIRL lineage to mixedHJB 15M,RL/Average Reward,2.2500000,0.365999997
PIRL lineage to mixedHJB 15M,RL/Average Reward,2.2700000,0.379999995
PIRL lineage to mixedHJB 15M,RL/Average Reward,2.2900000,0.387999994
PIRL lineage to mixedHJB 15M,RL/Average Reward,2.3100000,0.391999996
PIRL lineage to mixedHJB 15M,RL/Average Reward,2.3300000,0.403999996
PIRL lineage to mixedHJB 15M,RL/Average Reward,2.3500000,0.397999996
PIRL lineage to mixedHJB 15M,RL/Average Reward,2.3700000,0.389999998
PIRL lineage to mixedHJB 15M,RL/Average Reward,2.3900000,0.393999994
PIRL lineage to mixedHJB 15M,RL/Average Reward,2.4100000,0.387999994
PIRL lineage to mixedHJB 15M,RL/Average Reward,2.4300000,0.389999998
PIRL lineage to mixedHJB 15M,RL/Average Reward,2.4500000,0.394
PIRL lineage to mixedHJB 15M,RL/Average Reward,2.4700000,0.388
PIRL lineage to mixedHJB 15M,RL/Average Reward,2.4900000,0.382000005
PIRL lineage to mixedHJB 15M,RL/Average Reward,2.5100000,0.388000005
PIRL lineage to mixedHJB 15M,RL/Average Reward,2.5300000,0.378000003
PIRL lineage to mixedHJB 15M,RL/Average Reward,2.5500000,0.354000002
PIRL lineage to mixedHJB 15M,RL/Average Reward,2.5700000,0.368000001
PIRL lineage to mixedHJB 15M,RL/Average Reward,2.5900000,0.369999999
PIRL lineage to mixedHJB 15M,RL/Average Reward,2.6100000,0.368000001
PIRL lineage to mixedHJB 15M,RL/Average Reward,2.6300000,0.35
PIRL lineage to mixedHJB 15M,RL/Average Reward,2.6500000,0.380000001
PIRL lineage to mixedHJB 15M,RL/Average Reward,2.6700000,0.380000001
PIRL lineage to mixedHJB 15M,RL/Average Reward,2.6900000,0.381999999
PIRL lineage to mixedHJB 15M,RL/Average Reward,2.7100000,0.381999999
PIRL lineage to mixedHJB 15M,RL/Average Reward,2.7300000,0.394
PIRL lineage to mixedHJB 15M,RL/Average Reward,2.7500000,0.389999998
PIRL lineage to mixedHJB 15M,RL/Average Reward,2.7700000,0.388
PIRL lineage to mixedHJB 15M,RL/Average Reward,2.7900000,0.398000002
PIRL lineage to mixedHJB 15M,RL/Average Reward,2.8100000,0.390000004
PIRL lineage to mixedHJB 15M,RL/Average Reward,2.8300000,0.384000003
PIRL lineage to mixedHJB 15M,RL/Average Reward,2.8500000,0.368000007
PIRL lineage to mixedHJB 15M,RL/Average Reward,2.8700000,0.362000006
PIRL lineage to mixedHJB 15M,RL/Average Reward,2.8900000,0.350000006
PIRL lineage to mixedHJB 15M,RL/Average Reward,2.9100000,0.346000004
PIRL lineage to mixedHJB 15M,RL/Average Reward,2.9300000,0.352000004
PIRL lineage to mixedHJB 15M,RL/Average Reward,2.9500000,0.350000006
PIRL lineage to mixedHJB 15M,RL/Average Reward,2.9700000,0.360000002
PIRL lineage to mixedHJB 15M,RL/Average Reward,2.9900000,0.352000004
PIRL lineage to mixedHJB 15M,RL/Average Reward,3.0100000,0.360000002
PIRL lineage to mixedHJB 15M,RL/Average Reward,3.0300000,0.366000003
PIRL lineage to mixedHJB 15M,RL/Average Reward,3.0500000,0.375999999
PIRL lineage to mixedHJB 15M,RL/Average Reward,3.0700000,0.372000003
PIRL lineage to mixedHJB 15M,RL/Average Reward,3.0900000,0.372000003
PIRL lineage to mixedHJB 15M,RL/Average Reward,3.1100000,0.382000005
PIRL lineage to mixedHJB 15M,RL/Average Reward,3.1300000,0.378000003
PIRL lineage to mixedHJB 15M,RL/Average Reward,3.1500000,0.384000003
PIRL lineage to mixedHJB 15M,RL/Average Reward,3.1700000,0.362
PIRL lineage to mixedHJB 15M,RL/Average Reward,3.1900000,0.373999995
PIRL lineage to mixedHJB 15M,RL/Average Reward,3.2100000,0.363999993
PIRL lineage to mixedHJB 15M,RL/Average Reward,3.2300000,0.375999993
PIRL lineage to mixedHJB 15M,RL/Average Reward,3.2500000,0.355999994
PIRL lineage to mixedHJB 15M,RL/Average Reward,3.2700000,0.381999993
PIRL lineage to mixedHJB 15M,RL/Average Reward,3.2900000,0.377999997
PIRL lineage to mixedHJB 15M,RL/Average Reward,3.3100000,0.381999999
PIRL lineage to mixedHJB 15M,RL/Average Reward,3.3300000,0.352000004
PIRL lineage to mixedHJB 15M,RL/Average Reward,3.3500000,0.368000001
PIRL lineage to mixedHJB 15M,RL/Average Reward,3.3700000,0.369999999
PIRL lineage to mixedHJB 15M,RL/Average Reward,3.3900000,0.369999999
PIRL lineage to mixedHJB 15M,RL/Average Reward,3.4100000,0.369999999
PIRL lineage to mixedHJB 15M,RL/Average Reward,3.4300000,0.403999996
PIRL lineage to mixedHJB 15M,RL/Average Reward,3.4500000,0.4
PIRL lineage to mixedHJB 15M,RL/Average Reward,3.4700000,0.408000004
PIRL lineage to mixedHJB 15M,RL/Average Reward,3.4900000,0.418000001
PIRL lineage to mixedHJB 15M,RL/Average Reward,3.5100000,0.407999998
PIRL lineage to mixedHJB 15M,RL/Average Reward,3.5300000,0.388
PIRL lineage to mixedHJB 15M,RL/Average Reward,3.5500000,0.383999997
PIRL lineage to mixedHJB 15M,RL/Average Reward,3.5700000,0.357999998
PIRL lineage to mixedHJB 15M,RL/Average Reward,3.5900000,0.334000003
PIRL lineage to mixedHJB 15M,RL/Average Reward,3.6100000,0.344000006
PIRL lineage to mixedHJB 15M,RL/Average Reward,3.6300000,0.358000004
PIRL lineage to mixedHJB 15M,RL/Average Reward,3.6500000,0.354000008
PIRL lineage to mixedHJB 15M,RL/Average Reward,3.6700000,0.370000005
PIRL lineage to mixedHJB 15M,RL/Average Reward,3.6900000,0.390000004
PIRL lineage to mixedHJB 15M,RL/Average Reward,3.7100000,0.394
PIRL lineage to mixedHJB 15M,RL/Average Reward,3.7300000,0.392000002
PIRL lineage to mixedHJB 15M,RL/Average Reward,3.7500000,0.412
PIRL lineage to mixedHJB 15M,RL/Average Reward,3.7700000,0.424000001
PIRL lineage to mixedHJB 15M,RL/Average Reward,3.7900000,0.416000003
PIRL lineage to mixedHJB 15M,RL/Average Reward,3.8100000,0.410000002
PIRL lineage to mixedHJB 15M,RL/Average Reward,3.8300000,0.401999998
PIRL lineage to mixedHJB 15M,RL/Average Reward,3.8500000,0.399999994
PIRL lineage to mixedHJB 15M,RL/Average Reward,3.8700000,0.379999995
PIRL lineage to mixedHJB 15M,RL/Average Reward,3.8900000,0.38599999
PIRL lineage to mixedHJB 15M,RL/Average Reward,3.9100000,0.387999994
PIRL lineage to mixedHJB 15M,RL/Average Reward,3.9300000,0.373999995
PIRL lineage to mixedHJB 15M,RL/Average Reward,3.9500000,0.359999996
PIRL lineage to mixedHJB 15M,RL/Average Reward,3.9700000,0.359999996
PIRL lineage to mixedHJB 15M,RL/Average Reward,3.9900000,0.362
PIRL lineage to mixedHJB 15M,RL/Average Reward,4.0100000,0.357999998
PIRL lineage to mixedHJB 15M,RL/Average Reward,4.0300000,0.386000001
PIRL lineage to mixedHJB 15M,RL/Average Reward,4.0500000,0.390000004
PIRL lineage to mixedHJB 15M,RL/Average Reward,4.0700000,0.384000003
PIRL lineage to mixedHJB 15M,RL/Average Reward,4.0900000,0.372000003
PIRL lineage to mixedHJB 15M,RL/Average Reward,4.1100000,0.372000003
PIRL lineage to mixedHJB 15M,RL/Average Reward,4.1300000,0.344
PIRL lineage to mixedHJB 15M,RL/Average Reward,4.1500000,0.347999996
PIRL lineage to mixedHJB 15M,RL/Average Reward,4.1700000,0.383999997
PIRL lineage to mixedHJB 15M,RL/Average Reward,4.1900000,0.389999998
PIRL lineage to mixedHJB 15M,RL/Average Reward,4.2100000,0.406
PIRL lineage to mixedHJB 15M,RL/Average Reward,4.2300000,0.414000005
PIRL lineage to mixedHJB 15M,RL/Average Reward,4.2500000,0.420000005
PIRL lineage to mixedHJB 15M,RL/Average Reward,4.2700000,0.386000001
PIRL lineage to mixedHJB 15M,RL/Average Reward,4.2900000,0.389999998
PIRL lineage to mixedHJB 15M,RL/Average Reward,4.3100000,0.367999995
PIRL lineage to mixedHJB 15M,RL/Average Reward,4.3300000,0.369999993
PIRL lineage to mixedHJB 15M,RL/Average Reward,4.3500000,0.375999993
PIRL lineage to mixedHJB 15M,RL/Average Reward,4.3700000,0.371999997
PIRL lineage to mixedHJB 15M,RL/Average Reward,4.3900000,0.366000003
PIRL lineage to mixedHJB 15M,RL/Average Reward,4.4100000,0.376000005
PIRL lineage to mixedHJB 15M,RL/Average Reward,4.4300000,0.384000003
PIRL lineage to mixedHJB 15M,RL/Average Reward,4.4500000,0.378000003
PIRL lineage to mixedHJB 15M,RL/Average Reward,4.4700000,0.401999998
PIRL lineage to mixedHJB 15M,RL/Average Reward,4.4900000,0.411999995
PIRL lineage to mixedHJB 15M,RL/Average Reward,4.5100000,0.383999991
PIRL lineage to mixedHJB 15M,RL/Average Reward,4.5300000,0.369999993
PIRL lineage to mixedHJB 15M,RL/Average Reward,4.5500000,0.353999996
PIRL lineage to mixedHJB 15M,RL/Average Reward,4.5700000,0.331999999
PIRL lineage to mixedHJB 15M,RL/Average Reward,4.5900000,0.316000003
PIRL lineage to mixedHJB 15M,RL/Average Reward,4.6100000,0.332000005
PIRL lineage to mixedHJB 15M,RL/Average Reward,4.6300000,0.336000007
PIRL lineage to mixedHJB 15M,RL/Average Reward,4.6500000,0.362000006
PIRL lineage to mixedHJB 15M,RL/Average Reward,4.6700000,0.370000005
PIRL lineage to mixedHJB 15M,RL/Average Reward,4.6900000,0.368000001
PIRL lineage to mixedHJB 15M,RL/Average Reward,4.7100000,0.372000003
PIRL lineage to mixedHJB 15M,RL/Average Reward,4.7300000,0.374000001
PIRL lineage to mixedHJB 15M,RL/Average Reward,4.7500000,0.352000004
PIRL lineage to mixedHJB 15M,RL/Average Reward,4.7700000,0.356000006
PIRL lineage to mixedHJB 15M,RL/Average Reward,4.7900000,0.356000006
PIRL lineage to mixedHJB 15M,RL/Average Reward,4.8100000,0.358000004
PIRL lineage to mixedHJB 15M,RL/Average Reward,4.8300000,0.354000002
PIRL lineage to mixedHJB 15M,RL/Average Reward,4.8500000,0.351999998
PIRL lineage to mixedHJB 15M,RL/Average Reward,4.8700000,0.353999996
PIRL lineage to mixedHJB 15M,RL/Average Reward,4.8900000,0.353999996
PIRL lineage to mixedHJB 15M,RL/Average Reward,4.9100000,0.341999996
PIRL lineage to mixedHJB 15M,RL/Average Reward,4.9300000,0.347999996
PIRL lineage to mixedHJB 15M,RL/Average Reward,4.9500000,0.347999996
PIRL lineage to mixedHJB 15M,RL/Average Reward,4.9700000,0.341999996
PIRL lineage to mixedHJB 15M,RL/Average Reward,4.9900000,0.347999996
PIRL lineage to mixedHJB 15M,RL/Average Reward,5.0100000,0.107999998
PIRL lineage to mixedHJB 15M,RL/Average Reward,5.0300000,0.129999998
PIRL lineage to mixedHJB 15M,RL/Average Reward,5.0500000,0.141999999
PIRL lineage to mixedHJB 15M,RL/Average Reward,5.0700000,0.156
PIRL lineage to mixedHJB 15M,RL/Average Reward,5.0900000,0.15
PIRL lineage to mixedHJB 15M,RL/Average Reward,5.1100000,0.156
PIRL lineage to mixedHJB 15M,RL/Average Reward,5.1300000,0.138000001
PIRL lineage to mixedHJB 15M,RL/Average Reward,5.1500000,0.142
PIRL lineage to mixedHJB 15M,RL/Average Reward,5.1700000,0.148
PIRL lineage to mixedHJB 15M,RL/Average Reward,5.1900000,0.156000002
PIRL lineage to mixedHJB 15M,RL/Average Reward,5.2100000,0.154000001
PIRL lineage to mixedHJB 15M,RL/Average Reward,5.2300000,0.175999999
PIRL lineage to mixedHJB 15M,RL/Average Reward,5.2500000,0.166
PIRL lineage to mixedHJB 15M,RL/Average Reward,5.2700000,0.169999999
PIRL lineage to mixedHJB 15M,RL/Average Reward,5.2900000,0.183999997
PIRL lineage to mixedHJB 15M,RL/Average Reward,5.3100000,0.206
PIRL lineage to mixedHJB 15M,RL/Average Reward,5.3300000,0.200000003
PIRL lineage to mixedHJB 15M,RL/Average Reward,5.3500000,0.224000004
PIRL lineage to mixedHJB 15M,RL/Average Reward,5.3700000,0.226000002
PIRL lineage to mixedHJB 15M,RL/Average Reward,5.3900000,0.212000003
PIRL lineage to mixedHJB 15M,RL/Average Reward,5.4100000,0.198000002
PIRL lineage to mixedHJB 15M,RL/Average Reward,5.4300000,0.194
PIRL lineage to mixedHJB 15M,RL/Average Reward,5.4500000,0.169999999
PIRL lineage to mixedHJB 15M,RL/Average Reward,5.4700000,0.15
PIRL lineage to mixedHJB 15M,RL/Average Reward,5.4900000,0.144
PIRL lineage to mixedHJB 15M,RL/Average Reward,5.5100000,0.131999999
PIRL lineage to mixedHJB 15M,RL/Average Reward,5.5300000,0.131999999
PIRL lineage to mixedHJB 15M,RL/Average Reward,5.5500000,0.135999998
PIRL lineage to mixedHJB 15M,RL/Average Reward,5.5700000,0.144
PIRL lineage to mixedHJB 15M,RL/Average Reward,5.5900000,0.167999998
PIRL lineage to mixedHJB 15M,RL/Average Reward,5.6100000,0.163999997
PIRL lineage to mixedHJB 15M,RL/Average Reward,5.6300000,0.167999999
PIRL lineage to mixedHJB 15M,RL/Average Reward,5.6500000,0.17
PIRL lineage to mixedHJB 15M,RL/Average Reward,5.6700000,0.177999999
PIRL lineage to mixedHJB 15M,RL/Average Reward,5.6900000,0.167999999
PIRL lineage to mixedHJB 15M,RL/Average Reward,5.7100000,0.178
PIRL lineage to mixedHJB 15M,RL/Average Reward,5.7300000,0.175999999
PIRL lineage to mixedHJB 15M,RL/Average Reward,5.7500000,0.184
PIRL lineage to mixedHJB 15M,RL/Average Reward,5.7700000,0.186000001
PIRL lineage to mixedHJB 15M,RL/Average Reward,5.7900000,0.172000003
PIRL lineage to mixedHJB 15M,RL/Average Reward,5.8100000,0.176000002
PIRL lineage to mixedHJB 15M,RL/Average Reward,5.8300000,0.168000001
PIRL lineage to mixedHJB 15M,RL/Average Reward,5.8500000,0.157999998
PIRL lineage to mixedHJB 15M,RL/Average Reward,5.8700000,0.151999998
PIRL lineage to mixedHJB 15M,RL/Average Reward,5.8900000,0.169999999
PIRL lineage to mixedHJB 15M,RL/Average Reward,5.9100000,0.162
PIRL lineage to mixedHJB 15M,RL/Average Reward,5.9300000,0.168000001
PIRL lineage to mixedHJB 15M,RL/Average Reward,5.9500000,0.174000001
PIRL lineage to mixedHJB 15M,RL/Average Reward,5.9700000,0.156
PIRL lineage to mixedHJB 15M,RL/Average Reward,5.9900000,0.135999998
PIRL lineage to mixedHJB 15M,RL/Average Reward,6.0100000,0.145999998
PIRL lineage to mixedHJB 15M,RL/Average Reward,6.0300000,0.141999999
PIRL lineage to mixedHJB 15M,RL/Average Reward,6.0500000,0.15
PIRL lineage to mixedHJB 15M,RL/Average Reward,6.0700000,0.159999999
PIRL lineage to mixedHJB 15M,RL/Average Reward,6.0900000,0.180000001
PIRL lineage to mixedHJB 15M,RL/Average Reward,6.1100000,0.178
PIRL lineage to mixedHJB 15M,RL/Average Reward,6.1300000,0.173999999
PIRL lineage to mixedHJB 15M,RL/Average Reward,6.1500000,0.17
PIRL lineage to mixedHJB 15M,RL/Average Reward,6.1700000,0.180000003
PIRL lineage to mixedHJB 15M,RL/Average Reward,6.1900000,0.160000001
PIRL lineage to mixedHJB 15M,RL/Average Reward,6.2100000,0.166000001
PIRL lineage to mixedHJB 15M,RL/Average Reward,6.2300000,0.178000003
PIRL lineage to mixedHJB 15M,RL/Average Reward,6.2500000,0.184
PIRL lineage to mixedHJB 15M,RL/Average Reward,6.2700000,0.184
PIRL lineage to mixedHJB 15M,RL/Average Reward,6.2900000,0.186000001
PIRL lineage to mixedHJB 15M,RL/Average Reward,6.3100000,0.178000003
PIRL lineage to mixedHJB 15M,RL/Average Reward,6.3300000,0.182000002
PIRL lineage to mixedHJB 15M,RL/Average Reward,6.3500000,0.172000003
PIRL lineage to mixedHJB 15M,RL/Average Reward,6.3700000,0.172000003
PIRL lineage to mixedHJB 15M,RL/Average Reward,6.3900000,0.184000003
PIRL lineage to mixedHJB 15M,RL/Average Reward,6.4100000,0.178000003
PIRL lineage to mixedHJB 15M,RL/Average Reward,6.4300000,0.174000004
PIRL lineage to mixedHJB 15M,RL/Average Reward,6.4500000,0.190000004
PIRL lineage to mixedHJB 15M,RL/Average Reward,6.4700000,0.186000001
PIRL lineage to mixedHJB 15M,RL/Average Reward,6.4900000,0.168000001
PIRL lineage to mixedHJB 15M,RL/Average Reward,6.5100000,0.174000001
PIRL lineage to mixedHJB 15M,RL/Average Reward,6.5300000,0.174000001
PIRL lineage to mixedHJB 15M,RL/Average Reward,6.5500000,0.154000002
PIRL lineage to mixedHJB 15M,RL/Average Reward,6.5700000,0.156000003
PIRL lineage to mixedHJB 15M,RL/Average Reward,6.5900000,0.174000004
PIRL lineage to mixedHJB 15M,RL/Average Reward,6.6100000,0.170000002
PIRL lineage to mixedHJB 15M,RL/Average Reward,6.6300000,0.168000001
PIRL lineage to mixedHJB 15M,RL/Average Reward,6.6500000,0.191999999
PIRL lineage to mixedHJB 15M,RL/Average Reward,6.6700000,0.188
PIRL lineage to mixedHJB 15M,RL/Average Reward,6.6900000,0.189999998
PIRL lineage to mixedHJB 15M,RL/Average Reward,6.7100000,0.199999997
PIRL lineage to mixedHJB 15M,RL/Average Reward,6.7300000,0.201999998
PIRL lineage to mixedHJB 15M,RL/Average Reward,6.7500000,0.180000001
PIRL lineage to mixedHJB 15M,RL/Average Reward,6.7700000,0.196000001
PIRL lineage to mixedHJB 15M,RL/Average Reward,6.7900000,0.200000003
PIRL lineage to mixedHJB 15M,RL/Average Reward,6.8100000,0.198000005
PIRL lineage to mixedHJB 15M,RL/Average Reward,6.8300000,0.198000005
PIRL lineage to mixedHJB 15M,RL/Average Reward,6.8500000,0.190000004
PIRL lineage to mixedHJB 15M,RL/Average Reward,6.8700000,0.178000003
PIRL lineage to mixedHJB 15M,RL/Average Reward,6.8900000,0.164000002
PIRL lineage to mixedHJB 15M,RL/Average Reward,6.9100000,0.154000002
PIRL lineage to mixedHJB 15M,RL/Average Reward,6.9300000,0.148000002
PIRL lineage to mixedHJB 15M,RL/Average Reward,6.9500000,0.164000002
PIRL lineage to mixedHJB 15M,RL/Average Reward,6.9700000,0.181999999
PIRL lineage to mixedHJB 15M,RL/Average Reward,6.9900000,0.181999999
PIRL lineage to mixedHJB 15M,RL/Average Reward,7.0100000,0.199999997
PIRL lineage to mixedHJB 15M,RL/Average Reward,7.0300000,0.211999995
PIRL lineage to mixedHJB 15M,RL/Average Reward,7.0500000,0.197999994
PIRL lineage to mixedHJB 15M,RL/Average Reward,7.0700000,0.183999996
PIRL lineage to mixedHJB 15M,RL/Average Reward,7.0900000,0.185999997
PIRL lineage to mixedHJB 15M,RL/Average Reward,7.1100000,0.179999997
PIRL lineage to mixedHJB 15M,RL/Average Reward,7.1300000,0.165999998
PIRL lineage to mixedHJB 15M,RL/Average Reward,7.1500000,0.165999998
PIRL lineage to mixedHJB 15M,RL/Average Reward,7.1700000,0.151999998
PIRL lineage to mixedHJB 15M,RL/Average Reward,7.1900000,0.139999998
PIRL lineage to mixedHJB 15M,RL/Average Reward,7.2100000,0.129999998
PIRL lineage to mixedHJB 15M,RL/Average Reward,7.2300000,0.127999997
PIRL lineage to mixedHJB 15M,RL/Average Reward,7.2500000,0.143999998
PIRL lineage to mixedHJB 15M,RL/Average Reward,7.2700000,0.153999999
PIRL lineage to mixedHJB 15M,RL/Average Reward,7.2900000,0.172
PIRL lineage to mixedHJB 15M,RL/Average Reward,7.3100000,0.170000002
PIRL lineage to mixedHJB 15M,RL/Average Reward,7.3300000,0.184000003
PIRL lineage to mixedHJB 15M,RL/Average Reward,7.3500000,0.186000001
PIRL lineage to mixedHJB 15M,RL/Average Reward,7.3700000,0.198000002
PIRL lineage to mixedHJB 15M,RL/Average Reward,7.3900000,0.206
PIRL lineage to mixedHJB 15M,RL/Average Reward,7.4100000,0.207999998
PIRL lineage to mixedHJB 15M,RL/Average Reward,7.4300000,0.201999998
PIRL lineage to mixedHJB 15M,RL/Average Reward,7.4500000,0.178
PIRL lineage to mixedHJB 15M,RL/Average Reward,7.4700000,0.175999999
PIRL lineage to mixedHJB 15M,RL/Average Reward,7.4900000,0.158000001
PIRL lineage to mixedHJB 15M,RL/Average Reward,7.5100000,0.162000003
PIRL lineage to mixedHJB 15M,RL/Average Reward,7.5300000,0.174000004
PIRL lineage to mixedHJB 15M,RL/Average Reward,7.5500000,0.192000005
PIRL lineage to mixedHJB 15M,RL/Average Reward,7.5700000,0.188000005
PIRL lineage to mixedHJB 15M,RL/Average Reward,7.5900000,0.192000005
PIRL lineage to mixedHJB 15M,RL/Average Reward,7.6100000,0.194000003
PIRL lineage to mixedHJB 15M,RL/Average Reward,7.6300000,0.192000002
PIRL lineage to mixedHJB 15M,RL/Average Reward,7.6500000,0.2
PIRL lineage to mixedHJB 15M,RL/Average Reward,7.6700000,0.197999999
PIRL lineage to mixedHJB 15M,RL/Average Reward,7.6900000,0.207999998
PIRL lineage to mixedHJB 15M,RL/Average Reward,7.7100000,0.201999998
PIRL lineage to mixedHJB 15M,RL/Average Reward,7.7300000,0.194
PIRL lineage to mixedHJB 15M,RL/Average Reward,7.7500000,0.197999999
PIRL lineage to mixedHJB 15M,RL/Average Reward,7.7700000,0.188
PIRL lineage to mixedHJB 15M,RL/Average Reward,7.7900000,0.188
PIRL lineage to mixedHJB 15M,RL/Average Reward,7.8100000,0.2
PIRL lineage to mixedHJB 15M,RL/Average Reward,7.8300000,0.211999997
PIRL lineage to mixedHJB 15M,RL/Average Reward,7.8500000,0.191999999
PIRL lineage to mixedHJB 15M,RL/Average Reward,7.8700000,0.205999997
PIRL lineage to mixedHJB 15M,RL/Average Reward,7.8900000,0.189999998
PIRL lineage to mixedHJB 15M,RL/Average Reward,7.9100000,0.171999997
PIRL lineage to mixedHJB 15M,RL/Average Reward,7.9300000,0.167999998
PIRL lineage to mixedHJB 15M,RL/Average Reward,7.9500000,0.175999999
PIRL lineage to mixedHJB 15M,RL/Average Reward,7.9700000,0.172
PIRL lineage to mixedHJB 15M,RL/Average Reward,7.9900000,0.180000001
PIRL lineage to mixedHJB 15M,RL/Average Reward,8.0100000,0.184000003
PIRL lineage to mixedHJB 15M,RL/Average Reward,8.0300000,0.180000004
PIRL lineage to mixedHJB 15M,RL/Average Reward,8.0500000,0.178000003
PIRL lineage to mixedHJB 15M,RL/Average Reward,8.0700000,0.186000004
PIRL lineage to mixedHJB 15M,RL/Average Reward,8.0900000,0.186000004
PIRL lineage to mixedHJB 15M,RL/Average Reward,8.1100000,0.202000004
PIRL lineage to mixedHJB 15M,RL/Average Reward,8.1300000,0.192000005
PIRL lineage to mixedHJB 15M,RL/Average Reward,8.1500000,0.198000005
PIRL lineage to mixedHJB 15M,RL/Average Reward,8.1700000,0.178000003
PIRL lineage to mixedHJB 15M,RL/Average Reward,8.1900000,0.186000001
PIRL lineage to mixedHJB 15M,RL/Average Reward,8.2100000,0.174000001
PIRL lineage to mixedHJB 15M,RL/Average Reward,8.2300000,0.184
PIRL lineage to mixedHJB 15M,RL/Average Reward,8.2500000,0.169999999
PIRL lineage to mixedHJB 15M,RL/Average Reward,8.2700000,0.188
PIRL lineage to mixedHJB 15M,RL/Average Reward,8.2900000,0.185999998
PIRL lineage to mixedHJB 15M,RL/Average Reward,8.3100000,0.181999999
PIRL lineage to mixedHJB 15M,RL/Average Reward,8.3300000,0.178
PIRL lineage to mixedHJB 15M,RL/Average Reward,8.3500000,0.188000003
PIRL lineage to mixedHJB 15M,RL/Average Reward,8.3700000,0.188000003
PIRL lineage to mixedHJB 15M,RL/Average Reward,8.3900000,0.184000003
PIRL lineage to mixedHJB 15M,RL/Average Reward,8.4100000,0.204000002
PIRL lineage to mixedHJB 15M,RL/Average Reward,8.4300000,0.190000001
PIRL lineage to mixedHJB 15M,RL/Average Reward,8.4500000,0.185999998
PIRL lineage to mixedHJB 15M,RL/Average Reward,8.4700000,0.183999997
PIRL lineage to mixedHJB 15M,RL/Average Reward,8.4900000,0.187999997
PIRL lineage to mixedHJB 15M,RL/Average Reward,8.5100000,0.181999996
PIRL lineage to mixedHJB 15M,RL/Average Reward,8.5300000,0.185999995
PIRL lineage to mixedHJB 15M,RL/Average Reward,8.5500000,0.187999997
PIRL lineage to mixedHJB 15M,RL/Average Reward,8.5700000,0.187999997
PIRL lineage to mixedHJB 15M,RL/Average Reward,8.5900000,0.179999998
PIRL lineage to mixedHJB 15M,RL/Average Reward,8.6100000,0.197999999
PIRL lineage to mixedHJB 15M,RL/Average Reward,8.6300000,0.206
PIRL lineage to mixedHJB 15M,RL/Average Reward,8.6500000,0.216
PIRL lineage to mixedHJB 15M,RL/Average Reward,8.6700000,0.206
PIRL lineage to mixedHJB 15M,RL/Average Reward,8.6900000,0.208000001
PIRL lineage to mixedHJB 15M,RL/Average Reward,8.7100000,0.178
PIRL lineage to mixedHJB 15M,RL/Average Reward,8.7300000,0.174000001
PIRL lineage to mixedHJB 15M,RL/Average Reward,8.7500000,0.168000001
PIRL lineage to mixedHJB 15M,RL/Average Reward,8.7700000,0.188
PIRL lineage to mixedHJB 15M,RL/Average Reward,8.7900000,0.181999999
PIRL lineage to mixedHJB 15M,RL/Average Reward,8.8100000,0.191999999
PIRL lineage to mixedHJB 15M,RL/Average Reward,8.8300000,0.207999998
PIRL lineage to mixedHJB 15M,RL/Average Reward,8.8500000,0.211999997
PIRL lineage to mixedHJB 15M,RL/Average Reward,8.8700000,0.191999999
PIRL lineage to mixedHJB 15M,RL/Average Reward,8.8900000,0.216
PIRL lineage to mixedHJB 15M,RL/Average Reward,8.9100000,0.202000001
PIRL lineage to mixedHJB 15M,RL/Average Reward,8.9300000,0.202000001
PIRL lineage to mixedHJB 15M,RL/Average Reward,8.9500000,0.200000003
PIRL lineage to mixedHJB 15M,RL/Average Reward,8.9700000,0.210000002
PIRL lineage to mixedHJB 15M,RL/Average Reward,8.9900000,0.207999998
PIRL lineage to mixedHJB 15M,RL/Average Reward,9.0100000,0.237999997
PIRL lineage to mixedHJB 15M,RL/Average Reward,9.0300000,0.229999995
PIRL lineage to mixedHJB 15M,RL/Average Reward,9.0500000,0.225999996
PIRL lineage to mixedHJB 15M,RL/Average Reward,9.0700000,0.213999999
PIRL lineage to mixedHJB 15M,RL/Average Reward,9.0900000,0.194
PIRL lineage to mixedHJB 15M,RL/Average Reward,9.1100000,0.168000001
PIRL lineage to mixedHJB 15M,RL/Average Reward,9.1300000,0.154000001
PIRL lineage to mixedHJB 15M,RL/Average Reward,9.1500000,0.154000001
PIRL lineage to mixedHJB 15M,RL/Average Reward,9.1700000,0.178000002
PIRL lineage to mixedHJB 15M,RL/Average Reward,9.1900000,0.178000002
PIRL lineage to mixedHJB 15M,RL/Average Reward,9.2100000,0.194000001
PIRL lineage to mixedHJB 15M,RL/Average Reward,9.2300000,0.194000001
PIRL lineage to mixedHJB 15M,RL/Average Reward,9.2500000,0.188000001
PIRL lineage to mixedHJB 15M,RL/Average Reward,9.2700000,0.159999998
PIRL lineage to mixedHJB 15M,RL/Average Reward,9.2900000,0.155999999
PIRL lineage to mixedHJB 15M,RL/Average Reward,9.3100000,0.142
PIRL lineage to mixedHJB 15M,RL/Average Reward,9.3300000,0.156
PIRL lineage to mixedHJB 15M,RL/Average Reward,9.3500000,0.145999999
PIRL lineage to mixedHJB 15M,RL/Average Reward,9.3700000,0.164
PIRL lineage to mixedHJB 15M,RL/Average Reward,9.3900000,0.176000001
PIRL lineage to mixedHJB 15M,RL/Average Reward,9.4100000,0.188000001
PIRL lineage to mixedHJB 15M,RL/Average Reward,9.4300000,0.190000002
PIRL lineage to mixedHJB 15M,RL/Average Reward,9.4500000,0.200000003
PIRL lineage to mixedHJB 15M,RL/Average Reward,9.4700000,0.188000003
PIRL lineage to mixedHJB 15M,RL/Average Reward,9.4900000,0.194000003
PIRL lineage to mixedHJB 15M,RL/Average Reward,9.5100000,0.194000003
PIRL lineage to mixedHJB 15M,RL/Average Reward,9.5300000,0.180000001
PIRL lineage to mixedHJB 15M,RL/Average Reward,9.5500000,0.194
PIRL lineage to mixedHJB 15M,RL/Average Reward,9.5700000,0.194
PIRL lineage to mixedHJB 15M,RL/Average Reward,9.5900000,0.194
PIRL lineage to mixedHJB 15M,RL/Average Reward,9.6100000,0.191999999
PIRL lineage to mixedHJB 15M,RL/Average Reward,9.6300000,0.197999999
PIRL lineage to mixedHJB 15M,RL/Average Reward,9.6500000,0.181999999
PIRL lineage to mixedHJB 15M,RL/Average Reward,9.6700000,0.188
PIRL lineage to mixedHJB 15M,RL/Average Reward,9.6900000,0.167999998
PIRL lineage to mixedHJB 15M,RL/Average Reward,9.7100000,0.167999998
PIRL lineage to mixedHJB 15M,RL/Average Reward,9.7300000,0.190000001
PIRL lineage to mixedHJB 15M,RL/Average Reward,9.7500000,0.202000001
PIRL lineage to mixedHJB 15M,RL/Average Reward,9.7700000,0.200000003
PIRL lineage to mixedHJB 15M,RL/Average Reward,9.7900000,0.220000005
PIRL lineage to mixedHJB 15M,RL/Average Reward,9.8100000,0.222000006
PIRL lineage to mixedHJB 15M,RL/Average Reward,9.8300000,0.214000005
PIRL lineage to mixedHJB 15M,RL/Average Reward,9.8500000,0.206000003
PIRL lineage to mixedHJB 15M,RL/Average Reward,9.8700000,0.220000002
PIRL lineage to mixedHJB 15M,RL/Average Reward,9.8900000,0.212
PIRL lineage to mixedHJB 15M,RL/Average Reward,9.9100000,0.203999999
PIRL lineage to mixedHJB 15M,RL/Average Reward,9.9300000,0.185999998
PIRL lineage to mixedHJB 15M,RL/Average Reward,9.9500000,0.197999999
PIRL lineage to mixedHJB 15M,RL/Average Reward,9.9700000,0.191999999
PIRL lineage to mixedHJB 15M,RL/Average Reward,9.9900000,0.197999999
PIRL lineage to mixedHJB 15M,RL/Average Reward,10.0100000,0.172000003
PIRL lineage to mixedHJB 15M,RL/Average Reward,10.0300000,0.172000003
PIRL lineage to mixedHJB 15M,RL/Average Reward,10.0500000,0.174000001
PIRL lineage to mixedHJB 15M,RL/Average Reward,10.0700000,0.188
PIRL lineage to mixedHJB 15M,RL/Average Reward,10.0900000,0.178
PIRL lineage to mixedHJB 15M,RL/Average Reward,10.1100000,0.170000002
PIRL lineage to mixedHJB 15M,RL/Average Reward,10.1300000,0.176000002
PIRL lineage to mixedHJB 15M,RL/Average Reward,10.1500000,0.182000002
PIRL lineage to mixedHJB 15M,RL/Average Reward,10.1700000,0.180000001
PIRL lineage to mixedHJB 15M,RL/Average Reward,10.1900000,0.191999999
PIRL lineage to mixedHJB 15M,RL/Average Reward,10.2100000,0.188
PIRL lineage to mixedHJB 15M,RL/Average Reward,10.2300000,0.181999999
PIRL lineage to mixedHJB 15M,RL/Average Reward,10.2500000,0.181999999
PIRL lineage to mixedHJB 15M,RL/Average Reward,10.2700000,0.174000001
PIRL lineage to mixedHJB 15M,RL/Average Reward,10.2900000,0.178000003
PIRL lineage to mixedHJB 15M,RL/Average Reward,10.3100000,0.196000001
PIRL lineage to mixedHJB 15M,RL/Average Reward,10.3300000,0.197999999
PIRL lineage to mixedHJB 15M,RL/Average Reward,10.3500000,0.201999998
PIRL lineage to mixedHJB 15M,RL/Average Reward,10.3700000,0.211999997
PIRL lineage to mixedHJB 15M,RL/Average Reward,10.3900000,0.197999996
PIRL lineage to mixedHJB 15M,RL/Average Reward,10.4100000,0.177999997
PIRL lineage to mixedHJB 15M,RL/Average Reward,10.4300000,0.193999997
PIRL lineage to mixedHJB 15M,RL/Average Reward,10.4500000,0.179999998
PIRL lineage to mixedHJB 15M,RL/Average Reward,10.4700000,0.173999998
PIRL lineage to mixedHJB 15M,RL/Average Reward,10.4900000,0.175999999
PIRL lineage to mixedHJB 15M,RL/Average Reward,10.5100000,0.202000001
PIRL lineage to mixedHJB 15M,RL/Average Reward,10.5300000,0.170000002
PIRL lineage to mixedHJB 15M,RL/Average Reward,10.5500000,0.176000002
PIRL lineage to mixedHJB 15M,RL/Average Reward,10.5700000,0.192000005
PIRL lineage to mixedHJB 15M,RL/Average Reward,10.5900000,0.182000004
PIRL lineage to mixedHJB 15M,RL/Average Reward,10.6100000,0.164000003
PIRL lineage to mixedHJB 15M,RL/Average Reward,10.6300000,0.192000003
PIRL lineage to mixedHJB 15M,RL/Average Reward,10.6500000,0.200000001
PIRL lineage to mixedHJB 15M,RL/Average Reward,10.6700000,0.189999999
PIRL lineage to mixedHJB 15M,RL/Average Reward,10.6900000,0.222
PIRL lineage to mixedHJB 15M,RL/Average Reward,10.7100000,0.237999997
PIRL lineage to mixedHJB 15M,RL/Average Reward,10.7300000,0.229999998
PIRL lineage to mixedHJB 15M,RL/Average Reward,10.7500000,0.228
PIRL lineage to mixedHJB 15M,RL/Average Reward,10.7700000,0.216
PIRL lineage to mixedHJB 15M,RL/Average Reward,10.7900000,0.206
PIRL lineage to mixedHJB 15M,RL/Average Reward,10.8100000,0.178000002
PIRL lineage to mixedHJB 15M,RL/Average Reward,10.8300000,0.186
PIRL lineage to mixedHJB 15M,RL/Average Reward,10.8500000,0.166
PIRL lineage to mixedHJB 15M,RL/Average Reward,10.8700000,0.175999999
PIRL lineage to mixedHJB 15M,RL/Average Reward,10.8900000,0.163999999
PIRL lineage to mixedHJB 15M,RL/Average Reward,10.9100000,0.186
PIRL lineage to mixedHJB 15M,RL/Average Reward,10.9300000,0.183999999
PIRL lineage to mixedHJB 15M,RL/Average Reward,10.9500000,0.213999999
PIRL lineage to mixedHJB 15M,RL/Average Reward,10.9700000,0.203999999
PIRL lineage to mixedHJB 15M,RL/Average Reward,10.9900000,0.206
PIRL lineage to mixedHJB 15M,RL/Average Reward,11.0100000,0.196000001
PIRL lineage to mixedHJB 15M,RL/Average Reward,11.0300000,0.196000001
PIRL lineage to mixedHJB 15M,RL/Average Reward,11.0500000,0.184
PIRL lineage to mixedHJB 15M,RL/Average Reward,11.0700000,0.184
PIRL lineage to mixedHJB 15M,RL/Average Reward,11.0900000,0.184
PIRL lineage to mixedHJB 15M,RL/Average Reward,11.1100000,0.179999998
PIRL lineage to mixedHJB 15M,RL/Average Reward,11.1300000,0.166
PIRL lineage to mixedHJB 15M,RL/Average Reward,11.1500000,0.166
PIRL lineage to mixedHJB 15M,RL/Average Reward,11.1700000,0.180000001
PIRL lineage to mixedHJB 15M,RL/Average Reward,11.1900000,0.175999999
PIRL lineage to mixedHJB 15M,RL/Average Reward,11.2100000,0.185999998
PIRL lineage to mixedHJB 15M,RL/Average Reward,11.2300000,0.188
PIRL lineage to mixedHJB 15M,RL/Average Reward,11.2500000,0.210000002
PIRL lineage to mixedHJB 15M,RL/Average Reward,11.2700000,0.218000004
PIRL lineage to mixedHJB 15M,RL/Average Reward,11.2900000,0.232000005
PIRL lineage to mixedHJB 15M,RL/Average Reward,11.3100000,0.236000007
PIRL lineage to mixedHJB 15M,RL/Average Reward,11.3300000,0.252000007
PIRL lineage to mixedHJB 15M,RL/Average Reward,11.3500000,0.222000006
PIRL lineage to mixedHJB 15M,RL/Average Reward,11.3700000,0.204000005
PIRL lineage to mixedHJB 15M,RL/Average Reward,11.3900000,0.198000005
PIRL lineage to mixedHJB 15M,RL/Average Reward,11.4100000,0.196000004
PIRL lineage to mixedHJB 15M,RL/Average Reward,11.4300000,0.198000002
PIRL lineage to mixedHJB 15M,RL/Average Reward,11.4500000,0.214000002
PIRL lineage to mixedHJB 15M,RL/Average Reward,11.4700000,0.216
PIRL lineage to mixedHJB 15M,RL/Average Reward,11.4900000,0.230000001
PIRL lineage to mixedHJB 15M,RL/Average Reward,11.5100000,0.210000001
PIRL lineage to mixedHJB 15M,RL/Average Reward,11.5300000,0.196000002
PIRL lineage to mixedHJB 15M,RL/Average Reward,11.5500000,0.200000001
PIRL lineage to mixedHJB 15M,RL/Average Reward,11.5700000,0.190000002
PIRL lineage to mixedHJB 15M,RL/Average Reward,11.5900000,0.156
PIRL lineage to mixedHJB 15M,RL/Average Reward,11.6100000,0.173999999
PIRL lineage to mixedHJB 15M,RL/Average Reward,11.6300000,0.177999999
PIRL lineage to mixedHJB 15M,RL/Average Reward,11.6500000,0.164
PIRL lineage to mixedHJB 15M,RL/Average Reward,11.6700000,0.17
PIRL lineage to mixedHJB 15M,RL/Average Reward,11.6900000,0.196000001
PIRL lineage to mixedHJB 15M,RL/Average Reward,11.7100000,0.186000001
PIRL lineage to mixedHJB 15M,RL/Average Reward,11.7300000,0.2
PIRL lineage to mixedHJB 15M,RL/Average Reward,11.7500000,0.209999999
PIRL lineage to mixedHJB 15M,RL/Average Reward,11.7700000,0.206
PIRL lineage to mixedHJB 15M,RL/Average Reward,11.7900000,0.194
PIRL lineage to mixedHJB 15M,RL/Average Reward,11.8100000,0.196000001
PIRL lineage to mixedHJB 15M,RL/Average Reward,11.8300000,0.166000003
PIRL lineage to mixedHJB 15M,RL/Average Reward,11.8500000,0.146000001
PIRL lineage to mixedHJB 15M,RL/Average Reward,11.8700000,0.156
PIRL lineage to mixedHJB 15M,RL/Average Reward,11.8900000,0.158000001
PIRL lineage to mixedHJB 15M,RL/Average Reward,11.9100000,0.164000002
PIRL lineage to mixedHJB 15M,RL/Average Reward,11.9300000,0.180000001
PIRL lineage to mixedHJB 15M,RL/Average Reward,11.9500000,0.204000002
PIRL lineage to mixedHJB 15M,RL/Average Reward,11.9700000,0.198000002
PIRL lineage to mixedHJB 15M,RL/Average Reward,11.9900000,0.203999999
PIRL lineage to mixedHJB 15M,RL/Average Reward,12.0100000,0.194
PIRL lineage to mixedHJB 15M,RL/Average Reward,12.0300000,0.202000001
PIRL lineage to mixedHJB 15M,RL/Average Reward,12.0500000,0.192000002
PIRL lineage to mixedHJB 15M,RL/Average Reward,12.0700000,0.212000003
PIRL lineage to mixedHJB 15M,RL/Average Reward,12.0900000,0.200000006
PIRL lineage to mixedHJB 15M,RL/Average Reward,12.1100000,0.216000006
PIRL lineage to mixedHJB 15M,RL/Average Reward,12.1300000,0.206000006
PIRL lineage to mixedHJB 15M,RL/Average Reward,12.1500000,0.208000004
PIRL lineage to mixedHJB 15M,RL/Average Reward,12.1700000,0.196000001
PIRL lineage to mixedHJB 15M,RL/Average Reward,12.1900000,0.2
PIRL lineage to mixedHJB 15M,RL/Average Reward,12.2100000,0.188
PIRL lineage to mixedHJB 15M,RL/Average Reward,12.2300000,0.177999997
PIRL lineage to mixedHJB 15M,RL/Average Reward,12.2500000,0.179999998
PIRL lineage to mixedHJB 15M,RL/Average Reward,12.2700000,0.169999999
PIRL lineage to mixedHJB 15M,RL/Average Reward,12.2900000,0.166
PIRL lineage to mixedHJB 15M,RL/Average Reward,12.3100000,0.159999999
PIRL lineage to mixedHJB 15M,RL/Average Reward,12.3300000,0.181999999
PIRL lineage to mixedHJB 15M,RL/Average Reward,12.3500000,0.184
PIRL lineage to mixedHJB 15M,RL/Average Reward,12.3700000,0.192000002
PIRL lineage to mixedHJB 15M,RL/Average Reward,12.3900000,0.198000002
PIRL lineage to mixedHJB 15M,RL/Average Reward,12.4100000,0.222
PIRL lineage to mixedHJB 15M,RL/Average Reward,12.4300000,0.210000002
PIRL lineage to mixedHJB 15M,RL/Average Reward,12.4500000,0.190000001
PIRL lineage to mixedHJB 15M,RL/Average Reward,12.4700000,0.184
PIRL lineage to mixedHJB 15M,RL/Average Reward,12.4900000,0.185999998
PIRL lineage to mixedHJB 15M,RL/Average Reward,12.5100000,0.174000001
PIRL lineage to mixedHJB 15M,RL/Average Reward,12.5300000,0.174000001
PIRL lineage to mixedHJB 15M,RL/Average Reward,12.5500000,0.194000003
PIRL lineage to mixedHJB 15M,RL/Average Reward,12.5700000,0.194000003
PIRL lineage to mixedHJB 15M,RL/Average Reward,12.5900000,0.204000002
PIRL lineage to mixedHJB 15M,RL/Average Reward,12.6100000,0.204000002
PIRL lineage to mixedHJB 15M,RL/Average Reward,12.6300000,0.204000002
PIRL lineage to mixedHJB 15M,RL/Average Reward,12.6500000,0.2
PIRL lineage to mixedHJB 15M,RL/Average Reward,12.6700000,0.209999999
PIRL lineage to mixedHJB 15M,RL/Average Reward,12.6900000,0.186
PIRL lineage to mixedHJB 15M,RL/Average Reward,12.7100000,0.193999998
PIRL lineage to mixedHJB 15M,RL/Average Reward,12.7300000,0.195999996
PIRL lineage to mixedHJB 15M,RL/Average Reward,12.7500000,0.183999999
PIRL lineage to mixedHJB 15M,RL/Average Reward,12.7700000,0.195999999
PIRL lineage to mixedHJB 15M,RL/Average Reward,12.7900000,0.206
PIRL lineage to mixedHJB 15M,RL/Average Reward,12.8100000,0.209999999
PIRL lineage to mixedHJB 15M,RL/Average Reward,12.8300000,0.197999999
PIRL lineage to mixedHJB 15M,RL/Average Reward,12.8500000,0.195999998
PIRL lineage to mixedHJB 15M,RL/Average Reward,12.8700000,0.185999998
PIRL lineage to mixedHJB 15M,RL/Average Reward,12.8900000,0.197999999
PIRL lineage to mixedHJB 15M,RL/Average Reward,12.9100000,0.190000001
PIRL lineage to mixedHJB 15M,RL/Average Reward,12.9300000,0.202000001
PIRL lineage to mixedHJB 15M,RL/Average Reward,12.9500000,0.216
PIRL lineage to mixedHJB 15M,RL/Average Reward,12.9700000,0.201999998
PIRL lineage to mixedHJB 15M,RL/Average Reward,12.9900000,0.201999998
PIRL lineage to mixedHJB 15M,RL/Average Reward,13.0100000,0.185999998
PIRL lineage to mixedHJB 15M,RL/Average Reward,13.0300000,0.178
PIRL lineage to mixedHJB 15M,RL/Average Reward,13.0500000,0.170000002
PIRL lineage to mixedHJB 15M,RL/Average Reward,13.0700000,0.168000004
PIRL lineage to mixedHJB 15M,RL/Average Reward,13.0900000,0.168000004
PIRL lineage to mixedHJB 15M,RL/Average Reward,13.1100000,0.178000003
PIRL lineage to mixedHJB 15M,RL/Average Reward,13.1300000,0.192000002
PIRL lineage to mixedHJB 15M,RL/Average Reward,13.1500000,0.184
PIRL lineage to mixedHJB 15M,RL/Average Reward,13.1700000,0.184
PIRL lineage to mixedHJB 15M,RL/Average Reward,13.1900000,0.185999998
PIRL lineage to mixedHJB 15M,RL/Average Reward,13.2100000,0.191999999
PIRL lineage to mixedHJB 15M,RL/Average Reward,13.2300000,0.173999998
PIRL lineage to mixedHJB 15M,RL/Average Reward,13.2500000,0.203999999
PIRL lineage to mixedHJB 15M,RL/Average Reward,13.2700000,0.209999999
PIRL lineage to mixedHJB 15M,RL/Average Reward,13.2900000,0.202000001
PIRL lineage to mixedHJB 15M,RL/Average Reward,13.3100000,0.182000001
PIRL lineage to mixedHJB 15M,RL/Average Reward,13.3300000,0.198
PIRL lineage to mixedHJB 15M,RL/Average Reward,13.3500000,0.178000002
PIRL lineage to mixedHJB 15M,RL/Average Reward,13.3700000,0.167999999
PIRL lineage to mixedHJB 15M,RL/Average Reward,13.3900000,0.164
PIRL lineage to mixedHJB 15M,RL/Average Reward,13.4100000,0.184
PIRL lineage to mixedHJB 15M,RL/Average Reward,13.4300000,0.170000002
PIRL lineage to mixedHJB 15M,RL/Average Reward,13.4500000,0.174000001
PIRL lineage to mixedHJB 15M,RL/Average Reward,13.4700000,0.192000002
PIRL lineage to mixedHJB 15M,RL/Average Reward,13.4900000,0.210000002
PIRL lineage to mixedHJB 15M,RL/Average Reward,13.5100000,0.210000002
PIRL lineage to mixedHJB 15M,RL/Average Reward,13.5300000,0.216000003
PIRL lineage to mixedHJB 15M,RL/Average Reward,13.5500000,0.224000001
PIRL lineage to mixedHJB 15M,RL/Average Reward,13.5700000,0.226000002
PIRL lineage to mixedHJB 15M,RL/Average Reward,13.5900000,0.216
PIRL lineage to mixedHJB 15M,RL/Average Reward,13.6100000,0.223999998
PIRL lineage to mixedHJB 15M,RL/Average Reward,13.6300000,0.233999997
PIRL lineage to mixedHJB 15M,RL/Average Reward,13.6500000,0.227999997
PIRL lineage to mixedHJB 15M,RL/Average Reward,13.6700000,0.221999997
PIRL lineage to mixedHJB 15M,RL/Average Reward,13.6900000,0.207999998
PIRL lineage to mixedHJB 15M,RL/Average Reward,13.7100000,0.202000001
PIRL lineage to mixedHJB 15M,RL/Average Reward,13.7300000,0.208000001
PIRL lineage to mixedHJB 15M,RL/Average Reward,13.7500000,0.202000004
PIRL lineage to mixedHJB 15M,RL/Average Reward,13.7700000,0.208000004
PIRL lineage to mixedHJB 15M,RL/Average Reward,13.7900000,0.226000002
PIRL lineage to mixedHJB 15M,RL/Average Reward,13.8100000,0.204000001
PIRL lineage to mixedHJB 15M,RL/Average Reward,13.8300000,0.192
PIRL lineage to mixedHJB 15M,RL/Average Reward,13.8500000,0.207999997
PIRL lineage to mixedHJB 15M,RL/Average Reward,13.8700000,0.199999996
PIRL lineage to mixedHJB 15M,RL/Average Reward,13.8900000,0.187999998
PIRL lineage to mixedHJB 15M,RL/Average Reward,13.9100000,0.194
PIRL lineage to mixedHJB 15M,RL/Average Reward,13.9300000,0.203999999
PIRL lineage to mixedHJB 15M,RL/Average Reward,13.9500000,0.188000003
PIRL lineage to mixedHJB 15M,RL/Average Reward,13.9700000,0.192000002
PIRL lineage to mixedHJB 15M,RL/Average Reward,13.9900000,0.196000001
PIRL lineage to mixedHJB 15M,RL/Average Reward,14.0100000,0.186
PIRL lineage to mixedHJB 15M,RL/Average Reward,14.0300000,0.168000002
PIRL lineage to mixedHJB 15M,RL/Average Reward,14.0500000,0.176000001
PIRL lineage to mixedHJB 15M,RL/Average Reward,14.0700000,0.186
PIRL lineage to mixedHJB 15M,RL/Average Reward,14.0900000,0.186
PIRL lineage to mixedHJB 15M,RL/Average Reward,14.1100000,0.197999999
PIRL lineage to mixedHJB 15M,RL/Average Reward,14.1300000,0.199999997
PIRL lineage to mixedHJB 15M,RL/Average Reward,14.1500000,0.193999997
PIRL lineage to mixedHJB 15M,RL/Average Reward,14.1700000,0.173999998
PIRL lineage to mixedHJB 15M,RL/Average Reward,14.1900000,0.159999996
PIRL lineage to mixedHJB 15M,RL/Average Reward,14.2100000,0.163999999
PIRL lineage to mixedHJB 15M,RL/Average Reward,14.2300000,0.188
PIRL lineage to mixedHJB 15M,RL/Average Reward,14.2500000,0.194
PIRL lineage to mixedHJB 15M,RL/Average Reward,14.2700000,0.2
PIRL lineage to mixedHJB 15M,RL/Average Reward,14.2900000,0.218000001
PIRL lineage to mixedHJB 15M,RL/Average Reward,14.3100000,0.229999998
PIRL lineage to mixedHJB 15M,RL/Average Reward,14.3300000,0.209999999
PIRL lineage to mixedHJB 15M,RL/Average Reward,14.3500000,0.2
PIRL lineage to mixedHJB 15M,RL/Average Reward,14.3700000,0.190000001
PIRL lineage to mixedHJB 15M,RL/Average Reward,14.3900000,0.188
PIRL lineage to mixedHJB 15M,RL/Average Reward,14.4100000,0.184
PIRL lineage to mixedHJB 15M,RL/Average Reward,14.4300000,0.194
PIRL lineage to mixedHJB 15M,RL/Average Reward,14.4500000,0.203999999
PIRL lineage to mixedHJB 15M,RL/Average Reward,14.4700000,0.219999999
PIRL lineage to mixedHJB 15M,RL/Average Reward,14.4900000,0.218000001
PIRL lineage to mixedHJB 15M,RL/Average Reward,14.5100000,0.230000001
PIRL lineage to mixedHJB 15M,RL/Average Reward,14.5300000,0.209999999
PIRL lineage to mixedHJB 15M,RL/Average Reward,14.5500000,0.206
PIRL lineage to mixedHJB 15M,RL/Average Reward,14.5700000,0.203999999
PIRL lineage to mixedHJB 15M,RL/Average Reward,14.5900000,0.205999997
PIRL lineage to mixedHJB 15M,RL/Average Reward,14.6100000,0.203999999
PIRL lineage to mixedHJB 15M,RL/Average Reward,14.6300000,0.209999999
PIRL lineage to mixedHJB 15M,RL/Average Reward,14.6500000,0.206
PIRL lineage to mixedHJB 15M,RL/Average Reward,14.6700000,0.204000002
PIRL lineage to mixedHJB 15M,RL/Average Reward,14.6900000,0.202000004
PIRL lineage to mixedHJB 15M,RL/Average Reward,14.7100000,0.188000003
PIRL lineage to mixedHJB 15M,RL/Average Reward,14.7300000,0.188000003
PIRL lineage to mixedHJB 15M,RL/Average Reward,14.7500000,0.178
PIRL lineage to mixedHJB 15M,RL/Average Reward,14.7700000,0.175999999
PIRL lineage to mixedHJB 15M,RL/Average Reward,14.7900000,0.185999998
PIRL lineage to mixedHJB 15M,RL/Average Reward,14.8100000,0.179999998
PIRL lineage to mixedHJB 15M,RL/Average Reward,14.8300000,0.189999998
PIRL lineage to mixedHJB 15M,RL/Average Reward,14.8500000,0.213999999
PIRL lineage to mixedHJB 15M,RL/Average Reward,14.8700000,0.212
PIRL lineage to mixedHJB 15M,RL/Average Reward,14.8900000,0.206
PIRL lineage to mixedHJB 15M,RL/Average Reward,14.9100000,0.219999999
PIRL lineage to mixedHJB 15M,RL/Average Reward,14.9300000,0.202
PIRL lineage to mixedHJB 15M,RL/Average Reward,14.9500000,0.192
PIRL lineage to mixedHJB 15M,RL/Average Reward,14.9700000,0.195999999
PIRL lineage to mixedHJB 15M,RL/Average Reward,14.9900000,0.192
TD3 fixedT baseline,RL/Average Reward,0.0100000,0.0640000008
TD3 fixedT baseline,RL/Average Reward,0.0300000,0.0760000005
TD3 fixedT baseline,RL/Average Reward,0.0500000,0.0899999999
TD3 fixedT baseline,RL/Average Reward,0.0700000,0.0980000004
TD3 fixedT baseline,RL/Average Reward,0.0900000,0.1
TD3 fixedT baseline,RL/Average Reward,0.1100000,0.108
TD3 fixedT baseline,RL/Average Reward,0.1300000,0.0939999998
TD3 fixedT baseline,RL/Average Reward,0.1500000,0.0800000004
TD3 fixedT baseline,RL/Average Reward,0.1700000,0.0859999992
TD3 fixedT baseline,RL/Average Reward,0.1900000,0.100000001
TD3 fixedT baseline,RL/Average Reward,0.2100000,0.0980000012
TD3 fixedT baseline,RL/Average Reward,0.2300000,0.116
TD3 fixedT baseline,RL/Average Reward,0.2500000,0.131999999
TD3 fixedT baseline,RL/Average Reward,0.2700000,0.126000001
TD3 fixedT baseline,RL/Average Reward,0.2900000,0.115999998
TD3 fixedT baseline,RL/Average Reward,0.3100000,0.125999999
TD3 fixedT baseline,RL/Average Reward,0.3300000,0.123999999
TD3 fixedT baseline,RL/Average Reward,0.3500000,0.12
TD3 fixedT baseline,RL/Average Reward,0.3700000,0.13
TD3 fixedT baseline,RL/Average Reward,0.3900000,0.118000001
TD3 fixedT baseline,RL/Average Reward,0.4100000,0.108
TD3 fixedT baseline,RL/Average Reward,0.4300000,0.116
TD3 fixedT baseline,RL/Average Reward,0.4500000,0.122
TD3 fixedT baseline,RL/Average Reward,0.4700000,0.122
TD3 fixedT baseline,RL/Average Reward,0.4900000,0.138000001
TD3 fixedT baseline,RL/Average Reward,0.5100000,0.142
TD3 fixedT baseline,RL/Average Reward,0.5300000,0.146000002
TD3 fixedT baseline,RL/Average Reward,0.5500000,0.152000003
TD3 fixedT baseline,RL/Average Reward,0.5700000,0.144000003
TD3 fixedT baseline,RL/Average Reward,0.5900000,0.146000001
TD3 fixedT baseline,RL/Average Reward,0.6100000,0.158000003
TD3 fixedT baseline,RL/Average Reward,0.6300000,0.152000003
TD3 fixedT baseline,RL/Average Reward,0.6500000,0.174000002
TD3 fixedT baseline,RL/Average Reward,0.6700000,0.204000002
TD3 fixedT baseline,RL/Average Reward,0.6900000,0.214000002
TD3 fixedT baseline,RL/Average Reward,0.7100000,0.270000002
TD3 fixedT baseline,RL/Average Reward,0.7300000,0.364000002
TD3 fixedT baseline,RL/Average Reward,0.7500000,0.459999999
TD3 fixedT baseline,RL/Average Reward,0.7700000,0.556000003
TD3 fixedT baseline,RL/Average Reward,0.7900000,0.676000005
TD3 fixedT baseline,RL/Average Reward,0.8100000,0.744000006
TD3 fixedT baseline,RL/Average Reward,0.8300000,0.784000003
TD3 fixedT baseline,RL/Average Reward,0.8500000,0.786000001
TD3 fixedT baseline,RL/Average Reward,0.8700000,0.810000002
TD3 fixedT baseline,RL/Average Reward,0.8900000,0.815999997
TD3 fixedT baseline,RL/Average Reward,0.9100000,0.829999995
TD3 fixedT baseline,RL/Average Reward,0.9300000,0.827999997
TD3 fixedT baseline,RL/Average Reward,0.9500000,0.838
TD3 fixedT baseline,RL/Average Reward,0.9700000,0.727999997
TD3 fixedT baseline,RL/Average Reward,0.9900000,0.596000004
TD3 fixedT baseline,RL/Average Reward,1.0100000,0.490000004
TD3 fixedT baseline,RL/Average Reward,1.0300000,0.360000002
TD3 fixedT baseline,RL/Average Reward,1.0500000,0.246000004
TD3 fixedT baseline,RL/Average Reward,1.0700000,0.244
TD3 fixedT baseline,RL/Average Reward,1.0900000,0.259999996
TD3 fixedT baseline,RL/Average Reward,1.1100000,0.241999996
TD3 fixedT baseline,RL/Average Reward,1.1300000,0.265999997
TD3 fixedT baseline,RL/Average Reward,1.1500000,0.283999997
TD3 fixedT baseline,RL/Average Reward,1.1700000,0.286000001
TD3 fixedT baseline,RL/Average Reward,1.1900000,0.294000006
TD3 fixedT baseline,RL/Average Reward,1.2100000,0.300000006
TD3 fixedT baseline,RL/Average Reward,1.2300000,0.294000006
TD3 fixedT baseline,RL/Average Reward,1.2500000,0.280000007
TD3 fixedT baseline,RL/Average Reward,1.2700000,0.280000007
TD3 fixedT baseline,RL/Average Reward,1.2900000,0.274000007
TD3 fixedT baseline,RL/Average Reward,1.3100000,0.284000009
TD3 fixedT baseline,RL/Average Reward,1.3300000,0.30200001
TD3 fixedT baseline,RL/Average Reward,1.3500000,0.30200001
TD3 fixedT baseline,RL/Average Reward,1.3700000,0.304000008
TD3 fixedT baseline,RL/Average Reward,1.3900000,0.284000006
TD3 fixedT baseline,RL/Average Reward,1.4100000,0.288000003
TD3 fixedT baseline,RL/Average Reward,1.4300000,0.286000004
TD3 fixedT baseline,RL/Average Reward,1.4500000,0.282000002
TD3 fixedT baseline,RL/Average Reward,1.4700000,0.270000002
TD3 fixedT baseline,RL/Average Reward,1.4900000,0.312
TD3 fixedT baseline,RL/Average Reward,1.5100000,0.312
TD3 fixedT baseline,RL/Average Reward,1.5300000,0.297999996
TD3 fixedT baseline,RL/Average Reward,1.5500000,0.293999997
TD3 fixedT baseline,RL/Average Reward,1.5700000,0.295999995
TD3 fixedT baseline,RL/Average Reward,1.5900000,0.269999996
TD3 fixedT baseline,RL/Average Reward,1.6100000,0.275999996
TD3 fixedT baseline,RL/Average Reward,1.6300000,0.267999998
TD3 fixedT baseline,RL/Average Reward,1.6500000,0.281999999
TD3 fixedT baseline,RL/Average Reward,1.6700000,0.304000002
TD3 fixedT baseline,RL/Average Reward,1.6900000,0.310000002
TD3 fixedT baseline,RL/Average Reward,1.7100000,0.306000006
TD3 fixedT baseline,RL/Average Reward,1.7300000,0.320000005
TD3 fixedT baseline,RL/Average Reward,1.7500000,0.322000003
TD3 fixedT baseline,RL/Average Reward,1.7700000,0.310000002
TD3 fixedT baseline,RL/Average Reward,1.7900000,0.320000005
TD3 fixedT baseline,RL/Average Reward,1.8100000,0.312
TD3 fixedT baseline,RL/Average Reward,1.8300000,0.324000001
TD3 fixedT baseline,RL/Average Reward,1.8500000,0.313999999
TD3 fixedT baseline,RL/Average Reward,1.8700000,0.321999997
TD3 fixedT baseline,RL/Average Reward,1.8900000,0.303999993
TD3 fixedT baseline,RL/Average Reward,1.9100000,0.287999994
TD3 fixedT baseline,RL/Average Reward,1.9300000,0.271999997
TD3 fixedT baseline,RL/Average Reward,1.9500000,0.269999999
TD3 fixedT baseline,RL/Average Reward,1.9700000,0.262
TD3 fixedT baseline,RL/Average Reward,1.9900000,0.272
TD3 fixedT baseline,RL/Average Reward,2.0100000,0.280000001
TD3 fixedT baseline,RL/Average Reward,2.0300000,0.294
TD3 fixedT baseline,RL/Average Reward,2.0500000,0.319999999
TD3 fixedT baseline,RL/Average Reward,2.0700000,0.312
TD3 fixedT baseline,RL/Average Reward,2.0900000,0.310000002
TD3 fixedT baseline,RL/Average Reward,2.1100000,0.304000002
TD3 fixedT baseline,RL/Average Reward,2.1300000,0.319999999
TD3 fixedT baseline,RL/Average Reward,2.1500000,0.321999997
TD3 fixedT baseline,RL/Average Reward,2.1700000,0.327999997
TD3 fixedT baseline,RL/Average Reward,2.1900000,0.338
TD3 fixedT baseline,RL/Average Reward,2.2100000,0.365999997
TD3 fixedT baseline,RL/Average Reward,2.2300000,0.359999996
TD3 fixedT baseline,RL/Average Reward,2.2500000,0.365999997
TD3 fixedT baseline,RL/Average Reward,2.2700000,0.379999995
TD3 fixedT baseline,RL/Average Reward,2.2900000,0.387999994
TD3 fixedT baseline,RL/Average Reward,2.3100000,0.391999996
TD3 fixedT baseline,RL/Average Reward,2.3300000,0.403999996
TD3 fixedT baseline,RL/Average Reward,2.3500000,0.397999996
TD3 fixedT baseline,RL/Average Reward,2.3700000,0.389999998
TD3 fixedT baseline,RL/Average Reward,2.3900000,0.393999994
TD3 fixedT baseline,RL/Average Reward,2.4100000,0.387999994
TD3 fixedT baseline,RL/Average Reward,2.4300000,0.389999998
TD3 fixedT baseline,RL/Average Reward,2.4500000,0.394
TD3 fixedT baseline,RL/Average Reward,2.4700000,0.388
TD3 fixedT baseline,RL/Average Reward,2.4900000,0.382000005
TD3 fixedT baseline,RL/Average Reward,2.5100000,0.388000005
TD3 fixedT baseline,RL/Average Reward,2.5300000,0.378000003
TD3 fixedT baseline,RL/Average Reward,2.5500000,0.354000002
TD3 fixedT baseline,RL/Average Reward,2.5700000,0.368000001
TD3 fixedT baseline,RL/Average Reward,2.5900000,0.369999999
TD3 fixedT baseline,RL/Average Reward,2.6100000,0.368000001
TD3 fixedT baseline,RL/Average Reward,2.6300000,0.35
TD3 fixedT baseline,RL/Average Reward,2.6500000,0.380000001
TD3 fixedT baseline,RL/Average Reward,2.6700000,0.380000001
TD3 fixedT baseline,RL/Average Reward,2.6900000,0.381999999
TD3 fixedT baseline,RL/Average Reward,2.7100000,0.381999999
TD3 fixedT baseline,RL/Average Reward,2.7300000,0.394
TD3 fixedT baseline,RL/Average Reward,2.7500000,0.389999998
TD3 fixedT baseline,RL/Average Reward,2.7700000,0.388
TD3 fixedT baseline,RL/Average Reward,2.7900000,0.398000002
TD3 fixedT baseline,RL/Average Reward,2.8100000,0.390000004
TD3 fixedT baseline,RL/Average Reward,2.8300000,0.384000003
TD3 fixedT baseline,RL/Average Reward,2.8500000,0.368000007
TD3 fixedT baseline,RL/Average Reward,2.8700000,0.362000006
TD3 fixedT baseline,RL/Average Reward,2.8900000,0.350000006
TD3 fixedT baseline,RL/Average Reward,2.9100000,0.346000004
TD3 fixedT baseline,RL/Average Reward,2.9300000,0.352000004
TD3 fixedT baseline,RL/Average Reward,2.9500000,0.350000006
TD3 fixedT baseline,RL/Average Reward,2.9700000,0.360000002
TD3 fixedT baseline,RL/Average Reward,2.9900000,0.352000004
TD3 fixedT baseline,RL/Average Reward,3.0100000,0.360000002
TD3 fixedT baseline,RL/Average Reward,3.0300000,0.366000003
TD3 fixedT baseline,RL/Average Reward,3.0500000,0.375999999
TD3 fixedT baseline,RL/Average Reward,3.0700000,0.372000003
TD3 fixedT baseline,RL/Average Reward,3.0900000,0.372000003
TD3 fixedT baseline,RL/Average Reward,3.1100000,0.382000005
TD3 fixedT baseline,RL/Average Reward,3.1300000,0.378000003
TD3 fixedT baseline,RL/Average Reward,3.1500000,0.384000003
TD3 fixedT baseline,RL/Average Reward,3.1700000,0.362
TD3 fixedT baseline,RL/Average Reward,3.1900000,0.373999995
TD3 fixedT baseline,RL/Average Reward,3.2100000,0.363999993
TD3 fixedT baseline,RL/Average Reward,3.2300000,0.375999993
TD3 fixedT baseline,RL/Average Reward,3.2500000,0.355999994
TD3 fixedT baseline,RL/Average Reward,3.2700000,0.381999993
TD3 fixedT baseline,RL/Average Reward,3.2900000,0.377999997
TD3 fixedT baseline,RL/Average Reward,3.3100000,0.381999999
TD3 fixedT baseline,RL/Average Reward,3.3300000,0.352000004
TD3 fixedT baseline,RL/Average Reward,3.3500000,0.368000001
TD3 fixedT baseline,RL/Average Reward,3.3700000,0.369999999
TD3 fixedT baseline,RL/Average Reward,3.3900000,0.369999999
TD3 fixedT baseline,RL/Average Reward,3.4100000,0.369999999
TD3 fixedT baseline,RL/Average Reward,3.4300000,0.403999996
TD3 fixedT baseline,RL/Average Reward,3.4500000,0.4
TD3 fixedT baseline,RL/Average Reward,3.4700000,0.408000004
TD3 fixedT baseline,RL/Average Reward,3.4900000,0.418000001
TD3 fixedT baseline,RL/Average Reward,3.5100000,0.407999998
TD3 fixedT baseline,RL/Average Reward,3.5300000,0.388
TD3 fixedT baseline,RL/Average Reward,3.5500000,0.383999997
TD3 fixedT baseline,RL/Average Reward,3.5700000,0.357999998
TD3 fixedT baseline,RL/Average Reward,3.5900000,0.334000003
TD3 fixedT baseline,RL/Average Reward,3.6100000,0.344000006
TD3 fixedT baseline,RL/Average Reward,3.6300000,0.358000004
TD3 fixedT baseline,RL/Average Reward,3.6500000,0.354000008
TD3 fixedT baseline,RL/Average Reward,3.6700000,0.370000005
TD3 fixedT baseline,RL/Average Reward,3.6900000,0.390000004
TD3 fixedT baseline,RL/Average Reward,3.7100000,0.394
TD3 fixedT baseline,RL/Average Reward,3.7300000,0.392000002
TD3 fixedT baseline,RL/Average Reward,3.7500000,0.412
TD3 fixedT baseline,RL/Average Reward,3.7700000,0.424000001
TD3 fixedT baseline,RL/Average Reward,3.7900000,0.416000003
TD3 fixedT baseline,RL/Average Reward,3.8100000,0.410000002
TD3 fixedT baseline,RL/Average Reward,3.8300000,0.401999998
TD3 fixedT baseline,RL/Average Reward,3.8500000,0.399999994
TD3 fixedT baseline,RL/Average Reward,3.8700000,0.379999995
TD3 fixedT baseline,RL/Average Reward,3.8900000,0.38599999
TD3 fixedT baseline,RL/Average Reward,3.9100000,0.387999994
TD3 fixedT baseline,RL/Average Reward,3.9300000,0.373999995
TD3 fixedT baseline,RL/Average Reward,3.9500000,0.359999996
TD3 fixedT baseline,RL/Average Reward,3.9700000,0.359999996
TD3 fixedT baseline,RL/Average Reward,3.9900000,0.362
TD3 fixedT baseline,RL/Average Reward,4.0100000,0.357999998
TD3 fixedT baseline,RL/Average Reward,4.0300000,0.386000001
TD3 fixedT baseline,RL/Average Reward,4.0500000,0.390000004
TD3 fixedT baseline,RL/Average Reward,4.0700000,0.384000003
TD3 fixedT baseline,RL/Average Reward,4.0900000,0.372000003
TD3 fixedT baseline,RL/Average Reward,4.1100000,0.372000003
TD3 fixedT baseline,RL/Average Reward,4.1300000,0.344
TD3 fixedT baseline,RL/Average Reward,4.1500000,0.347999996
TD3 fixedT baseline,RL/Average Reward,4.1700000,0.383999997
TD3 fixedT baseline,RL/Average Reward,4.1900000,0.389999998
TD3 fixedT baseline,RL/Average Reward,4.2100000,0.406
TD3 fixedT baseline,RL/Average Reward,4.2300000,0.414000005
TD3 fixedT baseline,RL/Average Reward,4.2500000,0.420000005
TD3 fixedT baseline,RL/Average Reward,4.2700000,0.386000001
TD3 fixedT baseline,RL/Average Reward,4.2900000,0.389999998
TD3 fixedT baseline,RL/Average Reward,4.3100000,0.367999995
TD3 fixedT baseline,RL/Average Reward,4.3300000,0.369999993
TD3 fixedT baseline,RL/Average Reward,4.3500000,0.375999993
TD3 fixedT baseline,RL/Average Reward,4.3700000,0.371999997
TD3 fixedT baseline,RL/Average Reward,4.3900000,0.366000003
TD3 fixedT baseline,RL/Average Reward,4.4100000,0.376000005
TD3 fixedT baseline,RL/Average Reward,4.4300000,0.384000003
TD3 fixedT baseline,RL/Average Reward,4.4500000,0.378000003
TD3 fixedT baseline,RL/Average Reward,4.4700000,0.401999998
TD3 fixedT baseline,RL/Average Reward,4.4900000,0.411999995
TD3 fixedT baseline,RL/Average Reward,4.5100000,0.383999991
TD3 fixedT baseline,RL/Average Reward,4.5300000,0.369999993
TD3 fixedT baseline,RL/Average Reward,4.5500000,0.353999996
TD3 fixedT baseline,RL/Average Reward,4.5700000,0.331999999
TD3 fixedT baseline,RL/Average Reward,4.5900000,0.316000003
TD3 fixedT baseline,RL/Average Reward,4.6100000,0.332000005
TD3 fixedT baseline,RL/Average Reward,4.6300000,0.336000007
TD3 fixedT baseline,RL/Average Reward,4.6500000,0.362000006
TD3 fixedT baseline,RL/Average Reward,4.6700000,0.370000005
TD3 fixedT baseline,RL/Average Reward,4.6900000,0.368000001
TD3 fixedT baseline,RL/Average Reward,4.7100000,0.372000003
TD3 fixedT baseline,RL/Average Reward,4.7300000,0.374000001
TD3 fixedT baseline,RL/Average Reward,4.7500000,0.352000004
TD3 fixedT baseline,RL/Average Reward,4.7700000,0.356000006
TD3 fixedT baseline,RL/Average Reward,4.7900000,0.356000006
TD3 fixedT baseline,RL/Average Reward,4.8100000,0.358000004
TD3 fixedT baseline,RL/Average Reward,4.8300000,0.354000002
TD3 fixedT baseline,RL/Average Reward,4.8500000,0.351999998
TD3 fixedT baseline,RL/Average Reward,4.8700000,0.353999996
TD3 fixedT baseline,RL/Average Reward,4.8900000,0.353999996
TD3 fixedT baseline,RL/Average Reward,4.9100000,0.341999996
TD3 fixedT baseline,RL/Average Reward,4.9300000,0.347999996
TD3 fixedT baseline,RL/Average Reward,4.9500000,0.347999996
TD3 fixedT baseline,RL/Average Reward,4.9700000,0.349999994
TD3 fixedT baseline,RL/Average Reward,4.9900000,0.365999997
TD3 fixedT baseline,RL/Average Reward,5.0100000,0.397999996
TD3 fixedT baseline,RL/Average Reward,5.0300000,0.388
TD3 fixedT baseline,RL/Average Reward,5.0500000,0.390000004
TD3 fixedT baseline,RL/Average Reward,5.0700000,0.376000005
TD3 fixedT baseline,RL/Average Reward,5.0900000,0.360000002
TD3 fixedT baseline,RL/Average Reward,5.1100000,0.358000004
TD3 fixedT baseline,RL/Average Reward,5.1300000,0.358000004
TD3 fixedT baseline,RL/Average Reward,5.1500000,0.362
TD3 fixedT baseline,RL/Average Reward,5.1700000,0.378000003
TD3 fixedT baseline,RL/Average Reward,5.1900000,0.382000005
TD3 fixedT baseline,RL/Average Reward,5.2100000,0.358000004
TD3 fixedT baseline,RL/Average Reward,5.2300000,0.374000001
TD3 fixedT baseline,RL/Average Reward,5.2500000,0.372000003
TD3 fixedT baseline,RL/Average Reward,5.2700000,0.369999999
TD3 fixedT baseline,RL/Average Reward,5.2900000,0.371999997
TD3 fixedT baseline,RL/Average Reward,5.3100000,0.365999997
TD3 fixedT baseline,RL/Average Reward,5.3300000,0.367999995
TD3 fixedT baseline,RL/Average Reward,5.3500000,0.381999993
TD3 fixedT baseline,RL/Average Reward,5.3700000,0.385999995
TD3 fixedT baseline,RL/Average Reward,5.3900000,0.391999996
TD3 fixedT baseline,RL/Average Reward,5.4100000,0.391999996
TD3 fixedT baseline,RL/Average Reward,5.4300000,0.380000001
TD3 fixedT baseline,RL/Average Reward,5.4500000,0.35
TD3 fixedT baseline,RL/Average Reward,5.4700000,0.354000002
TD3 fixedT baseline,RL/Average Reward,5.4900000,0.348000002
TD3 fixedT baseline,RL/Average Reward,5.5100000,0.363999999
TD3 fixedT baseline,RL/Average Reward,5.5300000,0.385999995
TD3 fixedT baseline,RL/Average Reward,5.5500000,0.405999994
TD3 fixedT baseline,RL/Average Reward,5.5700000,0.415999991
TD3 fixedT baseline,RL/Average Reward,5.5900000,0.395999992
TD3 fixedT baseline,RL/Average Reward,5.6100000,0.399999994
TD3 fixedT baseline,RL/Average Reward,5.6300000,0.373999995
TD3 fixedT baseline,RL/Average Reward,5.6500000,0.385999995
TD3 fixedT baseline,RL/Average Reward,5.6700000,0.371999997
TD3 fixedT baseline,RL/Average Reward,5.6900000,0.403999996
TD3 fixedT baseline,RL/Average Reward,5.7100000,0.419999999
TD3 fixedT baseline,RL/Average Reward,5.7300000,0.421999997
TD3 fixedT baseline,RL/Average Reward,5.7500000,0.398000002
TD3 fixedT baseline,RL/Average Reward,5.7700000,0.390000004
TD3 fixedT baseline,RL/Average Reward,5.7900000,0.374000007
TD3 fixedT baseline,RL/Average Reward,5.8100000,0.336000007
TD3 fixedT baseline,RL/Average Reward,5.8300000,0.34000001
TD3 fixedT baseline,RL/Average Reward,5.8500000,0.364000005
TD3 fixedT baseline,RL/Average Reward,5.8700000,0.360000002
TD3 fixedT baseline,RL/Average Reward,5.8900000,0.371999997
TD3 fixedT baseline,RL/Average Reward,5.9100000,0.387999994
TD3 fixedT baseline,RL/Average Reward,5.9300000,0.395999992
TD3 fixedT baseline,RL/Average Reward,5.9500000,0.385999995
TD3 fixedT baseline,RL/Average Reward,5.9700000,0.393999994
TD3 fixedT baseline,RL/Average Reward,5.9900000,0.407999998
TD3 fixedT baseline,RL/Average Reward,6.0100000,0.412
TD3 fixedT baseline,RL/Average Reward,6.0300000,0.402000004
TD3 fixedT baseline,RL/Average Reward,6.0500000,0.410000002
TD3 fixedT baseline,RL/Average Reward,6.0700000,0.392000008
TD3 fixedT baseline,RL/Average Reward,6.0900000,0.356000006
TD3 fixedT baseline,RL/Average Reward,6.1100000,0.354000002
TD3 fixedT baseline,RL/Average Reward,6.1300000,0.356
TD3 fixedT baseline,RL/Average Reward,6.1500000,0.344
TD3 fixedT baseline,RL/Average Reward,6.1700000,0.341999996
TD3 fixedT baseline,RL/Average Reward,6.1900000,0.373999995
TD3 fixedT baseline,RL/Average Reward,6.2100000,0.377999997
TD3 fixedT baseline,RL/Average Reward,6.2300000,0.371999997
TD3 fixedT baseline,RL/Average Reward,6.2500000,0.363999999
TD3 fixedT baseline,RL/Average Reward,6.2700000,0.381999999
TD3 fixedT baseline,RL/Average Reward,6.2900000,0.386000001
TD3 fixedT baseline,RL/Average Reward,6.3100000,0.390000004
TD3 fixedT baseline,RL/Average Reward,6.3300000,0.380000001
TD3 fixedT baseline,RL/Average Reward,6.3500000,0.380000001
TD3 fixedT baseline,RL/Average Reward,6.3700000,0.372000003
TD3 fixedT baseline,RL/Average Reward,6.3900000,0.369999999
TD3 fixedT baseline,RL/Average Reward,6.4100000,0.361999995
TD3 fixedT baseline,RL/Average Reward,6.4300000,0.387999994
TD3 fixedT baseline,RL/Average Reward,6.4500000,0.389999992
TD3 fixedT baseline,RL/Average Reward,6.4700000,0.389999992
TD3 fixedT baseline,RL/Average Reward,6.4900000,0.373999995
TD3 fixedT baseline,RL/Average Reward,6.5100000,0.373999995
TD3 fixedT baseline,RL/Average Reward,6.5300000,0.371999997
TD3 fixedT baseline,RL/Average Reward,6.5500000,0.385999995
TD3 fixedT baseline,RL/Average Reward,6.5700000,0.393999994
TD3 fixedT baseline,RL/Average Reward,6.5900000,0.381999993
TD3 fixedT baseline,RL/Average Reward,6.6100000,0.379999995
TD3 fixedT baseline,RL/Average Reward,6.6300000,0.373999995
TD3 fixedT baseline,RL/Average Reward,6.6500000,0.353999996
TD3 fixedT baseline,RL/Average Reward,6.6700000,0.365999997
TD3 fixedT baseline,RL/Average Reward,6.6900000,0.365999997
TD3 fixedT baseline,RL/Average Reward,6.7100000,0.377999997
TD3 fixedT baseline,RL/Average Reward,6.7300000,0.381999999
TD3 fixedT baseline,RL/Average Reward,6.7500000,0.412
TD3 fixedT baseline,RL/Average Reward,6.7700000,0.396000004
TD3 fixedT baseline,RL/Average Reward,6.7900000,0.430000001
TD3 fixedT baseline,RL/Average Reward,6.8100000,0.414000005
TD3 fixedT baseline,RL/Average Reward,6.8300000,0.422000003
TD3 fixedT baseline,RL/Average Reward,6.8500000,0.404000002
TD3 fixedT baseline,RL/Average Reward,6.8700000,0.409999996
TD3 fixedT baseline,RL/Average Reward,6.8900000,0.397999996
TD3 fixedT baseline,RL/Average Reward,6.9100000,0.397999996
TD3 fixedT baseline,RL/Average Reward,6.9300000,0.375999999
TD3 fixedT baseline,RL/Average Reward,6.9500000,0.366000003
TD3 fixedT baseline,RL/Average Reward,6.9700000,0.366000003
TD3 fixedT baseline,RL/Average Reward,6.9900000,0.348000008
TD3 fixedT baseline,RL/Average Reward,7.0100000,0.348000008
TD3 fixedT baseline,RL/Average Reward,7.0300000,0.364000005
TD3 fixedT baseline,RL/Average Reward,7.0500000,0.375999999
TD3 fixedT baseline,RL/Average Reward,7.0700000,0.366000003
TD3 fixedT baseline,RL/Average Reward,7.0900000,0.395999998
TD3 fixedT baseline,RL/Average Reward,7.1100000,0.389999998
TD3 fixedT baseline,RL/Average Reward,7.1300000,0.381999999
TD3 fixedT baseline,RL/Average Reward,7.1500000,0.396000004
TD3 fixedT baseline,RL/Average Reward,7.1700000,0.404000002
TD3 fixedT baseline,RL/Average Reward,7.1900000,0.402000004
TD3 fixedT baseline,RL/Average Reward,7.2100000,0.408000004
TD3 fixedT baseline,RL/Average Reward,7.2300000,0.414000005
TD3 fixedT baseline,RL/Average Reward,7.2500000,0.414000005
TD3 fixedT baseline,RL/Average Reward,7.2700000,0.408000004
TD3 fixedT baseline,RL/Average Reward,7.2900000,0.380000007
TD3 fixedT baseline,RL/Average Reward,7.3100000,0.380000007
TD3 fixedT baseline,RL/Average Reward,7.3300000,0.382000005
TD3 fixedT baseline,RL/Average Reward,7.3500000,0.370000005
TD3 fixedT baseline,RL/Average Reward,7.3700000,0.382000005
TD3 fixedT baseline,RL/Average Reward,7.3900000,0.392000002
TD3 fixedT baseline,RL/Average Reward,7.4100000,0.394
TD3 fixedT baseline,RL/Average Reward,7.4300000,0.395999998
TD3 fixedT baseline,RL/Average Reward,7.4500000,0.381999999
TD3 fixedT baseline,RL/Average Reward,7.4700000,0.374000001
TD3 fixedT baseline,RL/Average Reward,7.4900000,0.372000003
TD3 fixedT baseline,RL/Average Reward,7.5100000,0.370000005
TD3 fixedT baseline,RL/Average Reward,7.5300000,0.360000008
TD3 fixedT baseline,RL/Average Reward,7.5500000,0.376000005
TD3 fixedT baseline,RL/Average Reward,7.5700000,0.368000007
TD3 fixedT baseline,RL/Average Reward,7.5900000,0.370000005
TD3 fixedT baseline,RL/Average Reward,7.6100000,0.362
TD3 fixedT baseline,RL/Average Reward,7.6300000,0.371999997
TD3 fixedT baseline,RL/Average Reward,7.6500000,0.367999995
TD3 fixedT baseline,RL/Average Reward,7.6700000,0.371999991
TD3 fixedT baseline,RL/Average Reward,7.6900000,0.379999989
TD3 fixedT baseline,RL/Average Reward,7.7100000,0.375999993
TD3 fixedT baseline,RL/Average Reward,7.7300000,0.391999996
TD3 fixedT baseline,RL/Average Reward,7.7500000,0.394
TD3 fixedT baseline,RL/Average Reward,7.7700000,0.416000003
TD3 fixedT baseline,RL/Average Reward,7.7900000,0.410000002
TD3 fixedT baseline,RL/Average Reward,7.8100000,0.413999999
TD3 fixedT baseline,RL/Average Reward,7.8300000,0.365999997
TD3 fixedT baseline,RL/Average Reward,7.8500000,0.361999995
TD3 fixedT baseline,RL/Average Reward,7.8700000,0.35399999
TD3 fixedT baseline,RL/Average Reward,7.8900000,0.355999994
TD3 fixedT baseline,RL/Average Reward,7.9100000,0.373999995
TD3 fixedT baseline,RL/Average Reward,7.9300000,0.391999996
TD3 fixedT baseline,RL/Average Reward,7.9500000,0.399999994
TD3 fixedT baseline,RL/Average Reward,7.9700000,0.389999998
TD3 fixedT baseline,RL/Average Reward,7.9900000,0.393999994
TD3 fixedT baseline,RL/Average Reward,8.0100000,0.407999992
TD3 fixedT baseline,RL/Average Reward,8.0300000,0.407999992
TD3 fixedT baseline,RL/Average Reward,8.0500000,0.395999998
TD3 fixedT baseline,RL/Average Reward,8.0700000,0.389999998
TD3 fixedT baseline,RL/Average Reward,8.0900000,0.380000001
TD3 fixedT baseline,RL/Average Reward,8.1100000,0.358000004
TD3 fixedT baseline,RL/Average Reward,8.1300000,0.362000006
TD3 fixedT baseline,RL/Average Reward,8.1500000,0.372000003
TD3 fixedT baseline,RL/Average Reward,8.1700000,0.392000002
TD3 fixedT baseline,RL/Average Reward,8.1900000,0.412
TD3 fixedT baseline,RL/Average Reward,8.2100000,0.419999999
TD3 fixedT baseline,RL/Average Reward,8.2300000,0.421999997
TD3 fixedT baseline,RL/Average Reward,8.2500000,0.415999997
TD3 fixedT baseline,RL/Average Reward,8.2700000,0.403999996
TD3 fixedT baseline,RL/Average Reward,8.2900000,0.379999995
TD3 fixedT baseline,RL/Average Reward,8.3100000,0.377999997
TD3 fixedT baseline,RL/Average Reward,8.3300000,0.362
TD3 fixedT baseline,RL/Average Reward,8.3500000,0.375999999
TD3 fixedT baseline,RL/Average Reward,8.3700000,0.381999999
TD3 fixedT baseline,RL/Average Reward,8.3900000,0.386000001
TD3 fixedT baseline,RL/Average Reward,8.4100000,0.378000003
TD3 fixedT baseline,RL/Average Reward,8.4300000,0.398000002
TD3 fixedT baseline,RL/Average Reward,8.4500000,0.386000001
TD3 fixedT baseline,RL/Average Reward,8.4700000,0.372000003
TD3 fixedT baseline,RL/Average Reward,8.4900000,0.374000001
TD3 fixedT baseline,RL/Average Reward,8.5100000,0.375999999
TD3 fixedT baseline,RL/Average Reward,8.5300000,0.383999997
TD3 fixedT baseline,RL/Average Reward,8.5500000,0.378000003
TD3 fixedT baseline,RL/Average Reward,8.5700000,0.384000003
TD3 fixedT baseline,RL/Average Reward,8.5900000,0.380000007
TD3 fixedT baseline,RL/Average Reward,8.6100000,0.384000003
TD3 fixedT baseline,RL/Average Reward,8.6300000,0.388000005
TD3 fixedT baseline,RL/Average Reward,8.6500000,0.388000005
TD3 fixedT baseline,RL/Average Reward,8.6700000,0.384000003
TD3 fixedT baseline,RL/Average Reward,8.6900000,0.384000003
TD3 fixedT baseline,RL/Average Reward,8.7100000,0.380000007
TD3 fixedT baseline,RL/Average Reward,8.7300000,0.354000008
TD3 fixedT baseline,RL/Average Reward,8.7500000,0.346000004
TD3 fixedT baseline,RL/Average Reward,8.7700000,0.342000008
TD3 fixedT baseline,RL/Average Reward,8.7900000,0.338000005
TD3 fixedT baseline,RL/Average Reward,8.8100000,0.332000005
TD3 fixedT baseline,RL/Average Reward,8.8300000,0.342000002
TD3 fixedT baseline,RL/Average Reward,8.8500000,0.348000002
TD3 fixedT baseline,RL/Average Reward,8.8700000,0.363999999
TD3 fixedT baseline,RL/Average Reward,8.8900000,0.371999997
TD3 fixedT baseline,RL/Average Reward,8.9100000,0.383999997
TD3 fixedT baseline,RL/Average Reward,8.9300000,0.401999998
TD3 fixedT baseline,RL/Average Reward,8.9500000,0.394
TD3 fixedT baseline,RL/Average Reward,8.9700000,0.384000003
TD3 fixedT baseline,RL/Average Reward,8.9900000,0.386000001
TD3 fixedT baseline,RL/Average Reward,9.0100000,0.374000001
TD3 fixedT baseline,RL/Average Reward,9.0300000,0.362
TD3 fixedT baseline,RL/Average Reward,9.0500000,0.377999997
TD3 fixedT baseline,RL/Average Reward,9.0700000,0.375999993
TD3 fixedT baseline,RL/Average Reward,9.0900000,0.373999995
TD3 fixedT baseline,RL/Average Reward,9.1100000,0.377999997
TD3 fixedT baseline,RL/Average Reward,9.1300000,0.357999998
TD3 fixedT baseline,RL/Average Reward,9.1500000,0.368000001
TD3 fixedT baseline,RL/Average Reward,9.1700000,0.380000001
TD3 fixedT baseline,RL/Average Reward,9.1900000,0.386000001
TD3 fixedT baseline,RL/Average Reward,9.2100000,0.388
TD3 fixedT baseline,RL/Average Reward,9.2300000,0.409999996
TD3 fixedT baseline,RL/Average Reward,9.2500000,0.399999994
TD3 fixedT baseline,RL/Average Reward,9.2700000,0.417999995
TD3 fixedT baseline,RL/Average Reward,9.2900000,0.399999994
TD3 fixedT baseline,RL/Average Reward,9.3100000,0.40399999
TD3 fixedT baseline,RL/Average Reward,9.3300000,0.417999995
TD3 fixedT baseline,RL/Average Reward,9.3500000,0.417999995
TD3 fixedT baseline,RL/Average Reward,9.3700000,0.397999996
TD3 fixedT baseline,RL/Average Reward,9.3900000,0.417999995
TD3 fixedT baseline,RL/Average Reward,9.4100000,0.433999997
TD3 fixedT baseline,RL/Average Reward,9.4300000,0.399999994
TD3 fixedT baseline,RL/Average Reward,9.4500000,0.397999996
TD3 fixedT baseline,RL/Average Reward,9.4700000,0.391999996
TD3 fixedT baseline,RL/Average Reward,9.4900000,0.394
TD3 fixedT baseline,RL/Average Reward,9.5100000,0.388
TD3 fixedT baseline,RL/Average Reward,9.5300000,0.410000002
TD3 fixedT baseline,RL/Average Reward,9.5500000,0.406000006
TD3 fixedT baseline,RL/Average Reward,9.5700000,0.408000004
TD3 fixedT baseline,RL/Average Reward,9.5900000,0.392000002
TD3 fixedT baseline,RL/Average Reward,9.6100000,0.368000001
TD3 fixedT baseline,RL/Average Reward,9.6300000,0.357999998
TD3 fixedT baseline,RL/Average Reward,9.6500000,0.357999998
TD3 fixedT baseline,RL/Average Reward,9.6700000,0.371999997
TD3 fixedT baseline,RL/Average Reward,9.6900000,0.377999997
TD3 fixedT baseline,RL/Average Reward,9.7100000,0.395999998
TD3 fixedT baseline,RL/Average Reward,9.7300000,0.386000001
TD3 fixedT baseline,RL/Average Reward,9.7500000,0.406
TD3 fixedT baseline,RL/Average Reward,9.7700000,0.392000002
TD3 fixedT baseline,RL/Average Reward,9.7900000,0.386000001
TD3 fixedT baseline,RL/Average Reward,9.8100000,0.374000001
TD3 fixedT baseline,RL/Average Reward,9.8300000,0.377999997
TD3 fixedT baseline,RL/Average Reward,9.8500000,0.367999995
TD3 fixedT baseline,RL/Average Reward,9.8700000,0.373999995
TD3 fixedT baseline,RL/Average Reward,9.8900000,0.371999997
TD3 fixedT baseline,RL/Average Reward,9.9100000,0.395999998
TD3 fixedT baseline,RL/Average Reward,9.9300000,0.401999998
TD3 fixedT baseline,RL/Average Reward,9.9500000,0.381999999
TD3 fixedT baseline,RL/Average Reward,9.9700000,0.380000001
TD3 fixedT baseline,RL/Average Reward,9.9900000,0.392000002
TD3 fixedT baseline,RL/Average Reward,10.0100000,0.378000003
TD3 randT baseline,RL/Average Reward,1.0100000,0.156
TD3 randT baseline,RL/Average Reward,1.0300000,0.15
TD3 randT baseline,RL/Average Reward,1.0500000,0.144
TD3 randT baseline,RL/Average Reward,1.0700000,0.13
TD3 randT baseline,RL/Average Reward,1.0900000,0.136
TD3 randT baseline,RL/Average Reward,1.1100000,0.150000001
TD3 randT baseline,RL/Average Reward,1.1300000,0.160000001
TD3 randT baseline,RL/Average Reward,1.1500000,0.17
TD3 randT baseline,RL/Average Reward,1.1700000,0.175999999
TD3 randT baseline,RL/Average Reward,1.1900000,0.175999999
TD3 randT baseline,RL/Average Reward,1.2100000,0.167999998
TD3 randT baseline,RL/Average Reward,1.2300000,0.177999997
TD3 randT baseline,RL/Average Reward,1.2500000,0.163999997
TD3 randT baseline,RL/Average Reward,1.2700000,0.175999998
TD3 randT baseline,RL/Average Reward,1.2900000,0.181999998
TD3 randT baseline,RL/Average Reward,1.3100000,0.189999999
TD3 randT baseline,RL/Average Reward,1.3300000,0.186
TD3 randT baseline,RL/Average Reward,1.3500000,0.190000001
TD3 randT baseline,RL/Average Reward,1.3700000,0.198000002
TD3 randT baseline,RL/Average Reward,1.3900000,0.184000002
TD3 randT baseline,RL/Average Reward,1.4100000,0.184000002
TD3 randT baseline,RL/Average Reward,1.4300000,0.178000002
TD3 randT baseline,RL/Average Reward,1.4500000,0.186000003
TD3 randT baseline,RL/Average Reward,1.4700000,0.178000002
TD3 randT baseline,RL/Average Reward,1.4900000,0.202000001
TD3 randT baseline,RL/Average Reward,1.5100000,0.2
TD3 randT baseline,RL/Average Reward,1.5300000,0.208000001
TD3 randT baseline,RL/Average Reward,1.5500000,0.203999999
TD3 randT baseline,RL/Average Reward,1.5700000,0.194
TD3 randT baseline,RL/Average Reward,1.5900000,0.191999999
TD3 randT baseline,RL/Average Reward,1.6100000,0.194
TD3 randT baseline,RL/Average Reward,1.6300000,0.179999998
TD3 randT baseline,RL/Average Reward,1.6500000,0.189999998
TD3 randT baseline,RL/Average Reward,1.6700000,0.189999998
TD3 randT baseline,RL/Average Reward,1.6900000,0.175999999
TD3 randT baseline,RL/Average Reward,1.7100000,0.161999997
TD3 randT baseline,RL/Average Reward,1.7300000,0.157999998
TD3 randT baseline,RL/Average Reward,1.7500000,0.153999999
TD3 randT baseline,RL/Average Reward,1.7700000,0.175999999
TD3 randT baseline,RL/Average Reward,1.7900000,0.188
TD3 randT baseline,RL/Average Reward,1.8100000,0.2
TD3 randT baseline,RL/Average Reward,1.8300000,0.212
TD3 randT baseline,RL/Average Reward,1.8500000,0.214000002
TD3 randT baseline,RL/Average Reward,1.8700000,0.210000002
TD3 randT baseline,RL/Average Reward,1.8900000,0.200000003
TD3 randT baseline,RL/Average Reward,1.9100000,0.214000002
TD3 randT baseline,RL/Average Reward,1.9300000,0.208000001
TD3 randT baseline,RL/Average Reward,1.9500000,0.204000002
TD3 randT baseline,RL/Average Reward,1.9700000,0.178000002
TD3 randT baseline,RL/Average Reward,1.9900000,0.168000001
TD3 randT baseline,RL/Average Reward,2.0100000,0.134000002
TD3 randT baseline,RL/Average Reward,2.0300000,0.138000001
TD3 randT baseline,RL/Average Reward,2.0500000,0.13
TD3 randT baseline,RL/Average Reward,2.0700000,0.125999999
TD3 randT baseline,RL/Average Reward,2.0900000,0.136
TD3 randT baseline,RL/Average Reward,2.1100000,0.134
TD3 randT baseline,RL/Average Reward,2.1300000,0.116000001
TD3 randT baseline,RL/Average Reward,2.1500000,0.124000002
TD3 randT baseline,RL/Average Reward,2.1700000,0.140000002
TD3 randT baseline,RL/Average Reward,2.1900000,0.126000001
TD3 randT baseline,RL/Average Reward,2.2100000,0.124000001
TD3 randT baseline,RL/Average Reward,2.2300000,0.13
TD3 randT baseline,RL/Average Reward,2.2500000,0.123999999
TD3 randT baseline,RL/Average Reward,2.2700000,0.123999999
TD3 randT baseline,RL/Average Reward,2.2900000,0.128
TD3 randT baseline,RL/Average Reward,2.3100000,0.144000001
TD3 randT baseline,RL/Average Reward,2.3300000,0.148000003
TD3 randT baseline,RL/Average Reward,2.3500000,0.148000003
TD3 randT baseline,RL/Average Reward,2.3700000,0.142000003
TD3 randT baseline,RL/Average Reward,2.3900000,0.154000002
TD3 randT baseline,RL/Average Reward,2.4100000,0.154000002
TD3 randT baseline,RL/Average Reward,2.4300000,0.160000002
TD3 randT baseline,RL/Average Reward,2.4500000,0.146000001
TD3 randT baseline,RL/Average Reward,2.4700000,0.150000003
TD3 randT baseline,RL/Average Reward,2.4900000,0.150000003
TD3 randT baseline,RL/Average Reward,2.5100000,0.126000001
TD3 randT baseline,RL/Average Reward,2.5300000,0.121999999
TD3 randT baseline,RL/Average Reward,2.5500000,0.131999999
TD3 randT baseline,RL/Average Reward,2.5700000,0.113999997
TD3 randT baseline,RL/Average Reward,2.5900000,0.107999997
TD3 randT baseline,RL/Average Reward,2.6100000,0.115999997
TD3 randT baseline,RL/Average Reward,2.6300000,0.113999999
TD3 randT baseline,RL/Average Reward,2.6500000,0.12
TD3 randT baseline,RL/Average Reward,2.6700000,0.136
TD3 randT baseline,RL/Average Reward,2.6900000,0.136
TD3 randT baseline,RL/Average Reward,2.7100000,0.136
TD3 randT baseline,RL/Average Reward,2.7300000,0.145999999
TD3 randT baseline,RL/Average Reward,2.7500000,0.134
TD3 randT baseline,RL/Average Reward,2.7700000,0.13
TD3 randT baseline,RL/Average Reward,2.7900000,0.138000001
TD3 randT baseline,RL/Average Reward,2.8100000,0.156
TD3 randT baseline,RL/Average Reward,2.8300000,0.134
TD3 randT baseline,RL/Average Reward,2.8500000,0.128
TD3 randT baseline,RL/Average Reward,2.8700000,0.134000002
TD3 randT baseline,RL/Average Reward,2.8900000,0.112000001
TD3 randT baseline,RL/Average Reward,2.9100000,0.0900000013
TD3 randT baseline,RL/Average Reward,2.9300000,0.0920000009
TD3 randT baseline,RL/Average Reward,2.9500000,0.114000002
TD3 randT baseline,RL/Average Reward,2.9700000,0.104000001
TD3 randT baseline,RL/Average Reward,2.9900000,0.124000001
TD3 randT baseline,RL/Average Reward,3.0100000,0.130000001
TD3 randT baseline,RL/Average Reward,3.0300000,0.134
TD3 randT baseline,RL/Average Reward,3.0500000,0.128
TD3 randT baseline,RL/Average Reward,3.0700000,0.123999999
TD3 randT baseline,RL/Average Reward,3.0900000,0.128000002
TD3 randT baseline,RL/Average Reward,3.1100000,0.144000001
TD3 randT baseline,RL/Average Reward,3.1300000,0.142000002
TD3 randT baseline,RL/Average Reward,3.1500000,0.136
TD3 randT baseline,RL/Average Reward,3.1700000,0.145999999
TD3 randT baseline,RL/Average Reward,3.1900000,0.131999998
TD3 randT baseline,RL/Average Reward,3.2100000,0.123999999
TD3 randT baseline,RL/Average Reward,3.2300000,0.123999999
TD3 randT baseline,RL/Average Reward,3.2500000,0.138
TD3 randT baseline,RL/Average Reward,3.2700000,0.138
TD3 randT baseline,RL/Average Reward,3.2900000,0.139999999
TD3 randT baseline,RL/Average Reward,3.3100000,0.129999998
TD3 randT baseline,RL/Average Reward,3.3300000,0.138
TD3 randT baseline,RL/Average Reward,3.3500000,0.141999999
TD3 randT baseline,RL/Average Reward,3.3700000,0.147999999
TD3 randT baseline,RL/Average Reward,3.3900000,0.158
TD3 randT baseline,RL/Average Reward,3.4100000,0.163999999
TD3 randT baseline,RL/Average Reward,3.4300000,0.175999996
TD3 randT baseline,RL/Average Reward,3.4500000,0.171999997
TD3 randT baseline,RL/Average Reward,3.4700000,0.165999997
TD3 randT baseline,RL/Average Reward,3.4900000,0.149999997
TD3 randT baseline,RL/Average Reward,3.5100000,0.145999998
TD3 randT baseline,RL/Average Reward,3.5300000,0.123999999
TD3 randT baseline,RL/Average Reward,3.5500000,0.122000001
TD3 randT baseline,RL/Average Reward,3.5700000,0.136000003
TD3 randT baseline,RL/Average Reward,3.5900000,0.146000002
TD3 randT baseline,RL/Average Reward,3.6100000,0.154000004
TD3 randT baseline,RL/Average Reward,3.6300000,0.162000003
TD3 randT baseline,RL/Average Reward,3.6500000,0.154000002
TD3 randT baseline,RL/Average Reward,3.6700000,0.140000001
TD3 randT baseline,RL/Average Reward,3.6900000,0.142000002
TD3 randT baseline,RL/Average Reward,3.7100000,0.144
TD3 randT baseline,RL/Average Reward,3.7300000,0.141999999
TD3 randT baseline,RL/Average Reward,3.7500000,0.15
TD3 randT baseline,RL/Average Reward,3.7700000,0.146000001
TD3 randT baseline,RL/Average Reward,3.7900000,0.131999999
TD3 randT baseline,RL/Average Reward,3.8100000,0.130000001
TD3 randT baseline,RL/Average Reward,3.8300000,0.136000001
TD3 randT baseline,RL/Average Reward,3.8500000,0.123999999
TD3 randT baseline,RL/Average Reward,3.8700000,0.132000001
TD3 randT baseline,RL/Average Reward,3.8900000,0.132000001
TD3 randT baseline,RL/Average Reward,3.9100000,0.136
TD3 randT baseline,RL/Average Reward,3.9300000,0.132000001
TD3 randT baseline,RL/Average Reward,3.9500000,0.142000002
TD3 randT baseline,RL/Average Reward,3.9700000,0.134
TD3 randT baseline,RL/Average Reward,3.9900000,0.138000001
TD3 randT baseline,RL/Average Reward,4.0100000,0.132000001
TD3 randT baseline,RL/Average Reward,4.0300000,0.134000002
TD3 randT baseline,RL/Average Reward,4.0500000,0.130000003
TD3 randT baseline,RL/Average Reward,4.0700000,0.138000004
TD3 randT baseline,RL/Average Reward,4.0900000,0.146000004
TD3 randT baseline,RL/Average Reward,4.1100000,0.146000004
TD3 randT baseline,RL/Average Reward,4.1300000,0.138000003
TD3 randT baseline,RL/Average Reward,4.1500000,0.126000002
TD3 randT baseline,RL/Average Reward,4.1700000,0.124000001
TD3 randT baseline,RL/Average Reward,4.1900000,0.112
TD3 randT baseline,RL/Average Reward,4.2100000,0.114000002
TD3 randT baseline,RL/Average Reward,4.2300000,0.104000001
TD3 randT baseline,RL/Average Reward,4.2500000,0.108000001
TD3 randT baseline,RL/Average Reward,4.2700000,0.112
TD3 randT baseline,RL/Average Reward,4.2900000,0.134
TD3 randT baseline,RL/Average Reward,4.3100000,0.125999998
TD3 randT baseline,RL/Average Reward,4.3300000,0.135999998
TD3 randT baseline,RL/Average Reward,4.3500000,0.141999999
TD3 randT baseline,RL/Average Reward,4.3700000,0.128
TD3 randT baseline,RL/Average Reward,4.3900000,0.110000001
TD3 randT baseline,RL/Average Reward,4.4100000,0.124000002
TD3 randT baseline,RL/Average Reward,4.4300000,0.126000002
TD3 randT baseline,RL/Average Reward,4.4500000,0.124000001
TD3 randT baseline,RL/Average Reward,4.4700000,0.142000002
TD3 randT baseline,RL/Average Reward,4.4900000,0.148
TD3 randT baseline,RL/Average Reward,4.5100000,0.149999999
TD3 randT baseline,RL/Average Reward,4.5300000,0.157999998
TD3 randT baseline,RL/Average Reward,4.5500000,0.168000001
TD3 randT baseline,RL/Average Reward,4.5700000,0.155999999
TD3 randT baseline,RL/Average Reward,4.5900000,0.15
TD3 randT baseline,RL/Average Reward,4.6100000,0.140000001
TD3 randT baseline,RL/Average Reward,4.6300000,0.138000003
TD3 randT baseline,RL/Average Reward,4.6500000,0.130000001
TD3 randT baseline,RL/Average Reward,4.6700000,0.132000001
TD3 randT baseline,RL/Average Reward,4.6900000,0.144
TD3 randT baseline,RL/Average Reward,4.7100000,0.138
TD3 randT baseline,RL/Average Reward,4.7300000,0.123999998
TD3 randT baseline,RL/Average Reward,4.7500000,0.127999997
TD3 randT baseline,RL/Average Reward,4.7700000,0.119999999
TD3 randT baseline,RL/Average Reward,4.7900000,0.109999999
TD3 randT baseline,RL/Average Reward,4.8100000,0.113999999
TD3 randT baseline,RL/Average Reward,4.8300000,0.119999999
TD3 randT baseline,RL/Average Reward,4.8500000,0.131999999
TD3 randT baseline,RL/Average Reward,4.8700000,0.131999999
TD3 randT baseline,RL/Average Reward,4.8900000,0.147999999
TD3 randT baseline,RL/Average Reward,4.9100000,0.156
TD3 randT baseline,RL/Average Reward,4.9300000,0.156
TD3 randT baseline,RL/Average Reward,4.9500000,0.130000001
TD3 randT baseline,RL/Average Reward,4.9700000,0.130000001
TD3 randT baseline,RL/Average Reward,4.9900000,0.110000002
TD3 randT baseline,RL/Average Reward,5.0100000,0.110000002
TD3 randT baseline,RL/Average Reward,5.0300000,0.128000003
TD3 randT baseline,RL/Average Reward,5.0500000,0.140000004
TD3 randT baseline,RL/Average Reward,5.0700000,0.154000002
TD3 randT baseline,RL/Average Reward,5.0900000,0.156000002
TD3 randT baseline,RL/Average Reward,5.1100000,0.166000001
TD3 randT baseline,RL/Average Reward,5.1300000,0.162000002
TD3 randT baseline,RL/Average Reward,5.1500000,0.164
TD3 randT baseline,RL/Average Reward,5.1700000,0.156
TD3 randT baseline,RL/Average Reward,5.1900000,0.176000001
TD3 randT baseline,RL/Average Reward,5.2100000,0.156
TD3 randT baseline,RL/Average Reward,5.2300000,0.151999998
TD3 randT baseline,RL/Average Reward,5.2500000,0.156
TD3 randT baseline,RL/Average Reward,5.2700000,0.168000002
TD3 randT baseline,RL/Average Reward,5.2900000,0.172000001
TD3 randT baseline,RL/Average Reward,5.3100000,0.196000001
TD3 randT baseline,RL/Average Reward,5.3300000,0.202000001
TD3 randT baseline,RL/Average Reward,5.3500000,0.203999999
TD3 randT baseline,RL/Average Reward,5.3700000,0.195999998
TD3 randT baseline,RL/Average Reward,5.3900000,0.181999999
TD3 randT baseline,RL/Average Reward,5.4100000,0.166
TD3 randT baseline,RL/Average Reward,5.4300000,0.14
TD3 randT baseline,RL/Average Reward,5.4500000,0.134
TD3 randT baseline,RL/Average Reward,5.4700000,0.129999999
TD3 randT baseline,RL/Average Reward,5.4900000,0.129999999
TD3 randT baseline,RL/Average Reward,5.5100000,0.126
TD3 randT baseline,RL/Average Reward,5.5300000,0.142
TD3 randT baseline,RL/Average Reward,5.5500000,0.140000002
TD3 randT baseline,RL/Average Reward,5.5700000,0.160000002
TD3 randT baseline,RL/Average Reward,5.5900000,0.152000001
TD3 randT baseline,RL/Average Reward,5.6100000,0.154000002
TD3 randT baseline,RL/Average Reward,5.6300000,0.146000002
TD3 randT baseline,RL/Average Reward,5.6500000,0.150000001
TD3 randT baseline,RL/Average Reward,5.6700000,0.148
TD3 randT baseline,RL/Average Reward,5.6900000,0.156000002
TD3 randT baseline,RL/Average Reward,5.7100000,0.154000001
TD3 randT baseline,RL/Average Reward,5.7300000,0.159999999
TD3 randT baseline,RL/Average Reward,5.7500000,0.166
TD3 randT baseline,RL/Average Reward,5.7700000,0.156
TD3 randT baseline,RL/Average Reward,5.7900000,0.157999998
TD3 randT baseline,RL/Average Reward,5.8100000,0.166
TD3 randT baseline,RL/Average Reward,5.8300000,0.176000002
TD3 randT baseline,RL/Average Reward,5.8500000,0.164000002
TD3 randT baseline,RL/Average Reward,5.8700000,0.154000002
TD3 randT baseline,RL/Average Reward,5.8900000,0.146000002
TD3 randT baseline,RL/Average Reward,5.9100000,0.150000001
TD3 randT baseline,RL/Average Reward,5.9300000,0.148
TD3 randT baseline,RL/Average Reward,5.9500000,0.145999999
TD3 randT baseline,RL/Average Reward,5.9700000,0.158
TD3 randT baseline,RL/Average Reward,5.9900000,0.164000002
TD3 randT baseline,RL/Average Reward,6.0100000,0.146000001
TD3 randT baseline,RL/Average Reward,6.0300000,0.136
TD3 randT baseline,RL/Average Reward,6.0500000,0.126000001
TD3 randT baseline,RL/Average Reward,6.0700000,0.12
TD3 randT baseline,RL/Average Reward,6.0900000,0.117999999
TD3 randT baseline,RL/Average Reward,6.1100000,0.119999999
TD3 randT baseline,RL/Average Reward,6.1300000,0.132000001
TD3 randT baseline,RL/Average Reward,6.1500000,0.140000001
TD3 randT baseline,RL/Average Reward,6.1700000,0.138
TD3 randT baseline,RL/Average Reward,6.1900000,0.133999999
TD3 randT baseline,RL/Average Reward,6.2100000,0.147999999
TD3 randT baseline,RL/Average Reward,6.2300000,0.145999998
TD3 randT baseline,RL/Average Reward,6.2500000,0.152
TD3 randT baseline,RL/Average Reward,6.2700000,0.152
TD3 randT baseline,RL/Average Reward,6.2900000,0.146000001
TD3 randT baseline,RL/Average Reward,6.3100000,0.130000001
TD3 randT baseline,RL/Average Reward,6.3300000,0.116000001
TD3 randT baseline,RL/Average Reward,6.3500000,0.117999999
TD3 randT baseline,RL/Average Reward,6.3700000,0.12
TD3 randT baseline,RL/Average Reward,6.3900000,0.136
TD3 randT baseline,RL/Average Reward,6.4100000,0.142
TD3 randT baseline,RL/Average Reward,6.4300000,0.147999999
TD3 randT baseline,RL/Average Reward,6.4500000,0.138
TD3 randT baseline,RL/Average Reward,6.4700000,0.141999999
TD3 randT baseline,RL/Average Reward,6.4900000,0.129999998
TD3 randT baseline,RL/Average Reward,6.5100000,0.121999998
TD3 randT baseline,RL/Average Reward,6.5300000,0.126000001
TD3 randT baseline,RL/Average Reward,6.5500000,0.136
TD3 randT baseline,RL/Average Reward,6.5700000,0.134000002
TD3 randT baseline,RL/Average Reward,6.5900000,0.132000002
TD3 randT baseline,RL/Average Reward,6.6100000,0.142000003
TD3 randT baseline,RL/Average Reward,6.6300000,0.140000002
TD3 randT baseline,RL/Average Reward,6.6500000,0.138000004
TD3 randT baseline,RL/Average Reward,6.6700000,0.134000002
TD3 randT baseline,RL/Average Reward,6.6900000,0.146000001
TD3 randT baseline,RL/Average Reward,6.7100000,0.139999999
TD3 randT baseline,RL/Average Reward,6.7300000,0.148
TD3 randT baseline,RL/Average Reward,6.7500000,0.152
TD3 randT baseline,RL/Average Reward,6.7700000,0.156000002
TD3 randT baseline,RL/Average Reward,6.7900000,0.160000004
TD3 randT baseline,RL/Average Reward,6.8100000,0.166000006
TD3 randT baseline,RL/Average Reward,6.8300000,0.174000004
TD3 randT baseline,RL/Average Reward,6.8500000,0.168000004
TD3 randT baseline,RL/Average Reward,6.8700000,0.168000004
TD3 randT baseline,RL/Average Reward,6.8900000,0.164000002
TD3 randT baseline,RL/Average Reward,6.9100000,0.168000001
TD3 randT baseline,RL/Average Reward,6.9300000,0.146000001
TD3 randT baseline,RL/Average Reward,6.9500000,0.144
TD3 randT baseline,RL/Average Reward,6.9700000,0.137999998
TD3 randT baseline,RL/Average Reward,6.9900000,0.136
TD3 randT baseline,RL/Average Reward,7.0100000,0.122
TD3 randT baseline,RL/Average Reward,7.0300000,0.118000001
TD3 randT baseline,RL/Average Reward,7.0500000,0.122000003
TD3 randT baseline,RL/Average Reward,7.0700000,0.126000004
TD3 randT baseline,RL/Average Reward,7.0900000,0.124000002
TD3 randT baseline,RL/Average Reward,7.1100000,0.146000001
TD3 randT baseline,RL/Average Reward,7.1300000,0.146000001
TD3 randT baseline,RL/Average Reward,7.1500000,0.144
TD3 randT baseline,RL/Average Reward,7.1700000,0.152000001
TD3 randT baseline,RL/Average Reward,7.1900000,0.148
TD3 randT baseline,RL/Average Reward,7.2100000,0.130000001
TD3 randT baseline,RL/Average Reward,7.2300000,0.142000002
TD3 randT baseline,RL/Average Reward,7.2500000,0.134000002
TD3 randT baseline,RL/Average Reward,7.2700000,0.145999999
TD3 randT baseline,RL/Average Reward,7.2900000,0.15
TD3 randT baseline,RL/Average Reward,7.3100000,0.152
TD3 randT baseline,RL/Average Reward,7.3300000,0.158
TD3 randT baseline,RL/Average Reward,7.3500000,0.163999999
TD3 randT baseline,RL/Average Reward,7.3700000,0.136
TD3 randT baseline,RL/Average Reward,7.3900000,0.144000001
TD3 randT baseline,RL/Average Reward,7.4100000,0.148000003
TD3 randT baseline,RL/Average Reward,7.4300000,0.144000001
TD3 randT baseline,RL/Average Reward,7.4500000,0.144000001
TD3 randT baseline,RL/Average Reward,7.4700000,0.148
TD3 randT baseline,RL/Average Reward,7.4900000,0.148
TD3 randT baseline,RL/Average Reward,7.5100000,0.127999999
TD3 randT baseline,RL/Average Reward,7.5300000,0.124
TD3 randT baseline,RL/Average Reward,7.5500000,0.134000003
TD3 randT baseline,RL/Average Reward,7.5700000,0.142000002
TD3 randT baseline,RL/Average Reward,7.5900000,0.128000001
TD3 randT baseline,RL/Average Reward,7.6100000,0.154000002
TD3 randT baseline,RL/Average Reward,7.6300000,0.154000002
TD3 randT baseline,RL/Average Reward,7.6500000,0.152000001
TD3 randT baseline,RL/Average Reward,7.6700000,0.154000002
TD3 randT baseline,RL/Average Reward,7.6900000,0.162000003
TD3 randT baseline,RL/Average Reward,7.7100000,0.152000001
TD3 randT baseline,RL/Average Reward,7.7300000,0.146000001
TD3 randT baseline,RL/Average Reward,7.7500000,0.134
TD3 randT baseline,RL/Average Reward,7.7700000,0.125999999
TD3 randT baseline,RL/Average Reward,7.7900000,0.125999999
TD3 randT baseline,RL/Average Reward,7.8100000,0.128
TD3 randT baseline,RL/Average Reward,7.8300000,0.122
TD3 randT baseline,RL/Average Reward,7.8500000,0.131999999
TD3 randT baseline,RL/Average Reward,7.8700000,0.144
TD3 randT baseline,RL/Average Reward,7.8900000,0.151999998
TD3 randT baseline,RL/Average Reward,7.9100000,0.165999997
TD3 randT baseline,RL/Average Reward,7.9300000,0.185999998
TD3 randT baseline,RL/Average Reward,7.9500000,0.181999999
TD3 randT baseline,RL/Average Reward,7.9700000,0.178
TD3 randT baseline,RL/Average Reward,7.9900000,0.174000001
TD3 randT baseline,RL/Average Reward,8.0100000,0.148000002
TD3 randT baseline,RL/Average Reward,8.0300000,0.142000002
TD3 randT baseline,RL/Average Reward,8.0500000,0.144000003
TD3 randT baseline,RL/Average Reward,8.0700000,0.146000004
TD3 randT baseline,RL/Average Reward,8.0900000,0.144000003
TD3 randT baseline,RL/Average Reward,8.1100000,0.150000003
TD3 randT baseline,RL/Average Reward,8.1300000,0.140000002
TD3 randT baseline,RL/Average Reward,8.1500000,0.138000001
TD3 randT baseline,RL/Average Reward,8.1700000,0.148
TD3 randT baseline,RL/Average Reward,8.1900000,0.156000002
TD3 randT baseline,RL/Average Reward,8.2100000,0.156000002
TD3 randT baseline,RL/Average Reward,8.2300000,0.154000002
TD3 randT baseline,RL/Average Reward,8.2500000,0.160000002
TD3 randT baseline,RL/Average Reward,8.2700000,0.130000001
TD3 randT baseline,RL/Average Reward,8.2900000,0.116
TD3 randT baseline,RL/Average Reward,8.3100000,0.130000001
TD3 randT baseline,RL/Average Reward,8.3300000,0.148000002
TD3 randT baseline,RL/Average Reward,8.3500000,0.140000001
TD3 randT baseline,RL/Average Reward,8.3700000,0.15
TD3 randT baseline,RL/Average Reward,8.3900000,0.15
TD3 randT baseline,RL/Average Reward,8.4100000,0.139999998
TD3 randT baseline,RL/Average Reward,8.4300000,0.129999995
TD3 randT baseline,RL/Average Reward,8.4500000,0.131999996
TD3 randT baseline,RL/Average Reward,8.4700000,0.131999996
TD3 randT baseline,RL/Average Reward,8.4900000,0.129999997
TD3 randT baseline,RL/Average Reward,8.5100000,0.143999998
TD3 randT baseline,RL/Average Reward,8.5300000,0.136
TD3 randT baseline,RL/Average Reward,8.5500000,0.133999999
TD3 randT baseline,RL/Average Reward,8.5700000,0.133999999
TD3 randT baseline,RL/Average Reward,8.5900000,0.133999999
TD3 randT baseline,RL/Average Reward,8.6100000,0.117999998
TD3 randT baseline,RL/Average Reward,8.6300000,0.135999998
TD3 randT baseline,RL/Average Reward,8.6500000,0.151999998
TD3 randT baseline,RL/Average Reward,8.6700000,0.151999998
TD3 randT baseline,RL/Average Reward,8.6900000,0.153999998
TD3 randT baseline,RL/Average Reward,8.7100000,0.151999998
TD3 randT baseline,RL/Average Reward,8.7300000,0.149999997
TD3 randT baseline,RL/Average Reward,8.7500000,0.135999998
TD3 randT baseline,RL/Average Reward,8.7700000,0.135999998
TD3 randT baseline,RL/Average Reward,8.7900000,0.128
TD3 randT baseline,RL/Average Reward,8.8100000,0.131999999
TD3 randT baseline,RL/Average Reward,8.8300000,0.141999999
TD3 randT baseline,RL/Average Reward,8.8500000,0.131999999
TD3 randT baseline,RL/Average Reward,8.8700000,0.136000001
TD3 randT baseline,RL/Average Reward,8.8900000,0.146000001
TD3 randT baseline,RL/Average Reward,8.9100000,0.154000002
TD3 randT baseline,RL/Average Reward,8.9300000,0.144000003
TD3 randT baseline,RL/Average Reward,8.9500000,0.152000001
TD3 randT baseline,RL/Average Reward,8.9700000,0.145999999
TD3 randT baseline,RL/Average Reward,8.9900000,0.149999999
TD3 randT baseline,RL/Average Reward,9.0100000,0.135999998
TD3 randT baseline,RL/Average Reward,9.0300000,0.123999998
TD3 randT baseline,RL/Average Reward,9.0500000,0.134
TD3 randT baseline,RL/Average Reward,9.0700000,0.136
TD3 randT baseline,RL/Average Reward,9.0900000,0.145999999
TD3 randT baseline,RL/Average Reward,9.1100000,0.157999998
TD3 randT baseline,RL/Average Reward,9.1300000,0.166
TD3 randT baseline,RL/Average Reward,9.1500000,0.161999997
TD3 randT baseline,RL/Average Reward,9.1700000,0.169999999
TD3 randT baseline,RL/Average Reward,9.1900000,0.166
TD3 randT baseline,RL/Average Reward,9.2100000,0.152000001
TD3 randT baseline,RL/Average Reward,9.2300000,0.152000001
TD3 randT baseline,RL/Average Reward,9.2500000,0.146000001
TD3 randT baseline,RL/Average Reward,9.2700000,0.138
TD3 randT baseline,RL/Average Reward,9.2900000,0.131999999
TD3 randT baseline,RL/Average Reward,9.3100000,0.133999999
TD3 randT baseline,RL/Average Reward,9.3300000,0.125999998
TD3 randT baseline,RL/Average Reward,9.3500000,0.125999998
TD3 randT baseline,RL/Average Reward,9.3700000,0.13
TD3 randT baseline,RL/Average Reward,9.3900000,0.136
TD3 randT baseline,RL/Average Reward,9.4100000,0.136
TD3 randT baseline,RL/Average Reward,9.4300000,0.150000001
TD3 randT baseline,RL/Average Reward,9.4500000,0.150000001
TD3 randT baseline,RL/Average Reward,9.4700000,0.161999999
TD3 randT baseline,RL/Average Reward,9.4900000,0.154000001
TD3 randT baseline,RL/Average Reward,9.5100000,0.166
TD3 randT baseline,RL/Average Reward,9.5300000,0.163999999
TD3 randT baseline,RL/Average Reward,9.5500000,0.163999999
TD3 randT baseline,RL/Average Reward,9.5700000,0.153999999
TD3 randT baseline,RL/Average Reward,9.5900000,0.157999998
TD3 randT baseline,RL/Average Reward,9.6100000,0.151999998
TD3 randT baseline,RL/Average Reward,9.6300000,0.143999997
TD3 randT baseline,RL/Average Reward,9.6500000,0.143999997
TD3 randT baseline,RL/Average Reward,9.6700000,0.133999997
TD3 randT baseline,RL/Average Reward,9.6900000,0.119999997
TD3 randT baseline,RL/Average Reward,9.7100000,0.131999998
TD3 randT baseline,RL/Average Reward,9.7300000,0.131999998
TD3 randT baseline,RL/Average Reward,9.7500000,0.137999998
TD3 randT baseline,RL/Average Reward,9.7700000,0.145999999
TD3 randT baseline,RL/Average Reward,9.7900000,0.157999998
TD3 randT baseline,RL/Average Reward,9.8100000,0.138
TD3 randT baseline,RL/Average Reward,9.8300000,0.144
TD3 randT baseline,RL/Average Reward,9.8500000,0.152000001
TD3 randT baseline,RL/Average Reward,9.8700000,0.156
TD3 randT baseline,RL/Average Reward,9.8900000,0.148
TD3 randT baseline,RL/Average Reward,9.9100000,0.160000001
TD3 randT baseline,RL/Average Reward,9.9300000,0.160000001
TD3 randT baseline,RL/Average Reward,9.9500000,0.140000001
TD3 randT baseline,RL/Average Reward,9.9700000,0.134
TD3 randT baseline,RL/Average Reward,9.9900000,0.138000001
TD3 randT baseline,RL/Average Reward,10.0100000,0.136
