{
  "name": "hold0015_R3",
  "start_checkpoint": "scheduling_experiment/fixed2randT_replayHJB_7Mto10M_restart2/round_001/back002to0015_R2/train/0630_1958_back002to0015_R2_seed_1/ckpt-9000000",
  "start_itr": 9000000,
  "checkpoint": "/home/ubuntu-root/hoshino/ProbReachPIRL/ProbReachPIRL/scheduling_experiment/fixed2randT_replayHJB_7Mto10M_restart2/round_002/hold0015_R3/train/0701_0606_hold0015_R3_seed_1/ckpt-10000000",
  "target_updates": 10000000,
  "candidate": {
    "name": "hold0015_R3",
    "start_checkpoint": "scheduling_experiment/fixed2randT_replayHJB_7Mto10M_restart2/round_001/back002to0015_R2/train/0630_1958_back002to0015_R2_seed_1/ckpt-9000000",
    "schedule_initial": [
      1.0,
      0.0015,
      0.0015
    ],
    "schedule_final": [
      1.0,
      0.0015,
      0.0015
    ],
    "schedule_center": 500000,
    "schedule_sharpness": 1e-05
  },
  "mc_metrics": {
    "beta_r": {
      "mean_abs_mc_v": 0.1218,
      "max_abs_mc_v": 0.9974,
      "mean_mc": 0.4236,
      "mean_v": 0.3023
    },
    "ey_epsi": {
      "mean_abs_mc_v": 0.1014,
      "max_abs_mc_v": 0.9123,
      "mean_mc": 0.592,
      "mean_v": 0.4932
    }
  },
  "tensorboard_last": {
    "RL/Average Reward": 0.23999999463558197,
    "Loss/RL": 0.0031980506610125303,
    "Loss/HJB": 1.2589164972305298,
    "Loss/HJB_replay": 0.19616086781024933,
    "Loss/BDR": 0.10964590311050415,
    "Weights/RL": 1.0,
    "Weights/HJB": 0.001500000013038516,
    "Weights/BDR": 0.001500000013038516
  }
}
