{
  "name": "back002to0015_R2",
  "start_checkpoint": "scheduling_experiment/fixed2randT_replayHJB_7Mto10M_restart2/round_000/hold0002_R1/train/0630_0945_hold0002_R1_seed_1/ckpt-8000000",
  "start_itr": 8000000,
  "checkpoint": "/home/ubuntu-root/hoshino/ProbReachPIRL/ProbReachPIRL/scheduling_experiment/fixed2randT_replayHJB_7Mto10M_restart2/round_001/back002to0015_R2/train/0630_1958_back002to0015_R2_seed_1/ckpt-9000000",
  "target_updates": 9000000,
  "candidate": {
    "name": "back002to0015_R2",
    "start_checkpoint": "scheduling_experiment/fixed2randT_replayHJB_7Mto10M_restart2/round_000/hold0002_R1/train/0630_0945_hold0002_R1_seed_1/ckpt-8000000",
    "schedule_initial": [
      1.0,
      0.002,
      0.002
    ],
    "schedule_final": [
      1.0,
      0.0015,
      0.0015
    ],
    "schedule_center": 500000,
    "schedule_sharpness": 1e-05
  },
  "mc_metrics": {
    "beta_r": {
      "mean_abs_mc_v": 0.1211,
      "max_abs_mc_v": 0.9971,
      "mean_mc": 0.4179,
      "mean_v": 0.2982
    },
    "ey_epsi": {
      "mean_abs_mc_v": 0.0921,
      "max_abs_mc_v": 0.793,
      "mean_mc": 0.5851,
      "mean_v": 0.4993
    }
  },
  "tensorboard_last": {
    "RL/Average Reward": 0.1899999976158142,
    "Loss/RL": 0.00684919860213995,
    "Loss/HJB": 0.6278238296508789,
    "Loss/HJB_replay": 0.1607547253370285,
    "Loss/BDR": 0.14181077480316162,
    "Weights/RL": 1.0,
    "Weights/HJB": 0.001500000013038516,
    "Weights/BDR": 0.001500000013038516
  }
}
