{
  "name": "backoff005to002",
  "start_checkpoint": "scheduling_experiment/fixed2randT_replayHJB_5Mto10M/round_000/ramp0to005/train/0625_1823_ramp0to005_seed_1/ckpt-6000000",
  "start_itr": 6000000,
  "checkpoint": "/home/ubuntu-root/hoshino/ProbReachPIRL/ProbReachPIRL/scheduling_experiment/fixed2randT_replayHJB_5Mto10M/round_001/backoff005to002/train/0626_0419_backoff005to002_seed_1/ckpt-7000000",
  "target_updates": 7000000,
  "candidate": {
    "name": "backoff005to002",
    "start_checkpoint": "scheduling_experiment/fixed2randT_replayHJB_5Mto10M/round_000/ramp0to005/train/0625_1823_ramp0to005_seed_1/ckpt-6000000",
    "schedule_initial": [
      1.0,
      0.05,
      0.05
    ],
    "schedule_final": [
      1.0,
      0.02,
      0.02
    ],
    "schedule_center": 500000,
    "schedule_sharpness": 1e-05
  },
  "mc_metrics": {
    "beta_r": {
      "mean_abs_mc_v": 0.0081,
      "max_abs_mc_v": 0.8856,
      "mean_mc": 0.0246,
      "mean_v": 0.0269
    },
    "ey_epsi": {
      "mean_abs_mc_v": 0.002,
      "max_abs_mc_v": 0.2503,
      "mean_mc": 0.0125,
      "mean_v": 0.0143
    }
  },
  "tensorboard_last": {
    "RL/Average Reward": 0.019999999552965164,
    "Loss/RL": 2.252819285786245e-05,
    "Loss/HJB": 0.16374939680099487,
    "Loss/HJB_replay": 0.005624136887490749,
    "Loss/BDR": 0.0007873493013903499,
    "Weights/RL": 1.0,
    "Weights/HJB": 0.019999999552965164,
    "Weights/BDR": 0.019999999552965164
  }
}
