{
  "name": "backoff0005",
  "start_checkpoint": "scheduling_experiment/fixed2randT_replayHJB_5Mto10M_restart/round_000/ramp0to0001/train/0626_1710_ramp0to0001_seed_1/ckpt-6000000",
  "start_itr": 6000000,
  "checkpoint": "/home/ubuntu-root/hoshino/ProbReachPIRL/ProbReachPIRL/scheduling_experiment/fixed2randT_replayHJB_5Mto10M_restart/round_002/backoff0005/train/0627_1217_backoff0005_seed_1/ckpt-7000000",
  "target_updates": 7000000,
  "candidate": {
    "name": "backoff0005",
    "start_checkpoint": "scheduling_experiment/fixed2randT_replayHJB_5Mto10M_restart/round_000/ramp0to0001/train/0626_1710_ramp0to0001_seed_1/ckpt-6000000",
    "schedule_initial": [
      1.0,
      0.001,
      0.001
    ],
    "schedule_final": [
      1.0,
      0.0005,
      0.0005
    ],
    "schedule_center": 500000,
    "schedule_sharpness": 1e-05
  },
  "mc_metrics": {
    "beta_r": {
      "mean_abs_mc_v": 0.1178,
      "max_abs_mc_v": 0.9965,
      "mean_mc": 0.4125,
      "mean_v": 0.2952
    },
    "ey_epsi": {
      "mean_abs_mc_v": 0.0975,
      "max_abs_mc_v": 0.8352,
      "mean_mc": 0.5849,
      "mean_v": 0.4942
    }
  },
  "tensorboard_last": {
    "RL/Average Reward": 0.1899999976158142,
    "Loss/RL": 0.007639835588634014,
    "Loss/HJB": 0.9151854515075684,
    "Loss/HJB_replay": 0.5165854692459106,
    "Loss/BDR": 0.2724255323410034,
    "Weights/RL": 1.0,
    "Weights/HJB": 0.0005000000237487257,
    "Weights/BDR": 0.0005000000237487257
  }
}
