{
  "name": "ramp001to00125_9m",
  "start_checkpoint": "/home/user/hoshino/ProbReachPIRL/ProbReachPIRL/scheduling_experiment/randT_replayHJB_5Mto10M/round_003/const001_8m/train/0627_1730_const001_8m_seed_1/ckpt-9000000",
  "start_itr": 9000000,
  "checkpoint": "/home/user/hoshino/ProbReachPIRL/ProbReachPIRL/scheduling_experiment/randT_replayHJB_5Mto10M/round_005/ramp001to00125_9m/train/0628_1913_ramp001to00125_9m_seed_1/ckpt-10000000",
  "target_updates": 10000000,
  "candidate": {
    "name": "ramp001to00125_9m",
    "start_checkpoint": "/home/user/hoshino/ProbReachPIRL/ProbReachPIRL/scheduling_experiment/randT_replayHJB_5Mto10M/round_003/const001_8m/train/0627_1730_const001_8m_seed_1/ckpt-9000000",
    "schedule_initial": [
      1.0,
      0.01,
      0.01
    ],
    "schedule_final": [
      1.0,
      0.0125,
      0.0125
    ],
    "schedule_center": 500000,
    "schedule_sharpness": 1e-05
  },
  "mc_metrics": {
    "beta_r": {
      "mean_abs_mc_v": 0.0777,
      "max_abs_mc_v": 0.9174,
      "mean_mc": 0.2335,
      "mean_v": 0.1577
    },
    "ey_epsi": {
      "mean_abs_mc_v": 0.1102,
      "max_abs_mc_v": 0.856,
      "mean_mc": 0.5739,
      "mean_v": 0.4702
    }
  },
  "tensorboard_last": {
    "RL/Average Reward": 0.15000000596046448,
    "Loss/RL": 0.0027049933560192585,
    "Loss/HJB": 0.09423785656690598,
    "Loss/HJB_replay": 0.04764755070209503,
    "Loss/BDR": 0.01726534590125084,
    "Weights/RL": 1.0,
    "Weights/HJB": 0.012500000186264515,
    "Weights/BDR": 0.012500000186264515
  }
}
